trase_code,uml_id,group,company,mill_name,latitude,longitude,capacity_tonnes_ffb_hour,status,earliest_year_of_existence,earliest_year_of_existence_source,kabupaten_name,kabupaten_trase_id,province_name
M-00001,PO1000004269,SUMBER TANI HARAPAN (STH),ABDI BUDI MULIA,ABDI BUDI MULIA 1,2.05244675,100.25311,60,Operating,1999,"Mill known to exist in 1999 (source: Taib, Gunatif (2000), Kajian Pengembangan Industri Crude Palm Oil Skala Kecil (Studi Kasus Pengembangan Industri Crude Palm Oil di Sumatera Barat), http://repository.ipb.ac.id/handle/123456789/5044)",LABUHAN BATU SELATAN,ID-1222,SUMATERA UTARA
M-00002,PO1000008154,SUMBER TANI HARAPAN (STH),ABDI BUDI MULIA,ABDI BUDI MULIA 2,2.112375117,100.2730978,45,Operating,2016,"Earliest year mill found to exist based on photo-interpretation of high-resolution satellite imagery, manufacturing census data, traceability reports and other secondary sources (or combination of these sources)",LABUHAN BATU SELATAN,ID-1222,SUMATERA UTARA
M-00003,PO1000008417,UNKNOWN,PALM LAMPUNG PERSADA,PALM LAMPUNG PERSADA,-4.374613829,104.5994974,60,Operating,2009,Establishment year imputed based on Dinas Perkebunan Plantation Statistics reports (e.g. first year a mill appears in a Dinas Perkebunan Plantation Statistics report),WAY KANAN,ID-1807,LAMPUNG
M-00006,PO1000004351,ADIMULIA,ADIMULIA AGROLESTARI,ADIMULIA AGROLESTARI,-0.110303437,101.3869601,30,Operating,1999,"Mill known to exist in 1999 (source: Taib, Gunatif (2000), Kajian Pengembangan Industri Crude Palm Oil Skala Kecil (Studi Kasus Pengembangan Industri Crude Palm Oil di Sumatera Barat), http://repository.ipb.ac.id/handle/123456789/5044)",KUANTAN SINGINGI,ID-1401,RIAU
M-00007,PO1000007616,INCASI RAYA (GUNAS),SUMATERA JAYA AGRO LESTARI,TOBA,-0.410197115,110.182517,60,Operating,2013,Establishment year based on other government record of establishment (e.g. Permit database),SANGGAU,ID-6105,KALIMANTAN BARAT
M-00008,PO1000000284,SAMPOERNA AGRO,AEK TARUM,BELIDA,-3.838334315,104.9719797,60,Operating,1996,"Establishment year based off secondary sources (e.g. website, corporate report, etc)",OGAN KOMERING ILIR,ID-1602,SUMATERA SELATAN
M-00009,PO1000004554,UNKNOWN,AGRI ANDALAS,DERMAYU,-3.99753277,102.4291527,30,Operating,1999,"Mill known to exist in 1999 (source: Taib, Gunatif (2000), Kajian Pengembangan Industri Crude Palm Oil Skala Kecil (Studi Kasus Pengembangan Industri Crude Palm Oil di Sumatera Barat), http://repository.ipb.ac.id/handle/123456789/5044)",SELUMA,ID-1705,BENGKULU
M-00010,PO1000004072,UNKNOWN,AGRICINAL,AGRICINAL,-3.200968788,101.6297859,45,Operating,1999,"Mill known to exist in 1999 (source: Taib, Gunatif (2000), Kajian Pengembangan Industri Crude Palm Oil Skala Kecil (Studi Kasus Pengembangan Industri Crude Palm Oil di Sumatera Barat), http://repository.ipb.ac.id/handle/123456789/5044)",BENGKULU UTARA,ID-1703,BENGKULU
M-00011,PO1000006188,GOODHOPE,AGRO INDOMAS,BUMI JAYA,-1.015181968,116.689629,45,Operating,2015,Establishment year imputed based on Dinas Perkebunan Plantation Statistics reports (e.g. first year a mill appears in a Dinas Perkebunan Plantation Statistics report),PENAJAM PASER UTARA,ID-6409,KALIMANTAN TIMUR
M-00012,PO1000010073,KALIMANTAN PLANTATION UNIT (KPU),ADITYA AGROINDO,SIMPANG HULU BARAT,-0.4393,110.23474,60,Operating,2015,"Establishment year based off secondary sources (e.g. website, corporate report, etc)",KETAPANG,ID-6106,KALIMANTAN BARAT
M-00014,PO1000007533,KPN CORP,WAWASAN KEBUN NUSANTARA,SUNGAI KUMBAH,1.267897021,109.8158151,45,Operating,2016,"Establishment year based off secondary sources (e.g. website, corporate report, etc)",BENGKAYANG,ID-6102,KALIMANTAN BARAT
M-00016,PO1000004475,WILMAR,AGRONUSA INVESTAMA,PAHOMAN,0.274499077,109.7314327,30,Operating,2011,Establishment year imputed based on Dinas Perkebunan Plantation Statistics reports (e.g. first year a mill appears in a Dinas Perkebunan Plantation Statistics report),LANDAK,ID-6103,KALIMANTAN BARAT
M-00017,PO1000004392,SARIMAS,AGRO SARIMAS INDONESIA,AGRO SARIMAS INDONESIA,-0.516701989,102.9204765,45,Operating,2008,Establishment year imputed based on Dinas Perkebunan Plantation Statistics reports (e.g. first year a mill appears in a Dinas Perkebunan Plantation Statistics report),INDRAGIRI HILIR,ID-1403,RIAU
M-00018,PO1000008386,UNKNOWN,AGRO WIJAYA INDUSTRI,AGRO WIJAYA INDUSTRI,-1.760682525,102.2437625,45,Operating,2017,"Establishment year based off secondary sources (e.g. website, corporate report, etc)",MERANGIN,ID-1502,JAMBI
M-00019,PO1000008158,UNKNOWN,AGRO WIRA LIGATSA,AGRO WIRA LIGATSA,0.224446206,99.7158408,30,Operating,2015,"Establishment year based off secondary sources (e.g. website, corporate report, etc)",PASAMAN BARAT,ID-1312,SUMATERA BARAT
M-00020,PO1000001637,SINAR MAS,AGRO LESTARI MANDIRI,PEKAWAI,-1.519484673,110.4586908,60,Operating,2010,"Establishment year based off secondary sources (e.g. website, corporate report, etc)",KETAPANG,ID-6106,KALIMANTAN BARAT
M-00022,PO1000004218,UNKNOWN,AGUNG AGRO LESTARI,AGUNG AGRO LESTARI,2.540028507,99.88342475,45,Operating,2008,"Earliest year mill found to exist based on photo-interpretation of high-resolution satellite imagery, manufacturing census data, traceability reports and other secondary sources (or combination of these sources)",LABUHAN BATU UTARA,ID-1223,SUMATERA UTARA
M-00023,PO1000004217,BAKRIE,GRAHADURA LEIDONGPRIMA,LEIDONG MAKMUR,2.584444247,99.78526212,30,Operating,2004,"Mill known to exist in 2004 (source: Golder Associates (2006). Appendix VIII: Summary of Renewable Potential in Indonesia POM, Retrieved October 10, 2018, http://www.adb.org/Documents/Reports/Consulta nt/46557-INO/36557-INO-TACR- AppendixVIII.pdf)",LABUHAN BATU UTARA,ID-1223,SUMATERA UTARA
M-00025,PO1000004842,UNKNOWN,ANEKA PURA MULTI KERTA,KAMPUNG BARU,-1.079988593,103.0069682,30,Operating,2012,Establishment year imputed based on Dinas Perkebunan Plantation Statistics reports (e.g. first year a mill appears in a Dinas Perkebunan Plantation Statistics report),TANJUNG JABUNG BARAT,ID-1507,JAMBI
M-00026,PO1000007627,ANGLO-EASTERN PLANTATION (AEP),SAWIT GRAHA MANUNGGAL,SAWIT GRAHA MANUNGGAL,-2.07272,115.06854,90,Operating,2015,Establishment year based on dinas perkebunan record of establishment (e.g. Dinas Perkebunan Plantation Statistics report of establishment dates),BARITO TIMUR,ID-6212,KALIMANTAN TENGAH
M-00027,PO1000004942,ANGLO-EASTERN PLANTATION (AEP),MITRA PUDING MAS,MITRA PUDING MAS,-3.134565272,101.6015438,80,Operating,2002,"Establishment year based off secondary sources (e.g. website, corporate report, etc)",BENGKULU UTARA,ID-1703,BENGKULU
M-00028,PO1000004215,ANGLO-EASTERN PLANTATION (AEP),ALNO AGRO UTAMA,SUMIDO,-3.132413407,101.8769195,60,Operating,2010,"Establishment year based off secondary sources (e.g. website, corporate report, etc)",BENGKULU UTARA,ID-1703,BENGKULU
M-00029,PO1000004419,ANGLO-EASTERN PLANTATION (AEP),BINA FITRI JAYA,BINA FITRI JAYA,0.809229071,101.2775429,60,Operating,2007,"Establishment year based off secondary sources (e.g. website, corporate report, etc)",SIAK,ID-1405,RIAU
M-00030,PO1000004476,ANGLO-EASTERN PLANTATION (AEP),TASIK RAJA,TASIK RAJA,1.669279923,100.1615075,80,Operating,1991,"Establishment year based off secondary sources (e.g. website, corporate report, etc)",LABUHAN BATU SELATAN,ID-1222,SUMATERA UTARA
M-00031,PO1000004344,ANGLO-EASTERN PLANTATION (AEP),UNITED KINGDOM INDONESIA PLANTATION,BLANKAHAN,3.494876376,98.39794084,45,Operating,2004,"Establishment year based off secondary sources (e.g. website, corporate report, etc)",LANGKAT,ID-1213,SUMATERA UTARA
M-00033,PO1000004116,DHANISTHA SURYA NUSANTARA,ANTANG GANDA UTAMA,BUTONG,-1.11326401,114.8877118,60,Operating,1996,Establishment year based on dinas perkebunan record of establishment (e.g. Dinas Perkebunan Plantation Statistics report of establishment dates),BARITO UTARA,ID-6205,KALIMANTAN TENGAH
M-00034,PO1000004078,SUPERVENTURE,BUMI MENTARI KARYA,BUMI MENTARI KARYA,-2.875684921,101.423835,45,Operating,2006,"Establishment year based off secondary sources (e.g. website, corporate report, etc)",MUKO-MUKO,ID-1706,BENGKULU
M-00035,PO1000004403,SUPERVENTURE,BUMI MENTARI KARYA,KAMPAR,0.624844799,101.1396888,45,Operating,2005,Establishment year imputed based on Dinas Perkebunan Plantation Statistics reports (e.g. first year a mill appears in a Dinas Perkebunan Plantation Statistics report),KAMPAR,ID-1406,RIAU
M-00036,PO1000006222,SUPERVENTURE,KEMILAU PERMATA SAWIT,TAPAN,-2.201520558,101.0890101,60,Operating,2014,"Establishment year based off secondary sources (e.g. website, corporate report, etc)",PESISIR SELATAN,ID-1302,SUMATERA BARAT
M-00037,PO1000004110,SUPERVENTURE,MITRA SAWIT JAMBI,MITRA SAWIT JAMBI,-1.317021574,103.0866297,45,Operating,2003,Establishment year imputed based on Dinas Perkebunan Plantation Statistics reports (e.g. first year a mill appears in a Dinas Perkebunan Plantation Statistics report),TANJUNG JABUNG BARAT,ID-1507,JAMBI
M-00039,PO1000004576,UNKNOWN,ANUGRAH FAJAR REZEKI,ANUGRAH FAJAR REZEKI,4.57298126,97.90862625,30,Operating,2014,"Establishment year based off secondary sources (e.g. website, corporate report, etc)",ACEH TIMUR,ID-1105,ACEH
M-00040,PO1000008388,UNKNOWN,AGRO SERASI LESTARI,AGRO SERASI LESTARI,2.706581,99.618478,45,Operating,2013,"Establishment year based off secondary sources (e.g. website, corporate report, etc)",ASAHAN,ID-1208,SUMATERA UTARA
M-00041,PO1000004575,SUPERVENTURE,ANUGERAH PELANGI SUKSES,ANUGERAH PELANGI SUKSES,-4.560968852,103.1137341,45,Operating,2015,Establishment year imputed based on Dinas Perkebunan Plantation Statistics reports (e.g. first year a mill appears in a Dinas Perkebunan Plantation Statistics report),KAUR,ID-1704,BENGKULU
M-00042,PO1000007457,ANUGERAH TANI MAKMUR,ANUGERAH TANI MAKMUR,ANUGERAH TANI MAKMUR,0.536222,101.602024,45,Operating,2016,Establishment year imputed based on Dinas Perkebunan Plantation Statistics reports (e.g. first year a mill appears in a Dinas Perkebunan Plantation Statistics report),SIAK,ID-1405,RIAU
M-00043,PO1000004513,TRIBUANA GLOBAL,ANUGRAH TANJUNG MEDAN,ANUGRAH TANJUNG MEDAN,2.062311524,100.1471838,30,Operating,2013,"Earliest year mill found to exist based on photo-interpretation of high-resolution satellite imagery, manufacturing census data, traceability reports and other secondary sources (or combination of these sources)",LABUHAN BATU SELATAN,ID-1222,SUMATERA UTARA
M-00044,PO1000002631,FIRST RESOURCES,ARINDO TRISEJAHTERA,ARINDO TRISEJAHTERA,0.580230126,100.9254137,45,Operating,1998,Establishment year imputed based on Dinas Perkebunan Plantation Statistics reports (e.g. first year a mill appears in a Dinas Perkebunan Plantation Statistics report),KAMPAR,ID-1406,RIAU
M-00045,PO1000007549,FIRST BORNEO PLANTATIONS (FBP),ARJUNA UTAMA SAWIT,ARJUNA UTAMA SAWIT,-2.253390429,113.3793637,45,Operating,2015,Establishment year based on dinas perkebunan record of establishment (e.g. Dinas Perkebunan Plantation Statistics report of establishment dates),KATINGAN,ID-6209,KALIMANTAN TENGAH
M-00046,PO1000004214,ASAM JAWA,SAPTA KARYA DAMAI,SAPTA KARYA DAMAI,-2.58287,112.62698,60,Operating,2009,Establishment year based on dinas perkebunan record of establishment (e.g. Dinas Perkebunan Plantation Statistics report of establishment dates),KOTAWARINGIN TIMUR,ID-6202,KALIMANTAN TENGAH
M-00047,PO1000008170,MUSIRAWAS,MUSIRAWAS CITRA HARPINDO,PKS 2,-2.449909836,112.2130869,60,Operating,2011,Establishment year based on dinas perkebunan record of establishment (e.g. Dinas Perkebunan Plantation Statistics report of establishment dates),SERUYAN,ID-6208,KALIMANTAN TENGAH
M-00048,PO1000004192,MUSIRAWAS,MUSIRAWAS CITRA HARPINDO,PKS 1,-2.397714496,112.2236693,30,Operating,2001,Establishment year based on dinas perkebunan record of establishment (e.g. Dinas Perkebunan Plantation Statistics report of establishment dates),SERUYAN,ID-6208,KALIMANTAN TENGAH
M-00049,PO1000004931,MAHITALA INGKENG GEMAH (MIG),SWADAYA SAPTA PUTRA,SWADAYA SAPTA PUTRA,-1.993683,112.831683,45,Operating,2009,Establishment year based on dinas perkebunan record of establishment (e.g. Dinas Perkebunan Plantation Statistics report of establishment dates),KOTAWARINGIN TIMUR,ID-6202,KALIMANTAN TENGAH
M-00050,PO1000008591,MUSIRAWAS,UNI PRIMACOM,UNI PRIMACOM PKS 1,-1.943682766,112.7286586,20,Operating,2005,Establishment year based on dinas perkebunan record of establishment (e.g. Dinas Perkebunan Plantation Statistics report of establishment dates),KOTAWARINGIN TIMUR,ID-6202,KALIMANTAN TENGAH
M-00051,PO1000009022,MUSIRAWAS,UNI PRIMACOM,UNI PRIMACOM PKS 2,-1.861798569,112.7206596,45,Operating,2014,Establishment year based on dinas perkebunan record of establishment (e.g. Dinas Perkebunan Plantation Statistics report of establishment dates),KOTAWARINGIN TIMUR,ID-6202,KALIMANTAN TENGAH
M-00052,PO1000004500,ASAM JAWA,ASAM JAWA,ASAM JAWA,1.900209526,100.1863786,60,Operating,1987,"Establishment year based off secondary sources (e.g. website, corporate report, etc)",LABUHAN BATU SELATAN,ID-1222,SUMATERA UTARA
M-00053,PO1000007468,SK PLUS,ASIA SAWIT LESTARI,ASIA SAWIT LESTARI,-1.837258827,103.3778601,45,Operating,2015,"Establishment year based off secondary sources (e.g. website, corporate report, etc)",BATANG HARI,ID-1504,JAMBI
M-00054,PO1000004315,SUPERVENTURE,ASIA SAWIT MAKMUR JAYA,ASIA SAWIT MAKMUR JAYA,-0.48549,101.45201,45,Operating,2006,"Establishment year based off secondary sources (e.g. website, corporate report, etc)",KUANTAN SINGINGI,ID-1401,RIAU
M-00056,PO1000006173,ROYAL GOLDEN EAGLE,INTI INDOSAWIT SUBUR,TANJUNG PAUH,-0.098462075,101.2976458,45,Operating,2012,Establishment year imputed based on Dinas Perkebunan Plantation Statistics reports (e.g. first year a mill appears in a Dinas Perkebunan Plantation Statistics report),KUANTAN SINGINGI,ID-1401,RIAU
M-00058,PO1000004265,SUPERVENTURE,SINAR SAWIT SUBUR LESTARI,SINAR SAWIT SUBUR LESTARI,1.588816476,99.87288309,60,Operating,2012,"Earliest year mill found to exist based on photo-interpretation of high-resolution satellite imagery, manufacturing census data, traceability reports and other secondary sources (or combination of these sources)",PADANG LAWAS UTARA,ID-1220,SUMATERA UTARA
M-00059,PO1000004266,NAGAMAS,DJAYA GLOBALINDO SENTOSA,DJAYA GLOBALINDO SENTOSA,1.695520092,101.0430114,30,Operating,2013,Establishment year imputed based on Dinas Perkebunan Plantation Statistics reports (e.g. first year a mill appears in a Dinas Perkebunan Plantation Statistics report),ROKAN HILIR,ID-1409,RIAU
M-00060,PO1000002607,ROYAL GOLDEN EAGLE,INDO SEPADAN JAYA,TANJUNG SELAMAT,2.12798279,100.0023763,45,Operating,1999,"Mill known to exist in 1999 (source: Taib, Gunatif (2000), Kajian Pengembangan Industri Crude Palm Oil Skala Kecil (Studi Kasus Pengembangan Industri Crude Palm Oil di Sumatera Barat), http://repository.ipb.ac.id/handle/123456789/5044)",LABUHAN BATU,ID-1207,SUMATERA UTARA
M-00061,PO1000004228,ASTRA AGRO LESTARI,SUBUR AGRO MAKMUR,SUBUR AGRO MAKMUR,-2.652922055,114.9708108,45,Operating,2012,Establishment year imputed based on Dinas Perkebunan Plantation Statistics reports (e.g. first year a mill appears in a Dinas Perkebunan Plantation Statistics report),HULU SUNGAI SELATAN,ID-6306,KALIMANTAN SELATAN
M-00062,PO1000004179,ASTRA AGRO LESTARI,GUNUNG SEJAHTERA IBU PERTIWI,GUNUNG SEJAHTERA IBU PERTIWI,-2.377288872,111.792925,60,Operating,1997,Establishment year based on dinas perkebunan record of establishment (e.g. Dinas Perkebunan Plantation Statistics report of establishment dates),KOTAWARINGIN BARAT,ID-6201,KALIMANTAN TENGAH
M-00063,PO1000004176,ASTRA AGRO LESTARI,GUNUNG SEJAHTERA PUTI PESONA,GUNUNG SEJAHTERA PUTI PESONA,-2.365603909,111.9551152,60,Operating,2002,Establishment year based on dinas perkebunan record of establishment (e.g. Dinas Perkebunan Plantation Statistics report of establishment dates),KOTAWARINGIN BARAT,ID-6201,KALIMANTAN TENGAH
M-00064,PO1000004165,ASTRA AGRO LESTARI,GUNUNG SEJAHTERA DUA INDAH,GUNUNG SEJAHTERA DUA INDAH,-2.30085,111.837333,60,Operating,2005,Establishment year based on dinas perkebunan record of establishment (e.g. Dinas Perkebunan Plantation Statistics report of establishment dates),KOTAWARINGIN BARAT,ID-6201,KALIMANTAN TENGAH
M-00065,PO1000004156,ASTRA AGRO LESTARI,SURYARAYA LESTARI,SURYARAYA LESTARI 2,-2.115465,119.256649,60,Operating,2007,"Establishment year based off secondary sources (e.g. website, corporate report, etc)",MAMUJU TENGAH,ID-7606,SULAWESI BARAT
M-00068,PO1000004093,ASTRA AGRO LESTARI,AGRO NUSA ABADI,AGRO NUSA ABADI,-2.129894,121.484959,45,Operating,2013,"Establishment year based off secondary sources (e.g. website, corporate report, etc)",MOROWALI UTARA,ID-7212,SULAWESI TENGAH
M-00069,PO1000004932,ASTRA AGRO LESTARI,NIRMALA AGRO LESTARI,NIRMALA AGRO LESTARI,-2.091933,111.48705,50,Operating,2011,Establishment year based on dinas perkebunan record of establishment (e.g. Dinas Perkebunan Plantation Statistics report of establishment dates),LAMANDAU,ID-6207,KALIMANTAN TENGAH
M-00070,PO1000004096,ASTRA AGRO LESTARI,BORNEO INDAH MARJAYA,BORNEO INDAH MARJAYA,-2.033198,116.401023,60,Operating,2012,Establishment year imputed based on Dinas Perkebunan Plantation Statistics reports (e.g. first year a mill appears in a Dinas Perkebunan Plantation Statistics report),PASER,ID-6401,KALIMANTAN TIMUR
M-00072,PO1000004509,ASTRA AGRO LESTARI,ASTRA AGRO LESTARI,ASTRA AGRO LESTARI 1,-1.991559733,115.509105,45,Operating,2012,Establishment year based on dinas perkebunan record of establishment (e.g. Dinas Perkebunan Plantation Statistics report of establishment dates),TABALONG,ID-6309,KALIMANTAN SELATAN
M-00073,PO1000004505,ASTRA AGRO LESTARI,SARI ADITYA LOKA,SARI ADITYA LOKA 1,-1.959621251,102.3704914,60,Operating,1999,"Mill known to exist in 1999 (source: Taib, Gunatif (2000), Kajian Pengembangan Industri Crude Palm Oil Skala Kecil (Studi Kasus Pengembangan Industri Crude Palm Oil di Sumatera Barat), http://repository.ipb.ac.id/handle/123456789/5044)",MERANGIN,ID-1502,JAMBI
M-00074,PO1000004481,ASTRA AGRO LESTARI,SURYARAYA LESTARI,SURYARAYA LESTARI 1,-1.69379,119.36168,50,Operating,1996,"Establishment year based off secondary sources (e.g. website, corporate report, etc)",MAMUJU UTARA,ID-7605,SULAWESI BARAT
M-00075,PO1000006198,ASTRA AGRO LESTARI,SUKSES TANI NUSASUBUR,SUKSES TANI NUSASUBUR,-1.381201,116.474659,45,Operating,2015,Establishment year imputed based on Dinas Perkebunan Plantation Statistics reports (e.g. first year a mill appears in a Dinas Perkebunan Plantation Statistics report),PENAJAM PASER UTARA,ID-6409,KALIMANTAN TIMUR
M-00076,PO1000008218,ASTRA AGRO LESTARI,LESTARI TANI TELADAN,LESTARI TANI TELADAN,-1.370466,119.486578,45,Operating,2014,"Establishment year based off secondary sources (e.g. website, corporate report, etc)",DONGGALA,ID-7205,SULAWESI TENGAH
M-00077,PO1000004113,ASTRA AGRO LESTARI,PASANGKAYU,PASANGKAYU,-1.222355,119.472451,60,Operating,1999,"Establishment year based off secondary sources (e.g. website, corporate report, etc)",MAMUJU UTARA,ID-7605,SULAWESI BARAT
M-00078,PO1000004372,ASTRA AGRO LESTARI,TUNGGAL PERKASA PLANTATIONS,TUNGGAL PERKASA PLANTATIONS,-0.302355532,102.2725556,70,Operating,1988,"Establishment year based off secondary sources (e.g. website, corporate report, etc)",INDRAGIRI HULU,ID-1402,RIAU
M-00079,PO1000004935,ASTRA AGRO LESTARI,SARI LEMBAH SUBUR,SARI LEMBAH SUBUR 1,-0.049777776,102.2524444,60,Operating,1992,"Establishment year based off secondary sources (e.g. website, corporate report, etc)",PELALAWAN,ID-1404,RIAU
M-00081,PO1000007596,ASTRA AGRO LESTARI,SARI LEMBAH SUBUR,SARI LEMBAH SUBUR 2,-0.0021,102.19644,45,Operating,1999,"Mill known to exist in 1999 (source: Taib, Gunatif (2000), Kajian Pengembangan Industri Crude Palm Oil Skala Kecil (Studi Kasus Pengembangan Industri Crude Palm Oil di Sumatera Barat), http://repository.ipb.ac.id/handle/123456789/5044)",PELALAWAN,ID-1404,RIAU
M-00082,PO1000004408,ASTRA AGRO LESTARI,KIMIA TIRTA UTAMA,KIMIA TIRTA UTAMA,0.676218,101.726641,45,Operating,1998,"Establishment year based off secondary sources (e.g. website, corporate report, etc)",SIAK,ID-1405,RIAU
M-00083,PO1000004422,ASTRA AGRO LESTARI,EKA DURA INDONESIA,EKA DURA INDONESIA,0.884123676,100.6143997,60,Operating,1999,"Mill known to exist in 1999 (source: Taib, Gunatif (2000), Kajian Pengembangan Industri Crude Palm Oil Skala Kecil (Studi Kasus Pengembangan Industri Crude Palm Oil di Sumatera Barat), http://repository.ipb.ac.id/handle/123456789/5044)",ROKAN HULU,ID-1407,RIAU
M-00084,PO1000004843,ASTRA AGRO LESTARI,SUMBER KHARISMA PERSADA,SUMBER KHARISMA PERSADA,1.014055963,118.0485429,30,Operating,2011,Establishment year imputed based on Dinas Perkebunan Plantation Statistics reports (e.g. first year a mill appears in a Dinas Perkebunan Plantation Statistics report),KUTAI TIMUR,ID-6404,KALIMANTAN TIMUR
M-00085,PO1000004167,ASTRA AGRO LESTARI,PERKEBUNAN LEMBAH BHAKTI,PERKEBUNAN LEMBAH BHAKTI 1,2.315968656,97.99595493,45,Operating,1993,Establishment year based on other government record of establishment (e.g. Permit database),ACEH SINGKIL,ID-1102,ACEH
M-00086,PO1000004571,ASTRA AGRO LESTARI,KARYA TANAH SUBUR,KARYA TANAH SUBUR,4.350115764,96.1645768,50,Operating,1995,"Establishment year based off secondary sources (e.g. website, corporate report, etc)",ACEH BARAT,ID-1107,ACEH
M-00087,PO1000000531,ANJ AGRO,SAHABAT MEWAH & MAKMUR,JANGKANG,-2.996917,107.87665,60,Operating,1996,"Establishment year based off secondary sources (e.g. website, corporate report, etc)",BELITUNG TIMUR,ID-1906,KEP. BANGKA BELITUNG
M-00088,PO1000006366,ANJ AGRO,KAYUNG AGRO LESTARI,KAYUNG AGRO LESTARI,-1.449902748,110.2307209,90,Operating,2016,"Establishment year based off secondary sources (e.g. website, corporate report, etc)",KETAPANG,ID-6106,KALIMANTAN BARAT
M-00089,PO1000001992,ANJ AGRO,AUSTINDO NUSANTARA JAYA AGRI SIAIS,AUSTINDO NUSANTARA JAYA AGRI SIAIS,1.175025727,99.15611045,60,Operating,2011,"Establishment year based off secondary sources (e.g. website, corporate report, etc)",TAPANULI SELATAN,ID-1203,SUMATERA UTARA
M-00090,PO1000000530,ANJ AGRO,AUSTINDO NUSANTARA JAYA AGRI,BINANGA,1.47936327,99.9593074,60,Operating,1999,"Mill known to exist in 1999 (source: Taib, Gunatif (2000), Kajian Pengembangan Industri Crude Palm Oil Skala Kecil (Studi Kasus Pengembangan Industri Crude Palm Oil di Sumatera Barat), http://repository.ipb.ac.id/handle/123456789/5044)",PADANG LAWAS,ID-1221,SUMATERA UTARA
M-00091,PO1000004946,GAGAH PUTERA SATRIA (GPS),BUANA KARYA BHAKTI,BATULAKI,-3.673907128,115.4810564,90,Operating,2005,"Establishment year based off secondary sources (e.g. website, corporate report, etc)",TANAH BUMBU,ID-6310,KALIMANTAN SELATAN
M-00092,PO1000004572,UNKNOWN,BUMI SAMA GANDA,BUMI SAMA GANDA,4.356133172,98.10782919,45,Operating,2006,Establishment year based on other government record of establishment (e.g. Permit database),ACEH TAMIANG,ID-1114,ACEH
M-00093,PO1000004101,BAKRIE,SUMBERTAMA NUSAPERTIWI,SUMBERTAMA NUSAPERTIWI,-1.680797685,103.8009845,30,Operating,2005,"Establishment year based off secondary sources (e.g. website, corporate report, etc)",MUARO JAMBI,ID-1505,JAMBI
M-00094,PO1000000884,BAKRIE,AGRO MITRA MADANI,AGRO MITRA MADANI,-1.077165118,103.1095689,60,Operating,2004,Establishment year imputed based on Dinas Perkebunan Plantation Statistics reports (e.g. first year a mill appears in a Dinas Perkebunan Plantation Statistics report),TANJUNG JABUNG BARAT,ID-1507,JAMBI
M-00095,PO1000004365,BAKRIE,BAKRIE PASAMAN PLANTATIONS,AIR BALAM,0.228828553,99.47461821,60,Operating,1990,Establishment year based on other government record of establishment (e.g. Permit database),PASAMAN BARAT,ID-1312,SUMATERA BARAT
M-00096,PO1000000184,BAKRIE,BAKRIE SUMATERA PLANTATIONS,UNIT KISARAN,3.040709837,99.58323885,45,Operating,2007,"Establishment year based off secondary sources (e.g. website, corporate report, etc)",ASAHAN,ID-1208,SUMATERA UTARA
M-00098,PO1000004522,UNKNOWN,SAWIT PERMAI ABADI,SAWIT PERMAI ABADI,3.652644047,98.42926111,,Operating,2010,"Earliest year mill found to exist based on photo-interpretation of high-resolution satellite imagery, manufacturing census data, traceability reports and other secondary sources (or combination of these sources)",LANGKAT,ID-1213,SUMATERA UTARA
M-00099,PO1000008211,NT CORP,BANGKIT GIAT USAHA MANDIRI,BANGKIT GIAT USAHA MANDIRI,-1.475288667,112.749536,45,Operating,2010,Establishment year based on dinas perkebunan record of establishment (e.g. Dinas Perkebunan Plantation Statistics report of establishment dates),KOTAWARINGIN TIMUR,ID-6202,KALIMANTAN TENGAH
M-00100,PO1000001638,SINAR MAS,KENCANA GRAHA PERMAI,KENANGA,-2.141964795,110.5164522,80,Operating,2013,Establishment year imputed based on Dinas Perkebunan Plantation Statistics reports (e.g. first year a mill appears in a Dinas Perkebunan Plantation Statistics report),KETAPANG,ID-6106,KALIMANTAN BARAT
M-00101,PO1000004274,UNKNOWN,BANGUN SEMPURNA LESTARI,BANGUN SEMPURNA LESTARI,2.633079023,97.9504186,30,Operating,2011,"Establishment year based off secondary sources (e.g. website, corporate report, etc)",SUBULUSSALAM (KOTA),ID-1175,ACEH
M-00103,PO1000005204,UNKNOWN,KENCANA KATARA KEWALA,KENCANA KATARA KEWALA,-3.363667362,101.8266904,30,Operating,2012,Establishment year imputed based on Dinas Perkebunan Plantation Statistics reports (e.g. first year a mill appears in a Dinas Perkebunan Plantation Statistics report),BENGKULU UTARA,ID-1703,BENGKULU
M-00104,PO1000004318,PASIFIK AGRO SENTOSA (PAS),CIPTA USAHA SEJATI,MABALI,-0.999893466,110.1960257,75,Operating,2014,Establishment year imputed based on Dinas Perkebunan Plantation Statistics reports (e.g. first year a mill appears in a Dinas Perkebunan Plantation Statistics report),KAYONG UTARA,ID-6111,KALIMANTAN BARAT
M-00105,PO1000001315,PASIFIK AGRO SENTOSA (PAS),BARUMUN AGRO SENTOSA,AEK SIGALA GALA,1.619682843,100.1035924,60,Operating,1995,"Establishment year based off secondary sources (e.g. website, corporate report, etc)",PADANG LAWAS UTARA,ID-1220,SUMATERA UTARA
M-00107,PO1000005206,SAWIT LESTARI,BENGKULU SAWIT LESTARI,AIR SULAU,-4.533628845,103.0570157,30,Operating,2013,"Establishment year based off secondary sources (e.g. website, corporate report, etc)",BENGKULU SELATAN,ID-1701,BENGKULU
M-00109,PO1000007652,SUPERVENTURE,BERKAT SAWIT SEJAHTERA,BERKAT SAWIT SEJAHTERA 2,-0.708447766,102.6587613,45,Operating,2015,"Earliest year mill found to exist based on photo-interpretation of high-resolution satellite imagery, manufacturing census data, traceability reports and other secondary sources (or combination of these sources)",INDRAGIRI HILIR,ID-1403,RIAU
M-00110,PO1000000092,MUSIM MAS,AGRO WIRATAMA,AGROWIRATAMA,0.197736992,99.62616987,45,Operating,2000,"Establishment year based off secondary sources (e.g. website, corporate report, etc)",PASAMAN BARAT,ID-1312,SUMATERA BARAT
M-00111,PO1000004366,SUPERVENTURE,BERKAT SAWIT SEJAHTERA,BERKAT SAWIT SEJAHTERA,0.238527856,99.70435236,60,Operating,2014,"Establishment year based off secondary sources (e.g. website, corporate report, etc)",PASAMAN BARAT,ID-1312,SUMATERA BARAT
M-00113,PO1000004303,UNKNOWN,BEURATA SUBUR PERSADA,BEURATA SUBUR PERSADA,4.125097243,96.34140857,30,Operating,2013,"Establishment year based off secondary sources (e.g. website, corporate report, etc)",NAGAN RAYA,ID-1115,ACEH
M-00115,PO1000004482,UNKNOWN,BICCON AGRO MAKMUR,BICCON AGRO MAKMUR,-1.744394927,103.8701915,45,Operating,2015,"Establishment year based off secondary sources (e.g. website, corporate report, etc)",MUARO JAMBI,ID-1505,JAMBI
M-00116,PO1000007467,DHARMA SATYA NUSANTARA (DSN),BIMA AGRI SAWIT,POM 10,1.265133782,117.6025411,30,Operating,2016,Establishment year imputed based on Dinas Perkebunan Plantation Statistics reports (e.g. first year a mill appears in a Dinas Perkebunan Plantation Statistics report),KUTAI TIMUR,ID-6404,KALIMANTAN TIMUR
M-00117,PO1000006150,DHARMA SATYA NUSANTARA (DSN),BIMA PALMA NUGRAHA,POM 9,0.75124122,117.405756,60,Operating,2011,"Establishment year based off secondary sources (e.g. website, corporate report, etc)",KUTAI TIMUR,ID-6404,KALIMANTAN TIMUR
M-00118,PO1000007481,SUPERVENTURE,BINA MITRA MAKMUR,BINA MITRA MAKMUR,-1.498441644,102.240643,45,Operating,2006,Establishment year imputed based on Dinas Perkebunan Plantation Statistics reports (e.g. first year a mill appears in a Dinas Perkebunan Plantation Statistics report),BUNGO,ID-1509,JAMBI
M-00119,PO1000004486,UNKNOWN,PALM TRIMITRA INDOTAMA,PALM TRIMITRA INDOTAMA,3.541944,98.794167,12.5,Operating,2002,"Earliest year mill found to exist based on photo-interpretation of high-resolution satellite imagery, manufacturing census data, traceability reports and other secondary sources (or combination of these sources)",DELI SERDANG,ID-1212,SUMATERA UTARA
M-00120,PO1000007628,SAWIT LESTARI,BINAKARYA ERAMANDIRI,MANGSANG,-2.173077155,103.9867479,60,Operating,2016,"Establishment year based off secondary sources (e.g. website, corporate report, etc)",MUSI BANYUASIN,ID-1606,SUMATERA SELATAN
M-00121,PO1000004352,BINTANG HARAPAN DESA (BHD),BINTANG HARAPAN DESA,BINTANG HARAPAN DESA,-0.111538242,110.3330232,45,Operating,1996,Establishment year based on other government record of establishment (e.g. Permit database),SANGGAU,ID-6105,KALIMANTAN BARAT
M-00122,PO1000004945,UNKNOWN,BIO NUSANTARA TEKNOLOGI,SEI LEMAU,-3.643955578,102.2410219,30,Operating,1999,Establishment year based on other government record of establishment (e.g. Permit database),BENGKULU TENGAH,ID-1709,BENGKULU
M-00123,PO1000004582,SUBARNI,BLANG KETUMBA,BLANG KETUMBA,4.985583685,96.7002094,25,Operating,2011,"Establishment year based off secondary sources (e.g. website, corporate report, etc)",BIREUEN,ID-1110,ACEH
M-00125,PO1000004925,BINTANG HARAPAN DESA (BHD),SURYA BORNEO INDAH,PADU,-0.039995391,110.193862,30,Operating,2005,Establishment year based on other government record of establishment (e.g. Permit database),SANGGAU,ID-6105,KALIMANTAN BARAT
M-00126,PO1000008147,UNKNOWN,BORNEO SAWIT PERSADA,BORNEO SAWIT PERSADA,-3.020771462,115.9467053,60,Operating,2017,"Establishment year based off secondary sources (e.g. website, corporate report, etc)",KOTABARU,ID-6302,KALIMANTAN SELATAN
M-00127,PO1000004579,CAPITOL,DUTA SAWITMAS ACEH,DUTA SAWITMAS ACEH,4.696986013,95.66525046,30,Operating,2013,"Establishment year based off secondary sources (e.g. website, corporate report, etc)",ACEH JAYA,ID-1116,ACEH
M-00128,PO1000004127,SIPEF,DENDY MARKER INDAH LESTARI,DENDYMARKER,-2.795033,102.944683,60,Operating,2006,"Establishment year based off secondary sources (e.g. website, corporate report, etc)",MUSI RAWAS UTARA,ID-1613,SUMATERA SELATAN
M-00129,PO1000008217,UNKNOWN,BUANA SAWIT INDAH,BUANA SAWIT INDAH,3.143002801,99.51166531,45,Operating,2014,"Establishment year based off secondary sources (e.g. website, corporate report, etc)",BATU BARA,ID-1219,SUMATERA UTARA
M-00130,PO1000010259,KARYAMAS PLANTATION,BUANA TUNAS SEJAHTERA,SAWIT SERIANG,0.956287713,111.8828218,40,Operating,2015,Establishment year imputed based on Dinas Perkebunan Plantation Statistics reports (e.g. first year a mill appears in a Dinas Perkebunan Plantation Statistics report),KAPUAS HULU,ID-6108,KALIMANTAN BARAT
M-00131,PO1000004499,UNKNOWN,BUANA WIRASUBUR SAKTI,BUANA WIRASUBUR SAKTI,-1.88521661,116.0599266,30,Operating,2011,Establishment year imputed based on Dinas Perkebunan Plantation Statistics reports (e.g. first year a mill appears in a Dinas Perkebunan Plantation Statistics report),PASER,ID-6401,KALIMANTAN TIMUR
M-00132,PO1000007486,SUNGAI BUDI,BUDI NABATI PERKASA,PKS 7,-1.692134498,102.1607967,45,Operating,2015,"Earliest year mill found to exist based on photo-interpretation of high-resolution satellite imagery, manufacturing census data, traceability reports and other secondary sources (or combination of these sources)",BUNGO,ID-1509,JAMBI
M-00133,PO1000004204,UNKNOWN,BUDI TANI KEMBANG JAYA,BUDI TANI KEMBANG JAYA,0.542097544,101.5797329,30,Operating,2012,Establishment year imputed based on Dinas Perkebunan Plantation Statistics reports (e.g. first year a mill appears in a Dinas Perkebunan Plantation Statistics report),PEKANBARU (KOTA),ID-1471,RIAU
M-00134,PO1000004490,EKAJAYA,EKA JAYA MULTI PERKASA,EKA JAYA MULTI PERKASA,-3.554672855,103.3001706,45,Operating,2005,Establishment year imputed based on Dinas Perkebunan Plantation Statistics reports (e.g. first year a mill appears in a Dinas Perkebunan Plantation Statistics report),LAHAT,ID-1604,SUMATERA SELATAN
M-00136,PO1000004455,KRISTON AGRO,BATANGHARI SAWIT SEJAHTERA,BATANGHARI SAWIT SEJAHTERA,-1.348631186,103.5413933,45,Operating,2004,Establishment year imputed based on Dinas Perkebunan Plantation Statistics reports (e.g. first year a mill appears in a Dinas Perkebunan Plantation Statistics report),MUARO JAMBI,ID-1505,JAMBI
M-00137,PO1000004154,RIFANSI,FLORA WAHANA TIRTA,FLORA WAHANA TIRTA,0.136029539,101.2663257,45,Operating,2004,"Mill known to exist in 2004 (source: Golder Associates (2006). Appendix VIII: Summary of Renewable Potential in Indonesia POM, Retrieved October 10, 2018, http://www.adb.org/Documents/Reports/Consulta nt/46557-INO/36557-INO-TACR- AppendixVIII.pdf)",KAMPAR,ID-1406,RIAU
M-00138,PO1000004457,UNKNOWN,BUKIT BINTANG SAWIT,BUKIT BINTANG SAWIT,-1.386746583,103.495484,20,Operating,2003,Establishment year imputed based on Dinas Perkebunan Plantation Statistics reports (e.g. first year a mill appears in a Dinas Perkebunan Plantation Statistics report),MUARO JAMBI,ID-1505,JAMBI
M-00139,PO1000008176,PALM MAS ASRI,BUKIT PALEM,BUKIT PALEM,-2.372811658,110.6442515,35,Operating,1998,Establishment year imputed based on Dinas Perkebunan Plantation Statistics reports (e.g. first year a mill appears in a Dinas Perkebunan Plantation Statistics report),KETAPANG,ID-6106,KALIMANTAN BARAT
M-00140,PO1000004470,SARIMAS,MESKOM AGRO SARIMAS,MESKOM AGRO SARIMAS,1.54875,102.08845,75,Operating,2013,"Establishment year based off secondary sources (e.g. website, corporate report, etc)",BENGKALIS,ID-1408,RIAU
M-00141,PO1000007637,TUDUNG,BUMI MEKAR TANI,BUMI MEKAR TANI,-2.495574977,102.8738399,45,Operating,2017,"Establishment year based off secondary sources (e.g. website, corporate report, etc)",MUSI RAWAS UTARA,ID-1613,SUMATERA SELATAN
M-00142,PO1000001761,SINAR MAS,BUMI PERMAI LESTARI,BUKIT PERAK,-1.820496,105.551168,60,Operating,1993,Establishment year based on other government record of establishment (e.g. Permit database),BANGKA BARAT,ID-1903,KEP. BANGKA BELITUNG
M-00144,PO1000004866,BUMITAMA GUNAJAYA AGRO (BGA),AGRO SEJAHTERA MANUNGGAL,PEMBANGUNAN RAYA,-2.547062092,110.3824132,60,Operating,2014,"Establishment year based off secondary sources (e.g. website, corporate report, etc)",KETAPANG,ID-6106,KALIMANTAN BARAT
M-00145,PO1000004191,BUMITAMA GUNAJAYA AGRO (BGA),BUMITAMA GUNAJAYA ABADI,KOTAWARINGIN,-2.391111,111.373333,90,Operating,2009,Establishment year based on dinas perkebunan record of establishment (e.g. Dinas Perkebunan Plantation Statistics report of establishment dates),KOTAWARINGIN BARAT,ID-6201,KALIMANTAN TENGAH
M-00147,PO1000008180,BUMITAMA GUNAJAYA AGRO (BGA),KARYA BAKTI AGRO SEJAHTERA,SUNGAI RASAU,-2.282902447,110.50307,45,Operating,2015,"Establishment year based off secondary sources (e.g. website, corporate report, etc)",KETAPANG,ID-6106,KALIMANTAN BARAT
M-00148,PO1000001683,BUMITAMA GUNAJAYA AGRO (BGA),WINDU NABATINDO LESTARI,PUNDU NABATINDO,-1.993702379,113.0619671,90,Operating,2007,Establishment year based on dinas perkebunan record of establishment (e.g. Dinas Perkebunan Plantation Statistics report of establishment dates),KOTAWARINGIN TIMUR,ID-6202,KALIMANTAN TENGAH
M-00149,PO1000004930,BUMITAMA GUNAJAYA AGRO (BGA),WINDU NABATINDO LESTARI,SELUCING AGRO,-1.883033,113.03175,90,Operating,2011,Establishment year based on dinas perkebunan record of establishment (e.g. Dinas Perkebunan Plantation Statistics report of establishment dates),KOTAWARINGIN TIMUR,ID-6202,KALIMANTAN TENGAH
M-00150,PO1000001684,BUMITAMA GUNAJAYA AGRO (BGA),KARYA MAKMUR BAHAGIA,GUNUNG MAKMUR,-1.760676135,112.5989864,90,Operating,2002,Establishment year based on dinas perkebunan record of establishment (e.g. Dinas Perkebunan Plantation Statistics report of establishment dates),KOTAWARINGIN TIMUR,ID-6202,KALIMANTAN TENGAH
M-00152,PO1000004410,BUMITAMA GUNAJAYA AGRO (BGA),ROHUL SAWIT INDUSTRI,SUKADAMAI,0.681584377,100.5278767,90,Operating,2004,"Establishment year based off secondary sources (e.g. website, corporate report, etc)",ROKAN HULU,ID-1407,RIAU
M-00153,PO1000008216,UNKNOWN,BUNGO LIMBUR,BUNGO LIMBUR,-1.374130632,101.8846702,60,Operating,2016,Establishment year imputed based on Dinas Perkebunan Plantation Statistics reports (e.g. first year a mill appears in a Dinas Perkebunan Plantation Statistics report),BUNGO,ID-1509,JAMBI
M-00154,PO1000007623,TELADAN PRIMA,CAHAYA ANUGERAH PLANTATION,FELIZA,-0.08953947,117.0338925,30,Operating,2013,Establishment year imputed based on Dinas Perkebunan Plantation Statistics reports (e.g. first year a mill appears in a Dinas Perkebunan Plantation Statistics report),KUTAI KARTANEGARA,ID-6403,KALIMANTAN TIMUR
M-00155,PO1000008200,SUPERVENTURE,CAHAYA BINTANG SAWIT SEJATI,CAHAYA BINTANG SAWIT SEJATI 1,-1.842808,116.0680296,60,Operating,2015,Establishment year imputed based on Dinas Perkebunan Plantation Statistics reports (e.g. first year a mill appears in a Dinas Perkebunan Plantation Statistics report),PASER,ID-6401,KALIMANTAN TIMUR
M-00156,PO1000004210,SUPERVENTURE,CAHAYA CEMERLANG LESTARI,CAHAYA CEMERLANG LESTARI,-2.536176615,104.1507881,45,Operating,2008,"Establishment year based off secondary sources (e.g. website, corporate report, etc)",BANYUASIN,ID-1607,SUMATERA SELATAN
M-00157,PO1000007537,UNKNOWN,CAHAYA INTI SAWIT,CAHAYA INTI SAWIT,1.440840272,100.2911266,15,Operating,2016,"Earliest year mill found to exist based on photo-interpretation of high-resolution satellite imagery, manufacturing census data, traceability reports and other secondary sources (or combination of these sources)",PADANG LAWAS UTARA,ID-1220,SUMATERA UTARA
M-00158,PO1000004531,UNKNOWN,CAMPANG TIGA,CAMPANG TIGA,-3.764214332,104.7394241,30,Operating,2009,Establishment year imputed based on Dinas Perkebunan Plantation Statistics reports (e.g. first year a mill appears in a Dinas Perkebunan Plantation Statistics report),OGAN KOMERING ULU TIMUR,ID-1609,SUMATERA SELATAN
M-00160,PO1000000058,CARGILL,HINDOLI,SUNGAI LILIN,-2.61247226,104.1267966,120,Operating,1997,"Establishment year based off secondary sources (e.g. website, corporate report, etc)",MUSI BANYUASIN,ID-1606,SUMATERA SELATAN
M-00161,PO1000009068,CARGILL,HINDOLI,TANJUNG DALAM,-2.549563536,103.9437005,60,Operating,2005,"Establishment year based off secondary sources (e.g. website, corporate report, etc)",MUSI BANYUASIN,ID-1606,SUMATERA SELATAN
M-00162,PO1000002360,CARGILL,INDO SAWIT KEKAL,RIVER VIEW,-2.51455941,110.9152244,30,Operating,2011,"Establishment year based off secondary sources (e.g. website, corporate report, etc)",KETAPANG,ID-6106,KALIMANTAN BARAT
M-00163,PO1000001208,CARGILL,HARAPAN SAWIT LESTARI,MANIS MATA,-2.482400269,111.0176215,60,Operating,1998,"Establishment year based off secondary sources (e.g. website, corporate report, etc)",KETAPANG,ID-6106,KALIMANTAN BARAT
M-00164,PO1000003254,CARGILL,HINDOLI,MUKUT,-2.441350929,104.4280862,120,Operating,2015,"Establishment year based off secondary sources (e.g. website, corporate report, etc)",BANYUASIN,ID-1607,SUMATERA SELATAN
M-00165,PO1000001207,CARGILL,AYU SAWIT LESTARI,PAKU JUANG,-2.433440639,110.8179723,60,Operating,2006,"Establishment year based off secondary sources (e.g. website, corporate report, etc)",KETAPANG,ID-6106,KALIMANTAN BARAT
M-00166,PO1000004853,CARGILL,MAYA AGRO INVESTAMA,KEDIPI,-2.339365823,110.9674016,30,Operating,2013,"Establishment year based off secondary sources (e.g. website, corporate report, etc)",KETAPANG,ID-6106,KALIMANTAN BARAT
M-00168,PO1000007629,ADIMULIA,SURYA AGROLIKA REKSA,SURYA AGROLIKA REKSA 2,-0.20548599,101.319423,30,Operating,2012,Establishment year imputed based on Dinas Perkebunan Plantation Statistics reports (e.g. first year a mill appears in a Dinas Perkebunan Plantation Statistics report),KUANTAN SINGINGI,ID-1401,RIAU
M-00169,PO1000004358,ADIMULIA,SURYA AGROLIKA REKSA,SURYA AGROLIKA REKSA,-0.138702304,101.3958127,60,Operating,2008,Establishment year imputed based on Dinas Perkebunan Plantation Statistics reports (e.g. first year a mill appears in a Dinas Perkebunan Plantation Statistics report),KUANTAN SINGINGI,ID-1401,RIAU
M-00170,PO1000004934,CHELLAM PLANTATIONS,PUCUK JAYA,PUCUK JAYA,-2.233989832,116.0491871,30,Operating,2011,"Establishment year based off secondary sources (e.g. website, corporate report, etc)",PASER,ID-6401,KALIMANTAN TIMUR
M-00171,PO1000007462,CHORA AGRO RESOURCES,MITRA ABADIMAS SEJAHTERA,MITRA ABADIMAS SEJAHTERA,1.180921651,109.4364047,45,Operating,2015,"Establishment year based off secondary sources (e.g. website, corporate report, etc)",SAMBAS,ID-6101,KALIMANTAN BARAT
M-00172,PO1000004160,FIRST RESOURCES,CILIANDRA PERKASA,CILIANDRA PERKASA,0.160101729,101.0544179,60,Operating,2001,"Establishment year based off secondary sources (e.g. website, corporate report, etc)",KAMPAR,ID-1406,RIAU
M-00173,PO1000004307,UNKNOWN,CINTA RAJA,SILINDA,3.216787142,98.78096085,30,Operating,2004,"Mill known to exist in 2004 (source: Golder Associates (2006). Appendix VIII: Summary of Renewable Potential in Indonesia POM, Retrieved October 10, 2018, http://www.adb.org/Documents/Reports/Consulta nt/46557-INO/36557-INO-TACR- AppendixVIII.pdf)",SERDANG BEDAGAI,ID-1218,SUMATERA UTARA
M-00174,PO1000004313,TRIBUANA GLOBAL,CIPTA AGRO SEJATI,CIPTA AGRO SEJATI,1.871851217,100.4301787,30,Operating,2014,"Establishment year based off secondary sources (e.g. website, corporate report, etc)",ROKAN HILIR,ID-1409,RIAU
M-00175,PO1000004546,UNKNOWN,CIPTA CHEMICAL MEDAN OIL,CIPTA CHEMICAL MEDAN OIL,3.854069633,98.34383023,,Operating,2013,"Earliest year mill found to exist based on photo-interpretation of high-resolution satellite imagery, manufacturing census data, traceability reports and other secondary sources (or combination of these sources)",LANGKAT,ID-1213,SUMATERA UTARA
M-00176,PO1000009358,UNKNOWN,CIPTA FUTURA,CIPTA FUTURA,-3.507413,103.6996,45,Operating,1998,Establishment year based on other government record of establishment (e.g. Permit database),MUARA ENIM,ID-1603,SUMATERA SELATAN
M-00177,PO1000008184,NUSANTARA SAWIT SEJAHTERA (NSS),NUSANTARA SAWIT PERSADA,NUSANTARA SAWIT PERSADA,-2.106758,112.794124,60,Operating,2016,Establishment year based on dinas perkebunan record of establishment (e.g. Dinas Perkebunan Plantation Statistics report of establishment dates),KOTAWARINGIN TIMUR,ID-6202,KALIMANTAN TENGAH
M-00178,PO1000004153,CISADANE RAYA,CISADANE SAWIT RAYA,CISADANE SAWIT RAYA,2.243274165,100.190117,45,Operating,2007,"Establishment year based off secondary sources (e.g. website, corporate report, etc)",LABUHAN BATU,ID-1207,SUMATERA UTARA
M-00179,PO1000003120,CITRA BORNEO INDAH (CBI),SAWIT SUMBERMAS SARANA,SELANGKUN,-2.4172222,111.5547222,60,Operating,2013,Establishment year based on dinas perkebunan record of establishment (e.g. Dinas Perkebunan Plantation Statistics report of establishment dates),KOTAWARINGIN BARAT,ID-6201,KALIMANTAN TENGAH
M-00181,PO1000003257,CITRA BORNEO INDAH (CBI),MITRA MENDAWAI SEJATI,SUAYAP,-2.265490746,111.722007,60,Operating,2011,Establishment year based on dinas perkebunan record of establishment (e.g. Dinas Perkebunan Plantation Statistics report of establishment dates),KOTAWARINGIN BARAT,ID-6201,KALIMANTAN TENGAH
M-00183,PO1000004270,UNKNOWN,CITRA INDAH PERTIWI,CITRA INDAH PERTIWI,2.07242955,100.0097882,30,Operating,1999,"Mill known to exist in 1999 (source: Taib, Gunatif (2000), Kajian Pengembangan Industri Crude Palm Oil Skala Kecil (Studi Kasus Pengembangan Industri Crude Palm Oil di Sumatera Barat), http://repository.ipb.ac.id/handle/123456789/5044)",LABUHAN BATU,ID-1207,SUMATERA UTARA
M-00184,PO1000004374,KPN CORP,CITRA RIAU SARANA,TESO II,-0.323107246,101.5590802,30,Operating,2011,Establishment year imputed based on Dinas Perkebunan Plantation Statistics reports (e.g. first year a mill appears in a Dinas Perkebunan Plantation Statistics report),KUANTAN SINGINGI,ID-1401,RIAU
M-00185,PO1000004367,KPN CORP,CITRA RIAU SARANA,TESO III,-0.243333,101.583633,30,Operating,2013,Establishment year imputed based on Dinas Perkebunan Plantation Statistics reports (e.g. first year a mill appears in a Dinas Perkebunan Plantation Statistics report),KUANTAN SINGINGI,ID-1401,RIAU
M-00186,PO1000004362,KPN CORP,CITRA RIAU SARANA,TESO I,-0.212423211,101.4734808,30,Operating,2004,"Mill known to exist in 2004 (source: Golder Associates (2006). Appendix VIII: Summary of Renewable Potential in Indonesia POM, Retrieved October 10, 2018, http://www.adb.org/Documents/Reports/Consulta nt/46557-INO/36557-INO-TACR- AppendixVIII.pdf)",KUANTAN SINGINGI,ID-1401,RIAU
M-00187,PO1000006208,HARUM AGRO,CITRA SAWIT HARUM,CITRA SAWIT HARUM,-1.742476021,102.0536877,60,Operating,2016,"Establishment year based off secondary sources (e.g. website, corporate report, etc)",BUNGO,ID-1509,JAMBI
M-00188,PO1000004353,SALIM GROUP,CITRANUSA INTISAWIT,KEDUKUL,0.114864209,110.7581665,30,Operating,2006,Establishment year based on other government record of establishment (e.g. Permit database),SANGGAU,ID-6105,KALIMANTAN BARAT
M-00189,PO1000006249,SINAR ALAM,CITRA PUTRA KEBUN ASRI,JORONG FACTORY,-3.945145352,114.9533962,30,Operating,2014,"Establishment year based off secondary sources (e.g. website, corporate report, etc)",TANAH LAUT,ID-6301,KALIMANTAN SELATAN
M-00190,PO1000007511,SARIMAS,TRI BAKTI SARIMAS,IBUL,-0.859868814,101.7516164,60,Operating,2010,"Earliest year mill found to exist based on photo-interpretation of high-resolution satellite imagery, manufacturing census data, traceability reports and other secondary sources (or combination of these sources)",KUANTAN SINGINGI,ID-1401,RIAU
M-00191,PO1000007496,UNKNOWN,DAMASRAYA SAWIT LESTARI,KOTO BARU,-1.149653183,101.7401871,60,Operating,2015,"Establishment year based off secondary sources (e.g. website, corporate report, etc)",DHARMASRAYA,ID-1311,SUMATERA BARAT
M-00192,PO1000004488,BISMA,BISMA DHARMA KENCANA,KALANAMAN,-1.801,113.1817,40,Operating,2005,Establishment year based on dinas perkebunan record of establishment (e.g. Dinas Perkebunan Plantation Statistics report of establishment dates),KATINGAN,ID-6209,KALIMANTAN TENGAH
M-00193,PO1000004085,WIDYA,DARIA DHARMA PRATAMA,IPUH,-2.980634965,101.5065674,45,Operating,1992,Establishment year based on other government record of establishment (e.g. Permit database),MUKO-MUKO,ID-1706,BENGKULU
M-00194,PO1000004081,WIDYA,DARIA DHARMA PRATAMA,LUBUK BENTO,-2.793386029,101.4020171,60,Operating,2015,Establishment year imputed based on Dinas Perkebunan Plantation Statistics reports (e.g. first year a mill appears in a Dinas Perkebunan Plantation Statistics report),MUKO-MUKO,ID-1706,BENGKULU
M-00195,PO1000002037,DHARMA SATYA NUSANTARA (DSN),PILAR WANAPERSADA,POM 5,-1.97111,111.3519,60,Operating,2013,Establishment year based on dinas perkebunan record of establishment (e.g. Dinas Perkebunan Plantation Statistics report of establishment dates),LAMANDAU,ID-6207,KALIMANTAN TENGAH
M-00196,PO1000000354,DHARMA SATYA NUSANTARA (DSN),SWAKARSA SINARSENTOSA,POM 1,1.123852127,116.8518818,80,Operating,2002,"Establishment year based off secondary sources (e.g. website, corporate report, etc)",KUTAI TIMUR,ID-6404,KALIMANTAN TIMUR
M-00197,PO1000002088,DHARMA SATYA NUSANTARA (DSN),SWAKARSA SINARSENTOSA,POM 4,1.152234856,116.7466185,60,Operating,2012,"Establishment year based off secondary sources (e.g. website, corporate report, etc)",KUTAI TIMUR,ID-6404,KALIMANTAN TIMUR
M-00199,PO1000000939,DHARMA SATYA NUSANTARA (DSN),DHARMA AGROTAMA NUSANTARA,POM 2,1.249703772,116.7284047,60,Operating,2010,"Establishment year based off secondary sources (e.g. website, corporate report, etc)",KUTAI TIMUR,ID-6404,KALIMANTAN TIMUR
M-00200,PO1000000950,DHARMA SATYA NUSANTARA (DSN),DHARMA INTISAWIT NUGRAHA,POM 3,1.255864126,116.8759183,60,Operating,2011,"Establishment year based off secondary sources (e.g. website, corporate report, etc)",KUTAI TIMUR,ID-6404,KALIMANTAN TIMUR
M-00201,PO1000008273,AEK NATIO,DIAN ANGGARA PERSADA,MUTIARA SAM-SAM KANDIS,0.980291224,101.0447897,30,Operating,2007,Establishment year imputed based on Dinas Perkebunan Plantation Statistics reports (e.g. first year a mill appears in a Dinas Perkebunan Plantation Statistics report),SIAK,ID-1405,RIAU
M-00202,PO1000004198,UNKNOWN,WIRA KARYA PRAMITRA,WIRA KARYA PRAMITRA,0.544309464,101.2530182,45,Operating,2006,Establishment year imputed based on Dinas Perkebunan Plantation Statistics reports (e.g. first year a mill appears in a Dinas Perkebunan Plantation Statistics report),KAMPAR,ID-1406,RIAU
M-00203,PO1000004162,HPI-AGRO (DJARUM),PENITI SUNGAI PURUN,ENGGANG,0.300708609,109.1763286,60,Operating,2014,"Establishment year based off secondary sources (e.g. website, corporate report, etc)",MEMPAWAH,ID-6104,KALIMANTAN BARAT
M-00204,PO1000008151,DUTA MARGA,BENUA LAWAS LESTARI,BENUA LAWAS LESTARI,-2.9981944,115.956777,30,Operating,2011,"Establishment year based off secondary sources (e.g. website, corporate report, etc)",KOTABARU,ID-6302,KALIMANTAN SELATAN
M-00205,PO1000004434,DUTA MARGA,DHARMASRAYA LESTARINDO,DHARMASRAYA LESTARINDO,-1.079312489,101.664793,45,Operating,2015,"Establishment year based off secondary sources (e.g. website, corporate report, etc)",DHARMASRAYA,ID-1311,SUMATERA BARAT
M-00206,PO1000004495,MEWAH,SIMPANG KANAN LESTARINDO,SIMPANG KANAN LESTARINDO,1.850914787,100.2943772,45,Operating,2003,"Establishment year based off secondary sources (e.g. website, corporate report, etc)",ROKAN HILIR,ID-1409,RIAU
M-00207,PO1000004511,DUTA MARGA,GUNUNG SELAMAT LESTARI,GUNUNG SELAMAT LESTARI,2.038965046,100.0461027,45,Operating,2007,"Establishment year based off secondary sources (e.g. website, corporate report, etc)",LABUHAN BATU,ID-1207,SUMATERA UTARA
M-00208,PO1000004242,DUTA MARGA,SAMUDERA SAWIT NABATI,SAMUDERA SAWIT NABATI,2.769632705,97.93947679,30,Operating,2003,"Establishment year based off secondary sources (e.g. website, corporate report, etc)",SUBULUSSALAM (KOTA),ID-1175,ACEH
M-00209,PO1000004321,DUTA MARGA,TALES INTI SAWIT,TALES INTI SAWIT,3.327313766,98.7643563,40,Operating,2003,"Establishment year based off secondary sources (e.g. website, corporate report, etc)",DELI SERDANG,ID-1212,SUMATERA UTARA
M-00210,PO1000007648,GENTING PLANTATIONS,DWIE WARNA KARYA,GOLDEN HILL,-0.84265965,114.079146,80,Operating,2013,Establishment year based on dinas perkebunan record of establishment (e.g. Dinas Perkebunan Plantation Statistics report of establishment dates),KAPUAS,ID-6203,KALIMANTAN TENGAH
M-00212,PO1000004070,EAGLE HIGH PLANTATIONS,SURYABUMI TUNGGAL PERKASA,BATU BULAN,-3.33655817,115.7711559,70,Operating,2007,Establishment year based on dinas perkebunan record of establishment (e.g. Dinas Perkebunan Plantation Statistics report of establishment dates),TANAH BUMBU,ID-6310,KALIMANTAN SELATAN
M-00213,PO1000004234,EAGLE HIGH PLANTATIONS,BUMI LANGGENG PERDANATRADA,BEDAUN,-2.718949763,111.8236304,60,Operating,2004,Establishment year based on dinas perkebunan record of establishment (e.g. Dinas Perkebunan Plantation Statistics report of establishment dates),KOTAWARINGIN BARAT,ID-6201,KALIMANTAN TENGAH
M-00215,PO1000006230,EAGLE HIGH PLANTATIONS,PESONALINTAS SURASEJATI,SAFIR,-2.623471579,116.156934,45,Operating,2014,"Establishment year based off secondary sources (e.g. website, corporate report, etc)",KOTABARU,ID-6302,KALIMANTAN SELATAN
M-00216,PO1000004865,EAGLE HIGH PLANTATIONS,BUMI HUTANI LESTARI,BUMI HUTANI LESTARI,-1.678623449,112.9374441,60,Operating,2008,Establishment year based on dinas perkebunan record of establishment (e.g. Dinas Perkebunan Plantation Statistics report of establishment dates),KATINGAN,ID-6209,KALIMANTAN TENGAH
M-00217,PO1000004102,EAGLE HIGH PLANTATIONS,ADHYAKSA DHARMA SATYA,ADHYAKSA DHARMA SATYA,-1.588931,112.861883,45,Operating,2012,Establishment year based on dinas perkebunan record of establishment (e.g. Dinas Perkebunan Plantation Statistics report of establishment dates),KOTAWARINGIN TIMUR,ID-6202,KALIMANTAN TENGAH
M-00218,PO1000006156,EAGLE HIGH PLANTATIONS,SAWIT SUKSES SEJAHTERA,SAWIT SUKSES SEJAHTERA,0.42142864,116.4906932,60,Operating,2014,"Establishment year based off secondary sources (e.g. website, corporate report, etc)",KUTAI TIMUR,ID-6404,KALIMANTAN TIMUR
M-00220,PO1000004285,UNKNOWN,KWALA GUNUNG,LIMA PULUH,3.164134805,99.48147184,20,Operating,1999,"Mill known to exist in 1999 (source: Taib, Gunatif (2000), Kajian Pengembangan Industri Crude Palm Oil Skala Kecil (Studi Kasus Pengembangan Industri Crude Palm Oil di Sumatera Barat), http://repository.ipb.ac.id/handle/123456789/5044)",BATU BARA,ID-1219,SUMATERA UTARA
M-00221,PO1000009019,ENSEM,ENSEM SAWITA,ENSEM SAWITA,4.565897151,97.9168132,30,Operating,2010,"Establishment year based off secondary sources (e.g. website, corporate report, etc)",ACEH TIMUR,ID-1105,ACEH
M-00222,PO1000005145,UNKNOWN,NAULI SAWIT,SIRANDORUNG,2.082974157,98.31191858,45,Operating,2012,"Earliest year mill found to exist based on photo-interpretation of high-resolution satellite imagery, manufacturing census data, traceability reports and other secondary sources (or combination of these sources)",TAPANULI TENGAH,ID-1204,SUMATERA UTARA
M-00223,PO1000008398,UNKNOWN,MULTIAGRO SUMATERA JAYA,ALIAGA,1.078835514,100.0548365,30,Operating,2017,"Establishment year based off secondary sources (e.g. website, corporate report, etc)",PADANG LAWAS,ID-1221,SUMATERA UTARA
M-00225,PO1000004245,UNKNOWN,ERA SAWITA,ERA SAWITA,1.078872222,100.4912333,30,Operating,2013,Establishment year imputed based on Dinas Perkebunan Plantation Statistics reports (e.g. first year a mill appears in a Dinas Perkebunan Plantation Statistics report),ROKAN HULU,ID-1407,RIAU
M-00227,PO1000004103,UNKNOWN,ERASAKTI WIRAFORESTAMA,ERASAKTI WIRA FORESTAMA 1,-1.529965229,103.7263724,40,Operating,2011,Establishment year imputed based on Dinas Perkebunan Plantation Statistics reports (e.g. first year a mill appears in a Dinas Perkebunan Plantation Statistics report),MUARO JAMBI,ID-1505,JAMBI
M-00228,PO1000008264,KALIMANTAN PLANTATION UNIT (KPU),KEMILAU INDAH NUSANTARA,SUNGAI BENGALON,0.72390979,117.6584587,45,Operating,2013,Establishment year imputed based on Dinas Perkebunan Plantation Statistics reports (e.g. first year a mill appears in a Dinas Perkebunan Plantation Statistics report),KUTAI TIMUR,ID-6404,KALIMANTAN TIMUR
M-00229,PO1000008153,SYNTHESIS AGRO,FAJAR AGRO SEJAHTERA,CANTUNG,-2.970858156,115.9547161,20,Operating,2015,"Earliest year mill found to exist based on photo-interpretation of high-resolution satellite imagery, manufacturing census data, traceability reports and other secondary sources (or combination of these sources)",KOTABARU,ID-6302,KALIMANTAN SELATAN
M-00230,PO1000004565,FAJAR BAIZURY,FAJAR BAIZURI & BROTHERS,FAJAR BAIZURI & BROTHERS,4.116213843,96.44302688,30,Operating,1998,"Establishment year based off secondary sources (e.g. website, corporate report, etc)",NAGAN RAYA,ID-1115,ACEH
M-00232,PO1000008348,KARYA TEKNIK,TEKNIK UTAMA MANDIRI,KRISTAL,3.612976709,117.0293869,60,Operating,2015,Establishment year based on other government record of establishment (e.g. Permit database),TANA TIDUNG,ID-6503,KALIMANTAN UTARA
M-00233,PO1000001960,PASIFIK AGRO SENTOSA (PAS),RIMBA MUJUR MAHKOTA,SIKARAKARA,0.670459456,99.09162788,45,Operating,2011,"Establishment year based off secondary sources (e.g. website, corporate report, etc)",MANDAILING NATAL,ID-1202,SUMATERA UTARA
M-00234,PO1000004190,SUPERVENTURE,FORTIUS AGRO ASIA,FORTIUS AGRO ASIA,0.47781582,100.7511554,60,Operating,2007,Establishment year imputed based on Dinas Perkebunan Plantation Statistics reports (e.g. first year a mill appears in a Dinas Perkebunan Plantation Statistics report),ROKAN HULU,ID-1407,RIAU
M-00235,PO1000008601,FORTIUS CORP,FORTIUS WAJO PERKEBUNAN,FORTIUS WAJO PERKEBUNAN,-1.0490443,102.9010345,45,Operating,2016,Establishment year imputed based on Dinas Perkebunan Plantation Statistics reports (e.g. first year a mill appears in a Dinas Perkebunan Plantation Statistics report),TANJUNG JABUNG BARAT,ID-1507,JAMBI
M-00237,PO1000008138,UNKNOWN,GANDA BUANINDO,GANDA BUANINDO,0.007161207,101.2395325,30,Operating,2002,Establishment year based on other government record of establishment (e.g. Permit database),KAMPAR,ID-1406,RIAU
M-00238,PO1000004869,KPN CORP,PATIWARE,SUNGAI ADONG,0.739231375,108.9424216,45,Operating,2011,Establishment year imputed based on Dinas Perkebunan Plantation Statistics reports (e.g. first year a mill appears in a Dinas Perkebunan Plantation Statistics report),BENGKAYANG,ID-6102,KALIMANTAN BARAT
M-00239,PO1000004504,KPN CORP,JATIM JAYA PERKASA,SIMPANG DAMAR,1.945834659,100.7381323,45,Operating,2009,"Establishment year based off secondary sources (e.g. website, corporate report, etc)",ROKAN HILIR,ID-1409,RIAU
M-00240,PO1000004064,SAHABAT AGRO,GARUDA BUMI PERKASA,GARUDA BUMI PERKASA,-4.028823839,105.1580595,60,Operating,2009,Establishment year imputed based on Dinas Perkebunan Plantation Statistics reports (e.g. first year a mill appears in a Dinas Perkebunan Plantation Statistics report),MESUJI,ID-1811,LAMPUNG
M-00241,PO1000001740,WINGS AGRO,GAWI MAKMUR KALIMANTAN,JORONG,-3.82289248,114.9637106,90,Operating,2009,"Establishment year based off secondary sources (e.g. website, corporate report, etc)",TANAH LAUT,ID-6301,KALIMANTAN SELATAN
M-00242,PO1000002103,WINGS AGRO,GAWI MAKMUR KALIMANTAN,SATUI,-3.738416975,115.4540861,60,Operating,2000,Establishment year based on dinas perkebunan record of establishment (e.g. Dinas Perkebunan Plantation Statistics report of establishment dates),TANAH BUMBU,ID-6310,KALIMANTAN SELATAN
M-00243,PO1000004525,KARYA TEKNIK,GEMAREKSA MEKARSARI,GEMAREKSA MEKARSARI,-2.125687352,111.5563188,60,Operating,2001,Establishment year based on dinas perkebunan record of establishment (e.g. Dinas Perkebunan Plantation Statistics report of establishment dates),LAMANDAU,ID-6207,KALIMANTAN TENGAH
M-00244,PO1000008197,SUPERVENTURE,GEMILANG CAHAYA MENTARI,GEMILANG CAHAYA MENTARI,-1.950305556,105.7893889,30,Operating,2011,"Establishment year based off secondary sources (e.g. website, corporate report, etc)",BANGKA,ID-1901,KEP. BANGKA BELITUNG
M-00245,PO1000007508,SUPERVENTURE,GEMILANG SAWIT LESTARI,GEMILANG SAWIT LESTARI,-0.45481,101.82702,30,Operating,2015,"Earliest year mill found to exist based on photo-interpretation of high-resolution satellite imagery, manufacturing census data, traceability reports and other secondary sources (or combination of these sources)",KUANTAN SINGINGI,ID-1401,RIAU
M-00246,PO1000004458,GENTING PLANTATIONS,SEPANJANG INTISURYA MULIA,MULIA,-1.383945103,110.478387,80,Operating,2013,Establishment year imputed based on Dinas Perkebunan Plantation Statistics reports (e.g. first year a mill appears in a Dinas Perkebunan Plantation Statistics report),KETAPANG,ID-6106,KALIMANTAN BARAT
M-00247,PO1000001343,SINAR MAS,SUMBER INDAH PERKASA,SUNGAI MERAH,-4.219102244,105.589266,60,Operating,2006,Establishment year imputed based on Dinas Perkebunan Plantation Statistics reports (e.g. first year a mill appears in a Dinas Perkebunan Plantation Statistics report),TULANG BAWANG,ID-1808,LAMPUNG
M-00248,PO1000001152,SINAR MAS,SINAR MAS AGRO RESOURCES AND TECHNOLOGY,TANAH LAUT,-3.790167844,115.2832604,30,Operating,2005,Establishment year based on dinas perkebunan record of establishment (e.g. Dinas Perkebunan Plantation Statistics report of establishment dates),TANAH LAUT,ID-6301,KALIMANTAN SELATAN
M-00249,PO1000001151,SINAR MAS,SINAR MAS AGRO RESOURCES AND TECHNOLOGY,BATU AMPAR,-3.197561071,116.0211623,60,Operating,2000,Establishment year based on dinas perkebunan record of establishment (e.g. Dinas Perkebunan Plantation Statistics report of establishment dates),KOTABARU,ID-6302,KALIMANTAN SELATAN
M-00250,PO1000001383,SINAR MAS,FORESTA LESTARI DWIKARYA,TANJUNG KEMBIRI,-3.03125,107.771833,60,Operating,2004,"Mill known to exist in 2004 (source: Golder Associates (2006). Appendix VIII: Summary of Renewable Potential in Indonesia POM, Retrieved October 10, 2018, http://www.adb.org/Documents/Reports/Consulta nt/46557-INO/36557-INO-TACR- AppendixVIII.pdf)",BELITUNG,ID-1902,KEP. BANGKA BELITUNG
M-00251,PO1000004177,SALIM GROUP,PERUSAHAAN PERKEBUNAN LONDON SUMATRA INDONESIA,TERAWAS INDAH,-2.975828277,102.7883206,20,Operating,2004,"Mill known to exist in 2004 (source: Golder Associates (2006). Appendix VIII: Summary of Renewable Potential in Indonesia POM, Retrieved October 10, 2018, http://www.adb.org/Documents/Reports/Consulta nt/46557-INO/36557-INO-TACR- AppendixVIII.pdf)",MUSI RAWAS UTARA,ID-1613,SUMATERA SELATAN
M-00252,PO1000006977,SINAR MAS,SINAR KENCANA INTI PERKASA,KASUARI,-2.973111,140.029917,60,Operating,2004,"Mill known to exist in 2004 (source: Golder Associates (2006). Appendix VIII: Summary of Renewable Potential in Indonesia POM, Retrieved October 10, 2018, http://www.adb.org/Documents/Reports/Consulta nt/46557-INO/36557-INO-TACR- AppendixVIII.pdf)",JAYAPURA,ID-9403,PAPUA
M-00253,PO1000002320,SINAR MAS,SINAR MAS AGRO RESOURCES AND TECHNOLOGY,BUKIT KAPUR,-2.943303336,116.0467319,45,Operating,2008,Establishment year based on dinas perkebunan record of establishment (e.g. Dinas Perkebunan Plantation Statistics report of establishment dates),KOTABARU,ID-6302,KALIMANTAN SELATAN
M-00254,PO1000001631,SINAR MAS,DJUANDA SAWIT LESTARI,MUARA KANDIS,-2.89960299,103.178264,60,Operating,2007,Establishment year imputed based on Dinas Perkebunan Plantation Statistics reports (e.g. first year a mill appears in a Dinas Perkebunan Plantation Statistics report),MUSI RAWAS,ID-1605,SUMATERA SELATAN
M-00255,PO1000004132,SINAR MAS,SINAR KENCANA INTI PERKASA,SUNGAI MAGALAU,-2.785186,116.17128,15,Operating,1992,Establishment year based on dinas perkebunan record of establishment (e.g. Dinas Perkebunan Plantation Statistics report of establishment dates),KOTABARU,ID-6302,KALIMANTAN SELATAN
M-00256,PO1000007602,SINAR MAS,SAWITA KARYA MANUNGGUL,SAWITA,-2.547326158,116.1400009,40,Operating,2012,Establishment year based on dinas perkebunan record of establishment (e.g. Dinas Perkebunan Plantation Statistics report of establishment dates),KOTABARU,ID-6302,KALIMANTAN SELATAN
M-00257,PO1000002198,SINAR MAS,BINASAWIT ABADI PRATAMA,PERDANA,-2.422506,112.359586,80,Operating,2010,Establishment year based on dinas perkebunan record of establishment (e.g. Dinas Perkebunan Plantation Statistics report of establishment dates),SERUYAN,ID-6208,KALIMANTAN TENGAH
M-00258,PO1000001154,SINAR MAS,TAPIAN NADENGGAN,HANAU,-2.360861,112.109694,80,Operating,2001,Establishment year based on dinas perkebunan record of establishment (e.g. Dinas Perkebunan Plantation Statistics report of establishment dates),SERUYAN,ID-6208,KALIMANTAN TENGAH
M-00260,PO1000001155,SINAR MAS,BINASAWIT ABADI PRATAMA,SUNGAI RUNGAU,-2.320243081,112.3347852,80,Operating,2004,Establishment year based on dinas perkebunan record of establishment (e.g. Dinas Perkebunan Plantation Statistics report of establishment dates),SERUYAN,ID-6208,KALIMANTAN TENGAH
M-00261,PO1000001156,SINAR MAS,TAPIAN NADENGGAN,SEMILAR,-2.248111,112.340417,80,Operating,2008,Establishment year based on dinas perkebunan record of establishment (e.g. Dinas Perkebunan Plantation Statistics report of establishment dates),SERUYAN,ID-6208,KALIMANTAN TENGAH
M-00262,PO1000004656,SINAR MAS,MITRA KARYA AGRO INDO,TANGAR,-2.243602,112.299345,80,Operating,2013,Establishment year based on dinas perkebunan record of establishment (e.g. Dinas Perkebunan Plantation Statistics report of establishment dates),SERUYAN,ID-6208,KALIMANTAN TENGAH
M-00263,PO1000002863,SINAR MAS,KRESNA DUTA AGROINDO,PELAKAR,-2.185450343,102.6410428,60,Operating,1999,"Establishment year based off secondary sources (e.g. website, corporate report, etc)",SAROLANGUN,ID-1503,JAMBI
M-00265,PO1000001345,SINAR MAS,KRESNA DUTA AGROINDO,LANGLING,-2.09991209,102.3753982,60,Operating,1999,"Mill known to exist in 1999 (source: Taib, Gunatif (2000), Kajian Pengembangan Industri Crude Palm Oil Skala Kecil (Studi Kasus Pengembangan Industri Crude Palm Oil di Sumatera Barat), http://repository.ipb.ac.id/handle/123456789/5044)",MERANGIN,ID-1502,JAMBI
M-00266,PO1000008429,SINAR MAS,BAHANA KARYA SEMESTA,SUNGAI AIR JERNIH,-2.086256401,102.8010847,60,Operating,2006,"Establishment year based off secondary sources (e.g. website, corporate report, etc)",SAROLANGUN,ID-1503,JAMBI
M-00267,PO1000001344,SINAR MAS,KRESNA DUTA AGROINDO,JELATANG,-2.071053987,102.4857291,30,Operating,1999,"Mill known to exist in 1999 (source: Taib, Gunatif (2000), Kajian Pengembangan Industri Crude Palm Oil Skala Kecil (Studi Kasus Pengembangan Industri Crude Palm Oil di Sumatera Barat), http://repository.ipb.ac.id/handle/123456789/5044)",MERANGIN,ID-1502,JAMBI
M-00268,PO1000004655,SINAR MAS,AGROKARYA PRIMA LESTARI,KUAYAN,-1.970503,112.370324,80,Operating,2011,Establishment year based on dinas perkebunan record of establishment (e.g. Dinas Perkebunan Plantation Statistics report of establishment dates),KOTAWARINGIN TIMUR,ID-6202,KALIMANTAN TENGAH
M-00270,PO1000001722,SINAR MAS,SATYA KISMA USAHA,SUNGAI BENGKAL,-1.591488607,102.6092557,30,Operating,2005,Establishment year imputed based on Dinas Perkebunan Plantation Statistics reports (e.g. first year a mill appears in a Dinas Perkebunan Plantation Statistics report),TEBO,ID-1508,JAMBI
M-00271,PO1000001064,SINAR MAS,BUMIPALMA LESTARIPERSADA,BUMI PALMA,-0.5984299,102.9837653,30,Operating,2004,"Mill known to exist in 2004 (source: Golder Associates (2006). Appendix VIII: Summary of Renewable Potential in Indonesia POM, Retrieved October 10, 2018, http://www.adb.org/Documents/Reports/Consulta nt/46557-INO/36557-INO-TACR- AppendixVIII.pdf)",INDRAGIRI HILIR,ID-1403,RIAU
M-00272,PO1000001065,SINAR MAS,MEGANUSA INTISAWIT,INDRA SAKTI,-0.569421724,102.3045159,60,Operating,2013,Establishment year imputed based on Dinas Perkebunan Plantation Statistics reports (e.g. first year a mill appears in a Dinas Perkebunan Plantation Statistics report),INDRAGIRI HULU,ID-1402,RIAU
M-00274,PO1000003782,SINAR MAS,PARAMITRA INTERNUSA PRATAMA,BELIAN,0.486407965,111.8445021,80,Operating,2015,Establishment year imputed based on Dinas Perkebunan Plantation Statistics reports (e.g. first year a mill appears in a Dinas Perkebunan Plantation Statistics report),KAPUAS HULU,ID-6108,KALIMANTAN BARAT
M-00275,PO1000001920,SINAR MAS,TAPIAN NADENGGAN,JAK LUAY,0.9513082,116.9154001,80,Operating,2010,Establishment year imputed based on Dinas Perkebunan Plantation Statistics reports (e.g. first year a mill appears in a Dinas Perkebunan Plantation Statistics report),KUTAI TIMUR,ID-6404,KALIMANTAN TIMUR
M-00276,PO1000010249,SINAR MAS,KRESNA DUTA AGROINDO,GUNUNG KOMBENG,1.112055,117.02188,15,Operating,2010,Establishment year imputed based on Dinas Perkebunan Plantation Statistics reports (e.g. first year a mill appears in a Dinas Perkebunan Plantation Statistics report),KUTAI TIMUR,ID-6404,KALIMANTAN TIMUR
M-00277,PO1000001765,SINAR MAS,KRESNA DUTA AGROINDO,MUARA WAHAU,1.109973,117.022772,60,Operating,2005,Establishment year imputed based on Dinas Perkebunan Plantation Statistics reports (e.g. first year a mill appears in a Dinas Perkebunan Plantation Statistics report),KUTAI TIMUR,ID-6404,KALIMANTAN TIMUR
M-00278,PO1000001150,SINAR MAS,TAPIAN NADENGGAN,LANGGA PAYUNG,1.655470525,99.88662204,60,Operating,1988,"Establishment year based off secondary sources (e.g. website, corporate report, etc)",PADANG LAWAS UTARA,ID-1220,SUMATERA UTARA
M-00279,PO1000007626,SINAR MAS,ADITUNGGAL MAHAJAYA,SAKO,-2.0356,112.2387,80,Operating,2016,Establishment year based on dinas perkebunan record of establishment (e.g. Dinas Perkebunan Plantation Statistics report of establishment dates),SERUYAN,ID-6208,KALIMANTAN TENGAH
M-00280,PO1000007509,UNKNOWN,GOLDEN OILINDO NUSANTARA,GOLDEN OILINDO NUSANTARA,-3.11916721,104.6941501,45,Operating,2016,"Establishment year based off secondary sources (e.g. website, corporate report, etc)",OGAN ILIR,ID-1610,SUMATERA SELATAN
M-00281,PO1000003333,GOODHOPE,AGRO BUKIT,SUNGAI BINTI,-2.563748062,112.7693511,90,Operating,2010,Establishment year based on dinas perkebunan record of establishment (e.g. Dinas Perkebunan Plantation Statistics report of establishment dates),KOTAWARINGIN TIMUR,ID-6202,KALIMANTAN TENGAH
M-00282,PO1000002677,GOODHOPE,AGRO INDOMAS,TERAWAN,-2.559987288,112.3734772,90,Operating,2001,Establishment year based on dinas perkebunan record of establishment (e.g. Dinas Perkebunan Plantation Statistics report of establishment dates),SERUYAN,ID-6208,KALIMANTAN TENGAH
M-00285,PO1000003927,GOODHOPE,AGRO WANA LESTARI,BUKIT SANTUAI,-1.857639,112.397722,90,Operating,2012,Establishment year based on dinas perkebunan record of establishment (e.g. Dinas Perkebunan Plantation Statistics report of establishment dates),KOTAWARINGIN TIMUR,ID-6202,KALIMANTAN TENGAH
M-00286,PO1000008343,GOZCO PLANTATIONS,SURYABUMI AGROLANGGENG,SURYABUMI AGROLANGGENG,-3.359441354,103.8857442,90,Operating,2004,"Establishment year based off secondary sources (e.g. website, corporate report, etc)",MUARA ENIM,ID-1603,SUMATERA SELATAN
M-00287,PO1000004456,ERAKARYA,PUJUD KARYA SAWIT,PUJUD KARYA SAWIT,1.376395522,100.5261784,45,Operating,2014,"Establishment year based off secondary sources (e.g. website, corporate report, etc)",ROKAN HILIR,ID-1409,RIAU
M-00288,PO1000004291,UNKNOWN,DEWA RENCANA PERANGIN ANGIN,DEWA RENCANA PERANGIN ANGIN,3.503115656,98.43524444,,Operating,2003,Establishment year based on other government record of establishment (e.g. Permit database),LANGKAT,ID-1213,SUMATERA UTARA
M-00289,PO1000004309,ERAKARYA,KOPERASI PRIMA JASA,KOPERASI PRIMA JASA,4.597793497,97.9018798,30,Operating,2014,"Establishment year based off secondary sources (e.g. website, corporate report, etc)",ACEH TIMUR,ID-1105,ACEH
M-00290,PO1000008277,UNKNOWN,GRAHA PERMATA HIJAU,GRAHA PERMATA HIJAU,1.119942806,100.8499183,30,Operating,2014,Establishment year imputed based on Dinas Perkebunan Plantation Statistics reports (e.g. first year a mill appears in a Dinas Perkebunan Plantation Statistics report),ROKAN HULU,ID-1407,RIAU
M-00291,PO1000004094,MENTARI,GRAHACIPTA BANGKOJAYA,GRAHACIPTA BANGKOJAYA,-2.083293885,102.4363225,60,Operating,2005,Establishment year based on other government record of establishment (e.g. Permit database),MERANGIN,ID-1502,JAMBI
M-00292,PO1000007541,MUJUR,GRUTI LESTARI PRATAMA,GRUTI LESTARI PRATAMA,0.513844501,99.27110662,45,Operating,2015,"Establishment year based off secondary sources (e.g. website, corporate report, etc)",MANDAILING NATAL,ID-1202,SUMATERA UTARA
M-00293,PO1000006328,UNKNOWN,GUNA AGUNG SEMESTA,GUNA AGUNG SEMESTA,0.987795144,101.2447852,60,Operating,2008,Establishment year imputed based on Dinas Perkebunan Plantation Statistics reports (e.g. first year a mill appears in a Dinas Perkebunan Plantation Statistics report),SIAK,ID-1405,RIAU
M-00294,PO1000008224,UNKNOWN,GUNA SETIA PRATAMA,GUNA SETIA PRATAMA,0.428700853,101.5966938,45,Operating,2014,"Establishment year based off secondary sources (e.g. website, corporate report, etc)",PELALAWAN,ID-1404,RIAU
M-00295,PO1000007547,INCASI RAYA (GUNAS),AGRO SUKSES LESTARI,AGRO SUKSES LESTARI,0.227617907,111.6649901,100,Operating,2014,Establishment year based on other government record of establishment (e.g. Permit database),SINTANG,ID-6107,KALIMANTAN BARAT
M-00296,PO1000004427,SALIM GROUP,MULTI PACIFIC INTERNATIONAL,CIPTA GRAHA,1.000403,117.768977,45,Operating,2011,Establishment year imputed based on Dinas Perkebunan Plantation Statistics reports (e.g. first year a mill appears in a Dinas Perkebunan Plantation Statistics report),KUTAI TIMUR,ID-6404,KALIMANTAN TIMUR
M-00297,PO1000006293,INDOGUNTA,GUNTA SAMBA,AMPENAS,1.2123174,117.8084828,60,Operating,2010,Establishment year imputed based on Dinas Perkebunan Plantation Statistics reports (e.g. first year a mill appears in a Dinas Perkebunan Plantation Statistics report),KUTAI TIMUR,ID-6404,KALIMANTAN TIMUR
M-00298,PO1000008131,UNKNOWN,GUNUNG SAWIT ABADI,KINALI,-0.046298386,99.91480448,45,Operating,2017,"Establishment year based off secondary sources (e.g. website, corporate report, etc)",PASAMAN BARAT,ID-1312,SUMATERA BARAT
M-00299,PO1000009580,UNKNOWN,GUNUNG SAWIT MAS,GUNUNG SAWIT MAS,1.0819503,100.2951493,40,Operating,2014,"Establishment year based off secondary sources (e.g. website, corporate report, etc)",ROKAN HULU,ID-1407,RIAU
M-00300,PO1000004320,UNKNOWN,HARAPAN JAYA SAWITA,HARAPAN JAYA SAWITA,3.863000841,98.42133106,,Operating,2013,"Earliest year mill found to exist based on photo-interpretation of high-resolution satellite imagery, manufacturing census data, traceability reports and other secondary sources (or combination of these sources)",LANGKAT,ID-1213,SUMATERA UTARA
M-00301,PO1000006210,KPN CORP,HARAPAN SAWIT SEJAHTERAH,HARAPAN SAWIT SEJAHTERAH,-1.7533389,116.121336,30,Operating,2005,Establishment year imputed based on Dinas Perkebunan Plantation Statistics reports (e.g. first year a mill appears in a Dinas Perkebunan Plantation Statistics report),PASER,ID-6401,KALIMANTAN TIMUR
M-00302,PO1000006348,CENTRAL CIPTA MURDAYA (CCM),HARDAYA INTI PLANTATIONS,LEOK,1.026388889,121.3608333,90,Operating,2000,"Establishment year based off secondary sources (e.g. website, corporate report, etc)",BUOL,ID-7207,SULAWESI TENGAH
M-00304,PO1000004555,CENTRAL CIPTA MURDAYA (CCM),SEBAKIS INTI LESTARI,SEBAKIS INTI LESTARI,4.008269525,117.2549204,60,Operating,2011,Establishment year imputed based on Dinas Perkebunan Plantation Statistics reports (e.g. first year a mill appears in a Dinas Perkebunan Plantation Statistics report),NUNUKAN,ID-6504,KALIMANTAN UTARA
M-00305,PO1000004203,GROWTH STEEL,HARKAT SEJAHTERA,HARKAT SEJAHTERA,3.061718098,99.42965535,45,Operating,2005,"Establishment year based off secondary sources (e.g. website, corporate report, etc)",SIMALUNGUN,ID-1209,SUMATERA UTARA
M-00306,PO1000004260,SUPERVENTURE,HASIL KARYA BUMI SEJATI,HASIL KARYA BUMI SEJATI,1.451305963,100.6159142,45,Operating,2007,Establishment year based on other government record of establishment (e.g. Permit database),ROKAN HILIR,ID-1409,RIAU
M-00307,PO1000006236,HASNUR,HASNUR CITRA TERPADU,HASNUR CITRA TERPADU,-2.961579544,114.9858506,45,Operating,2013,"Establishment year based off secondary sources (e.g. website, corporate report, etc)",TAPIN,ID-6305,KALIMANTAN SELATAN
M-00308,PO1000004496,HERFINTA,HERFINTA FARM & PLANTATION,HERFINTA FARM & PLANTATION,1.854133387,100.1660759,40,Operating,1999,"Establishment year based off secondary sources (e.g. website, corporate report, etc)",LABUHAN BATU SELATAN,ID-1222,SUMATERA UTARA
M-00309,PO1000004241,HUTAHAEAN,HUTAHAEAN,TELUK SONO,1.06,100.7572,30,Operating,2004,"Establishment year based off secondary sources (e.g. website, corporate report, etc)",ROKAN HULU,ID-1407,RIAU
M-00310,PO1000004443,HUTAHAEAN,HUTAHAEAN,DALU DALU,1.179548619,100.2689504,60,Operating,1998,"Establishment year based off secondary sources (e.g. website, corporate report, etc)",ROKAN HULU,ID-1407,RIAU
M-00311,PO1000004533,KUALA LUMPUR KEPONG (KLK),HUTAN HIJAU MAS,BERAU,2.212039798,117.1671114,120,Operating,2010,Establishment year imputed based on Dinas Perkebunan Plantation Statistics reports (e.g. first year a mill appears in a Dinas Perkebunan Plantation Statistics report),BERAU,ID-6405,KALIMANTAN TIMUR
M-00314,PO1000004169,INCASI RAYA (GUNAS),SUMATERA JAYA AGRO LESTARI,SILAUT,-2.32804846,100.9940559,60,Operating,2013,"Earliest year mill found to exist based on photo-interpretation of high-resolution satellite imagery, manufacturing census data, traceability reports and other secondary sources (or combination of these sources)",PESISIR SELATAN,ID-1302,SUMATERA BARAT
M-00315,PO1000004530,INCASI RAYA (GUNAS),INCASI RAYA,SODETAN,-2.18273043,100.9180891,20,Operating,2008,"Earliest year mill found to exist based on photo-interpretation of high-resolution satellite imagery, manufacturing census data, traceability reports and other secondary sources (or combination of these sources)",PESISIR SELATAN,ID-1302,SUMATERA BARAT
M-00316,PO1000004100,INCASI RAYA (GUNAS),MEGASAWINDO PERKASA,MEGASAWINDO PERKASA,-1.683782542,102.2346696,80,Operating,2009,Establishment year imputed based on Dinas Perkebunan Plantation Statistics reports (e.g. first year a mill appears in a Dinas Perkebunan Plantation Statistics report),BUNGO,ID-1509,JAMBI
M-00318,PO1000004464,INCASI RAYA (GUNAS),JAMIKA RAYA,JAMIKA RAYA,-1.444761401,101.7513474,60,Operating,1999,Establishment year based on other government record of establishment (e.g. Permit database),BUNGO,ID-1509,JAMBI
M-00319,PO1000004864,INCASI RAYA (GUNAS),BINA PRATAMA SAKATO JAYA,SOLOK SELATAN,-1.392677688,101.5940118,60,Operating,2015,"Establishment year based off secondary sources (e.g. website, corporate report, etc)",SOLOK SELATAN,ID-1310,SUMATERA BARAT
M-00320,PO1000004451,INCASI RAYA (GUNAS),INCASI RAYA,PANGIAN,-1.321157165,101.6471697,50,Operating,1999,"Mill known to exist in 1999 (source: Taib, Gunatif (2000), Kajian Pengembangan Industri Crude Palm Oil Skala Kecil (Studi Kasus Pengembangan Industri Crude Palm Oil di Sumatera Barat), http://repository.ipb.ac.id/handle/123456789/5044)",DHARMASRAYA,ID-1311,SUMATERA BARAT
M-00321,PO1000004447,INCASI RAYA (GUNAS),SELAGO MAKMUR PLANTATION,SELAGO MAKMUR PLANTATION,-1.251020069,101.5735979,40,Operating,2006,"Earliest year mill found to exist based on photo-interpretation of high-resolution satellite imagery, manufacturing census data, traceability reports and other secondary sources (or combination of these sources)",DHARMASRAYA,ID-1311,SUMATERA BARAT
M-00322,PO1000004426,INCASI RAYA (GUNAS),SUMBAR ANDALAS KENCANA,SUMBAR ANDALAS KENCANA,-0.996382973,101.7401164,60,Operating,1999,"Mill known to exist in 1999 (source: Taib, Gunatif (2000), Kajian Pengembangan Industri Crude Palm Oil Skala Kecil (Studi Kasus Pengembangan Industri Crude Palm Oil di Sumatera Barat), http://repository.ipb.ac.id/handle/123456789/5044)",DHARMASRAYA,ID-1311,SUMATERA BARAT
M-00323,PO1000004337,INCASI RAYA (GUNAS),MULTI JAYA PERKASA,MULTI JAYA PERKASA,-0.040759488,110.8063853,30,Operating,2006,Establishment year imputed based on Dinas Perkebunan Plantation Statistics reports (e.g. first year a mill appears in a Dinas Perkebunan Plantation Statistics report),SEKADAU,ID-6109,KALIMANTAN BARAT
M-00324,PO1000004375,INCASI RAYA (GUNAS),BINTARA TANI NUSANTARA,BINTARA TANI NUSANTARA,0.332209472,99.38150705,100,Operating,2010,"Establishment year based off secondary sources (e.g. website, corporate report, etc)",PASAMAN BARAT,ID-1312,SUMATERA BARAT
M-00325,PO1000004378,INCASI RAYA (GUNAS),PASAMAN MARAMA SEJAHTERA,PASAMAN MARAMA SEJAHTERA,0.363985284,99.63302078,60,Operating,2008,"Earliest year mill found to exist based on photo-interpretation of high-resolution satellite imagery, manufacturing census data, traceability reports and other secondary sources (or combination of these sources)",PASAMAN BARAT,ID-1312,SUMATERA BARAT
M-00326,PO1000008137,INDAH,SUN SAWIT,SUN SAWIT,-3.16833056,104.8919944,45,Operating,2015,"Earliest year mill found to exist based on photo-interpretation of high-resolution satellite imagery, manufacturing census data, traceability reports and other secondary sources (or combination of these sources)",OGAN KOMERING ILIR,ID-1602,SUMATERA SELATAN
M-00327,PO1000008178,INDAH,BASTIAN OLAH SAWIT,BASTIAN OLAH SAWIT,-2.351332091,103.9125072,30,Operating,2013,Establishment year imputed based on Dinas Perkebunan Plantation Statistics reports (e.g. first year a mill appears in a Dinas Perkebunan Plantation Statistics report),MUSI BANYUASIN,ID-1606,SUMATERA SELATAN
M-00328,PO1000008171,INDAH,BANGUN TENERA RIAU,BANGUN TENERA RIAU,0.289943542,101.4167199,30,Operating,2005,Establishment year imputed based on Dinas Perkebunan Plantation Statistics reports (e.g. first year a mill appears in a Dinas Perkebunan Plantation Statistics report),KAMPAR,ID-1406,RIAU
M-00329,PO1000004200,INDAH,HUTA BAYU MARSADA,HUTA BAYU MARSADA,3.061931583,99.33501848,60,Operating,2014,"Establishment year based off secondary sources (e.g. website, corporate report, etc)",SIMALUNGUN,ID-1209,SUMATERA UTARA
M-00330,PO1000007613,SALIM GROUP,MENTARI SUBUR ABADI,MUARA MERANG,-2.143618,104.198207,80,Operating,2014,Establishment year imputed based on Dinas Perkebunan Plantation Statistics reports (e.g. first year a mill appears in a Dinas Perkebunan Plantation Statistics report),MUSI BANYUASIN,ID-1606,SUMATERA SELATAN
M-00331,PO1000002651,SALIM GROUP,INDRIPLANT,NAPAL,-0.678269293,101.9137708,30,Operating,1999,"Establishment year based off secondary sources (e.g. website, corporate report, etc)",INDRAGIRI HULU,ID-1402,RIAU
M-00332,PO1000002653,SALIM GROUP,SERIKAT PUTRA,LUBUK RAJA,0.126548937,102.1260302,75,Operating,1992,"Establishment year based off secondary sources (e.g. website, corporate report, etc)",PELALAWAN,ID-1404,RIAU
M-00333,PO1000004376,SALIM GROUP,RIAU AGROTAMA PLANTATION,NANGA SILAT,0.336148398,111.8137485,30,Operating,2012,"Establishment year based off secondary sources (e.g. website, corporate report, etc)",KAPUAS HULU,ID-6108,KALIMANTAN BARAT
M-00334,PO1000006346,INDOGUNTA,GUNTA SAMBA JAYA,MERAPUN,1.374240874,117.1447303,60,Operating,2013,Establishment year imputed based on Dinas Perkebunan Plantation Statistics reports (e.g. first year a mill appears in a Dinas Perkebunan Plantation Statistics report),KUTAI TIMUR,ID-6404,KALIMANTAN TIMUR
M-00335,PO1000002159,SALIM GROUP,GUNUNG MAS RAYA,SUNGAI BANGKO,1.584005387,100.6788722,60,Operating,1994,"Establishment year based off secondary sources (e.g. website, corporate report, etc)",ROKAN HILIR,ID-1409,RIAU
M-00336,PO1000000567,SALIM GROUP,SALIM IVOMAS PRATAMA,KAYANGAN,1.6604885,100.5913724,60,Operating,1989,"Establishment year based off secondary sources (e.g. website, corporate report, etc)",ROKAN HILIR,ID-1409,RIAU
M-00337,PO1000002158,SALIM GROUP,SALIM IVOMAS PRATAMA,SEI DUA,1.7513888,100.5910694,45,Operating,1998,"Establishment year based off secondary sources (e.g. website, corporate report, etc)",ROKAN HILIR,ID-1409,RIAU
M-00338,PO1000006258,SALIM GROUP,SALIM IVOMAS PRATAMA,BALAM,1.762556188,100.6198509,45,Operating,1998,"Establishment year based off secondary sources (e.g. website, corporate report, etc)",ROKAN HILIR,ID-1409,RIAU
M-00339,PO1000002227,SALIM GROUP,PERUSAHAAN PERKEBUNAN LONDON SUMATRA INDONESIA,DOLOK,3.164803434,99.43063703,45,Operating,1999,"Mill known to exist in 1999 (source: Taib, Gunatif (2000), Kajian Pengembangan Industri Crude Palm Oil Skala Kecil (Studi Kasus Pengembangan Industri Crude Palm Oil di Sumatera Barat), http://repository.ipb.ac.id/handle/123456789/5044)",BATU BARA,ID-1219,SUMATERA UTARA
M-00341,PO1000007548,MUSIM MAS,INDOMAKMUR SAWIT BERJAYA,INDOMAKMUR SAWIT BERJAYA,0.934892965,100.3521736,45,Operating,2003,"Establishment year based off secondary sources (e.g. website, corporate report, etc)",ROKAN HULU,ID-1407,RIAU
M-00342,PO1000006145,KUALA LUMPUR KEPONG (KLK),INDONESIA PLANTATION SYNERGY,INDONESIA PLANTATION SYNERGY,0.782705708,117.9914691,60,Operating,2013,"Establishment year based off secondary sources (e.g. website, corporate report, etc)",KUTAI TIMUR,ID-6404,KALIMANTAN TIMUR
M-00343,PO1000007492,UNKNOWN,CONDONG GARUT,CONDONG GARUT,-7.594167,107.66,20,Operating,1980,"Establishment year based off secondary sources (e.g. website, corporate report, etc)",GARUT,ID-3205,JAWA BARAT
M-00344,PO1000004348,UNKNOWN,INKUD AGRITAMA,INKUD AGRITAMA,-0.069241171,100.0222431,15,Operating,2010,Establishment year imputed based on Dinas Perkebunan Plantation Statistics reports (e.g. first year a mill appears in a Dinas Perkebunan Plantation Statistics report),PASAMAN BARAT,ID-1312,SUMATERA BARAT
M-00345,PO1000000279,ROYAL GOLDEN EAGLE,INTI INDOSAWIT SUBUR,MUARA BULIAN,-1.586321324,103.2041764,80,Operating,1999,"Mill known to exist in 1999 (source: Taib, Gunatif (2000), Kajian Pengembangan Industri Crude Palm Oil Skala Kecil (Studi Kasus Pengembangan Industri Crude Palm Oil di Sumatera Barat), http://repository.ipb.ac.id/handle/123456789/5044)",BATANG HARI,ID-1504,JAMBI
M-00346,PO1000000345,ROYAL GOLDEN EAGLE,INTI INDOSAWIT SUBUR,TUNGKAL ULU,-1.301097824,102.9803844,60,Operating,1999,"Mill known to exist in 1999 (source: Taib, Gunatif (2000), Kajian Pengembangan Industri Crude Palm Oil Skala Kecil (Studi Kasus Pengembangan Industri Crude Palm Oil di Sumatera Barat), http://repository.ipb.ac.id/handle/123456789/5044)",TANJUNG JABUNG BARAT,ID-1507,JAMBI
M-00347,PO1000002143,ROYAL GOLDEN EAGLE,DASA ANUGERAH SEJATI,TAMAN RAJA,-1.176424083,103.0083435,45,Operating,2006,"Establishment year based off secondary sources (e.g. website, corporate report, etc)",TANJUNG JABUNG BARAT,ID-1507,JAMBI
M-00348,PO1000002063,ROYAL GOLDEN EAGLE,RIGUNAS AGRI UTAMA,PERANAP,-0.584387306,102.0203367,45,Operating,2000,"Establishment year based off secondary sources (e.g. website, corporate report, etc)",INDRAGIRI HULU,ID-1402,RIAU
M-00349,PO1000002491,ROYAL GOLDEN EAGLE,INTI INDOSAWIT SUBUR,UKUI II,-0.277221076,102.116035,60,Operating,2004,"Mill known to exist in 2004 (source: Golder Associates (2006). Appendix VIII: Summary of Renewable Potential in Indonesia POM, Retrieved October 10, 2018, http://www.adb.org/Documents/Reports/Consulta nt/46557-INO/36557-INO-TACR- AppendixVIII.pdf)",INDRAGIRI HULU,ID-1402,RIAU
M-00350,PO1000000148,ROYAL GOLDEN EAGLE,INTI INDOSAWIT SUBUR,UKUI I,-0.225539183,102.0941392,60,Operating,2004,"Mill known to exist in 2004 (source: Golder Associates (2006). Appendix VIII: Summary of Renewable Potential in Indonesia POM, Retrieved October 10, 2018, http://www.adb.org/Documents/Reports/Consulta nt/46557-INO/36557-INO-TACR- AppendixVIII.pdf)",PELALAWAN,ID-1404,RIAU
M-00351,PO1000008400,SOUTHERN ACIDS BERHAD,MUSTIKA AGRO SARI,MUSTIKA AGRO SARI,-0.113381954,101.2927716,45,Operating,2002,"Establishment year based off secondary sources (e.g. website, corporate report, etc)",KUANTAN SINGINGI,ID-1401,RIAU
M-00352,PO1000004157,ROYAL GOLDEN EAGLE,MITRA UNGGUL PUSAKA,SEGATI,0.141477171,101.6458363,30,Operating,2004,"Mill known to exist in 2004 (source: Golder Associates (2006). Appendix VIII: Summary of Renewable Potential in Indonesia POM, Retrieved October 10, 2018, http://www.adb.org/Documents/Reports/Consulta nt/46557-INO/36557-INO-TACR- AppendixVIII.pdf)",PELALAWAN,ID-1404,RIAU
M-00353,PO1000000021,ROYAL GOLDEN EAGLE,INTI INDOSAWIT SUBUR,BUATAN I,0.434529548,101.8229715,60,Operating,1991,"Establishment year based off secondary sources (e.g. website, corporate report, etc)",SIAK,ID-1405,RIAU
M-00354,PO1000000382,ROYAL GOLDEN EAGLE,INTI INDOSAWIT SUBUR,BUATAN II,0.460034184,101.8674414,30,Operating,2004,"Mill known to exist in 2004 (source: Golder Associates (2006). Appendix VIII: Summary of Renewable Potential in Indonesia POM, Retrieved October 10, 2018, http://www.adb.org/Documents/Reports/Consulta nt/46557-INO/36557-INO-TACR- AppendixVIII.pdf)",SIAK,ID-1405,RIAU
M-00355,PO1000002142,ROYAL GOLDEN EAGLE,TUNGGAL YUNUS ESTATE,TOPAZ,0.689186565,100.9342207,45,Operating,2001,"Establishment year based off secondary sources (e.g. website, corporate report, etc)",KAMPAR,ID-1406,RIAU
M-00356,PO1000002913,ROYAL GOLDEN EAGLE,RIGUNAS AGRI UTAMA,BUNGO TEBO,-1.346735097,102.4563224,60,Operating,2009,Establishment year imputed based on Dinas Perkebunan Plantation Statistics reports (e.g. first year a mill appears in a Dinas Perkebunan Plantation Statistics report),TEBO,ID-1508,JAMBI
M-00357,PO1000002145,ROYAL GOLDEN EAGLE,SUPRA MATRA ABADI,AEK NABARA,1.999470303,99.94008054,60,Operating,1999,"Mill known to exist in 1999 (source: Taib, Gunatif (2000), Kajian Pengembangan Industri Crude Palm Oil Skala Kecil (Studi Kasus Pengembangan Industri Crude Palm Oil di Sumatera Barat), http://repository.ipb.ac.id/handle/123456789/5044)",LABUHAN BATU,ID-1207,SUMATERA UTARA
M-00358,PO1000002146,ROYAL GOLDEN EAGLE,SUPRA MATRA ABADI,TELUK PANJIE,2.002694577,100.2438172,30,Operating,1999,"Mill known to exist in 1999 (source: Taib, Gunatif (2000), Kajian Pengembangan Industri Crude Palm Oil Skala Kecil (Studi Kasus Pengembangan Industri Crude Palm Oil di Sumatera Barat), http://repository.ipb.ac.id/handle/123456789/5044)",LABUHAN BATU SELATAN,ID-1222,SUMATERA UTARA
M-00359,PO1000002147,ROYAL GOLDEN EAGLE,HARI SAWIT JAYA,NEGERI LAMA I,2.359694,100.041889,45,Operating,1997,"Establishment year based off secondary sources (e.g. website, corporate report, etc)",LABUHAN BATU,ID-1207,SUMATERA UTARA
M-00360,PO1000003004,ROYAL GOLDEN EAGLE,HARI SAWIT JAYA,NEGERI LAMA II,2.360159821,100.0353149,45,Operating,2002,"Establishment year based off secondary sources (e.g. website, corporate report, etc)",LABUHAN BATU,ID-1207,SUMATERA UTARA
M-00361,PO1000002608,ROYAL GOLDEN EAGLE,GUNUNG MELAYU,GUNUNG MELAYU II,2.74958695,99.47003897,30,Operating,1999,"Mill known to exist in 1999 (source: Taib, Gunatif (2000), Kajian Pengembangan Industri Crude Palm Oil Skala Kecil (Studi Kasus Pengembangan Industri Crude Palm Oil di Sumatera Barat), http://repository.ipb.ac.id/handle/123456789/5044)",ASAHAN,ID-1208,SUMATERA UTARA
M-00362,PO1000002609,ROYAL GOLDEN EAGLE,SAUDARA SEJATI LUHUR,GUNUNG MELAYU I,2.791858409,99.59858285,30,Operating,1984,"Establishment year based off secondary sources (e.g. website, corporate report, etc)",ASAHAN,ID-1208,SUMATERA UTARA
M-00363,PO1000002144,ROYAL GOLDEN EAGLE,SUPRA MATRA ABADI,TANAH DATAR,3.148258876,99.55686705,20,Operating,1991,"Establishment year based off secondary sources (e.g. website, corporate report, etc)",BATU BARA,ID-1219,SUMATERA UTARA
M-00364,PO1000004867,IOI CORPORATION,SUKSES KARYA SAWIT,SUKSES KARYA SAWIT,-2.800204,110.593202,45,Operating,2015,"Establishment year based off secondary sources (e.g. website, corporate report, etc)",KETAPANG,ID-6106,KALIMANTAN BARAT
M-00365,PO1000006246,J.A. WATTIE (JAWA),KINTAP JAYA WATTINDO,KINTAP JAYA WATTINDO,-3.898355514,115.2051653,45,Operating,2008,"Establishment year based off secondary sources (e.g. website, corporate report, etc)",TANAH LAUT,ID-6301,KALIMANTAN SELATAN
M-00366,PO1000008156,J.A. WATTIE (JAWA),AGRI BUMI SENTOSA,AGRI BUMI SENTOSA,-2.962935832,114.7101811,45,Operating,2015,"Establishment year based off secondary sources (e.g. website, corporate report, etc)",BARITO KUALA,ID-6304,KALIMANTAN SELATAN
M-00367,PO1000007524,UNKNOWN,JABAL PERKASA,JABAL PERKASA,1.061787414,100.1314836,30,Operating,2014,Establishment year imputed based on Dinas Perkebunan Plantation Statistics reports (e.g. first year a mill appears in a Dinas Perkebunan Plantation Statistics report),ROKAN HULU,ID-1407,RIAU
M-00369,PO1000004563,UNKNOWN,JAYA BARU PERTAMA,JAYA BARU PERTAMA,4.065683301,98.21593455,20,Operating,1999,"Mill known to exist in 1999 (source: Taib, Gunatif (2000), Kajian Pengembangan Industri Crude Palm Oil Skala Kecil (Studi Kasus Pengembangan Industri Crude Palm Oil di Sumatera Barat), http://repository.ipb.ac.id/handle/123456789/5044)",LANGKAT,ID-1213,SUMATERA UTARA
M-00370,PO1000007653,UNKNOWN,JAYA GEMILANG SUKSES,JAYA GEMILANG SUKSES,1.599828,100.906289,30,Operating,2016,"Establishment year based off secondary sources (e.g. website, corporate report, etc)",ROKAN HILIR,ID-1409,RIAU
M-00371,PO1000004557,UNKNOWN,ANUGERAH LANGKAT MAKMUR,BUKIT MAS,4.013596627,98.19467361,30,Operating,1988,Establishment year based on other government record of establishment (e.g. Permit database),LANGKAT,ID-1213,SUMATERA UTARA
M-00372,PO1000004553,UNKNOWN,JAYA PALMA NUSANTARA,JAYA PALMA NUSANTARA,3.963871291,98.36341357,,Operating,2009,"Establishment year based off secondary sources (e.g. website, corporate report, etc)",LANGKAT,ID-1213,SUMATERA UTARA
M-00373,PO1000008233,JC CHEMICAL,NIAGA MAS GEMILANG,NIAGA MAS GEMILANG,-0.592333,116.8225,60,Operating,2017,"Establishment year based off secondary sources (e.g. website, corporate report, etc)",KUTAI KARTANEGARA,ID-6403,KALIMANTAN TIMUR
M-00374,PO1000004395,UNKNOWN,TAMORA AGRO LESTARI,TAMORA AGRO LESTARI,-0.531559695,101.4178904,30,Operating,2013,"Establishment year based off secondary sources (e.g. website, corporate report, etc)",KUANTAN SINGINGI,ID-1401,RIAU
M-00375,PO1000006176,ANUGERAH TANI MAKMUR,PERSADA AGRO SAWITA,PERSADA AGRO SAWITA,-0.407998469,102.3566182,30,Operating,2016,"Establishment year based off secondary sources (e.g. website, corporate report, etc)",INDRAGIRI HULU,ID-1402,RIAU
M-00376,PO1000008145,TIANJIN JULONG,PALMINA UTAMA,PALMINA UTAMA,-3.054309519,114.8713152,60,Operating,2011,"Establishment year based off secondary sources (e.g. website, corporate report, etc)",BANJAR,ID-6303,KALIMANTAN SELATAN
M-00377,PO1000007463,UNKNOWN,KALIMANTAN AGRO PUSAKA,SUNGAI SEPETI,-0.829559683,109.8845328,30,Operating,2015,"Establishment year based off secondary sources (e.g. website, corporate report, etc)",KAYONG UTARA,ID-6111,KALIMANTAN BARAT
M-00378,PO1000008615,DARMEX AGRO,JOHAN SENTOSA,BANGKINANG,0.427780004,100.9208237,30,Operating,1996,"Establishment year based off secondary sources (e.g. website, corporate report, etc)",KAMPAR,ID-1406,RIAU
M-00379,PO1000007618,KALIMANTAN PLANTATION UNIT (KPU),KALIMANTAN RIA SEJAHTERA,SONDAI MUARA,-1.179315319,114.0318141,45,Operating,2011,Establishment year based on dinas perkebunan record of establishment (e.g. Dinas Perkebunan Plantation Statistics report of establishment dates),KAPUAS,ID-6203,KALIMANTAN TENGAH
M-00380,PO1000003258,CITRA BORNEO INDAH (CBI),KALIMANTAN SAWIT ABADI,NATAI BARU,-2.605913181,111.6671073,60,Operating,2008,Establishment year based on dinas perkebunan record of establishment (e.g. Dinas Perkebunan Plantation Statistics report of establishment dates),KOTAWARINGIN BARAT,ID-6201,KALIMANTAN TENGAH
M-00381,PO1000004163,KALIMANTAN SAWIT KUSUMA (KSK),KALIMANTAN SAWIT KUSUMA,KALIMANTAN SAWIT KUSUMA,-2.292909184,111.1673778,90,Operating,2002,Establishment year based on dinas perkebunan record of establishment (e.g. Dinas Perkebunan Plantation Statistics report of establishment dates),SUKAMARA,ID-6206,KALIMANTAN TENGAH
M-00382,PO1000004300,UNKNOWN,KALLISTA ALAM,KALLISTA ALAM,3.871466449,96.58248709,30,Operating,2006,"Earliest year mill found to exist based on photo-interpretation of high-resolution satellite imagery, manufacturing census data, traceability reports and other secondary sources (or combination of these sources)",NAGAN RAYA,ID-1115,ACEH
M-00383,PO1000004583,UNKNOWN,SYAUKATH SEJAHTERA,SYAUKATH SEJAHTERA,5.226665122,96.89815002,30,Operating,2012,"Establishment year based off secondary sources (e.g. website, corporate report, etc)",BIREUEN,ID-1110,ACEH
M-00385,PO1000006182,UNKNOWN,KARIMUN AROMATICS,KARIMUN AROMATICS,4.013470755,98.14919441,30,Operating,1999,"Mill known to exist in 1999 (source: Taib, Gunatif (2000), Kajian Pengembangan Industri Crude Palm Oil Skala Kecil (Studi Kasus Pengembangan Industri Crude Palm Oil di Sumatera Barat), http://repository.ipb.ac.id/handle/123456789/5044)",LANGKAT,ID-1213,SUMATERA UTARA
M-00386,PO1000007553,KALIMANTAN PLANTATION UNIT (KPU),KARYA DEWI PUTRA,KATINGAN CENTRAL,-1.438169,112.874141,60,Operating,2010,Establishment year based on dinas perkebunan record of establishment (e.g. Dinas Perkebunan Plantation Statistics report of establishment dates),KATINGAN,ID-6209,KALIMANTAN TENGAH
M-00387,PO1000004075,SUPERVENTURE,KARYA INDO SEJATITAMA,KARYA INDO SEJATITAMA,-2.997577322,102.7866368,45,Operating,2014,Establishment year imputed based on Dinas Perkebunan Plantation Statistics reports (e.g. first year a mill appears in a Dinas Perkebunan Plantation Statistics report),MUSI RAWAS,ID-1605,SUMATERA SELATAN
M-00388,PO1000007546,SUPERVENTURE,KARYA INDORATA PERSADA,KARYA INDORATA PERSADA,0.112543129,101.2357419,45,Operating,2013,Establishment year imputed based on Dinas Perkebunan Plantation Statistics reports (e.g. first year a mill appears in a Dinas Perkebunan Plantation Statistics report),KAMPAR,ID-1406,RIAU
M-00390,PO1000008616,SINAR JAYA AGRO INVESTAMA (SJAI),KARYA SAWITINDO MAS,KARYA SAWITINDO MAS,-2.461683006,101.1244132,60,Operating,2010,"Establishment year based off secondary sources (e.g. website, corporate report, etc)",MUKO-MUKO,ID-1706,BENGKULU
M-00391,PO1000004139,UNKNOWN,KARYA SAWIT LESTARI,KARYA SAWIT LESTARI,-2.846853788,104.2633561,100,Operating,2005,Establishment year imputed based on Dinas Perkebunan Plantation Statistics reports (e.g. first year a mill appears in a Dinas Perkebunan Plantation Statistics report),BANYUASIN,ID-1607,SUMATERA SELATAN
M-00392,PO1000004329,SUMBER TANI AGUNG (STA),KARYA SERASI JAYA ABADI,BINJAI,3.342607006,99.2227961,30,Operating,2014,"Establishment year based off secondary sources (e.g. website, corporate report, etc)",SERDANG BEDAGAI,ID-1218,SUMATERA UTARA
M-00393,PO1000008435,KARYA TEKNIK,KARYA TEKNIK PLANTATION,KARYA TEKNIK PLANTATION,-0.154086666,117.010477,45,Operating,2015,Establishment year imputed based on Dinas Perkebunan Plantation Statistics reports (e.g. first year a mill appears in a Dinas Perkebunan Plantation Statistics report),KUTAI KARTANEGARA,ID-6403,KALIMANTAN TIMUR
M-00394,PO1000008274,ASTRA AGRO LESTARI,KARYANUSA EKADAYA,KARYANUSA EKA DAYA 1,0.9923069,116.7527699,45,Operating,2010,Establishment year imputed based on Dinas Perkebunan Plantation Statistics reports (e.g. first year a mill appears in a Dinas Perkebunan Plantation Statistics report),KUTAI TIMUR,ID-6404,KALIMANTAN TIMUR
M-00395,PO1000006309,SALIM GROUP,KEBUN MANDIRI SEJAHTERA,MARIANGO,-1.280942,116.636988,45,Operating,2015,Establishment year imputed based on Dinas Perkebunan Plantation Statistics reports (e.g. first year a mill appears in a Dinas Perkebunan Plantation Statistics report),PENAJAM PASER UTARA,ID-6409,KALIMANTAN TIMUR
M-00396,PO1000008345,UNKNOWN,KEDATON MULIA PRIMAS,KEDATON MULIA PRIMAS,-1.907367141,103.0123207,45,Operating,2011,"Establishment year based off secondary sources (e.g. website, corporate report, etc)",BATANG HARI,ID-1504,JAMBI
M-00397,PO1000006186,SUPERVENTURE,KEMILAU PERMATA SAWIT,SIJUNJUNG,-0.904563142,101.3987653,30,Operating,2014,"Establishment year based off secondary sources (e.g. website, corporate report, etc)",SIJUNJUNG,ID-1304,SUMATERA BARAT
M-00398,PO1000004194,KENCANA AGRI,ALAMRAYA KENCANA MAS,ALAMRAYA KENCANA MAS,-2.400881222,115.9899456,60,Operating,2003,Establishment year based on dinas perkebunan record of establishment (e.g. Dinas Perkebunan Plantation Statistics report of establishment dates),KOTABARU,ID-6302,KALIMANTAN SELATAN
M-00399,PO1000004858,KENCANA AGRI,AGRO INTI KENCANAMAS,AGRO INTI KENCANAMAS,-2.222431,116.356054,45,Operating,2010,Establishment year imputed based on Dinas Perkebunan Plantation Statistics reports (e.g. first year a mill appears in a Dinas Perkebunan Plantation Statistics report),PASER,ID-6401,KALIMANTAN TIMUR
M-00400,PO1000004516,KENCANA AGRI,SAWINDO KENCANA,SAWINDO KENCANA,-2.076,105.647933,60,Operating,2001,"Establishment year based off secondary sources (e.g. website, corporate report, etc)",BANGKA BARAT,ID-1903,KEP. BANGKA BELITUNG
M-00401,PO1000007528,KENCANA AGRI,AGRI EASTBORNEO KENCANA,AGRI EASTBORNEO KENCANA,0.13587115,116.9164528,45,Operating,2015,"Establishment year based off secondary sources (e.g. website, corporate report, etc)",KUTAI KARTANEGARA,ID-6403,KALIMANTAN TIMUR
M-00403,PO1000007569,GENK AGRO MAS,KENCANA UTAMA SEJATI,KENCANA UTAMA SEJATI,1.068535591,100.117235,60,Operating,2014,"Establishment year based off secondary sources (e.g. website, corporate report, etc)",PADANG LAWAS,ID-1221,SUMATERA UTARA
M-00404,PO1000004442,GENK AGRO MAS,KENCANA PERSADA NUSANTARA,KENCANA PERSADA NUSANTARA,1.175393982,100.2333234,45,Operating,2012,Establishment year imputed based on Dinas Perkebunan Plantation Statistics reports (e.g. first year a mill appears in a Dinas Perkebunan Plantation Statistics report),ROKAN HULU,ID-1407,RIAU
M-00405,PO1000008279,GENK AGRO MAS,ARYA RAMA PRAKASA,RANTAU SAKTI,1.221997044,100.3845008,30,Operating,2012,Establishment year imputed based on Dinas Perkebunan Plantation Statistics reports (e.g. first year a mill appears in a Dinas Perkebunan Plantation Statistics report),ROKAN HULU,ID-1407,RIAU
M-00406,PO1000004487,UNKNOWN,KENCANA ANDALAN NUSANTARA,KENCANA ANDALAN NUSANTARA,1.783342469,100.3932094,60,Operating,2014,"Establishment year based off secondary sources (e.g. website, corporate report, etc)",ROKAN HILIR,ID-1409,RIAU
M-00407,PO1000007566,MITRA AGUNG SWADAYA (MAS),KENCANA PERMATA NUSANTARA,KENCANA PERMATA NUSANTARA,3.45327193,98.69970007,45,Operating,2016,"Establishment year based off secondary sources (e.g. website, corporate report, etc)",DELI SERDANG,ID-1212,SUMATERA UTARA
M-00408,PO1000004295,UNKNOWN,AMAL TANI,AMAL TANI,3.588240366,98.30518174,30,Operating,2006,"Earliest year mill found to exist based on photo-interpretation of high-resolution satellite imagery, manufacturing census data, traceability reports and other secondary sources (or combination of these sources)",LANGKAT,ID-1213,SUMATERA UTARA
M-00409,PO1000008165,MEWAH,KENCANA INTI PERKASA,AEK NOPAN,2.323385,99.733169,45,Operating,2011,"Establishment year based off secondary sources (e.g. website, corporate report, etc)",LABUHAN BATU UTARA,ID-1223,SUMATERA UTARA
M-00410,PO1000008231,UNKNOWN,KHARISMA AGRO SEJAHTERA,KHARISMA AGRO SEJAHTERA,-0.751813215,102.2433411,30,Operating,2017,"Establishment year based off secondary sources (e.g. website, corporate report, etc)",INDRAGIRI HULU,ID-1402,RIAU
M-00411,PO1000004055,ANAM KOTO,KRIYA SWARNA PUBIAN,KRIYA SWARNA PUBIAN,-5.063431454,104.8776796,30,Operating,2009,"Establishment year based off secondary sources (e.g. website, corporate report, etc)",LAMPUNG TENGAH,ID-1805,LAMPUNG
M-00412,PO1000005100,KUALA LUMPUR KEPONG (KLK),PARIT SEMBADA,PARIT SEMBADA,-2.74039,108.00249,60,Operating,2008,"Establishment year based off secondary sources (e.g. website, corporate report, etc)",BELITUNG TIMUR,ID-1906,KEP. BANGKA BELITUNG
M-00413,PO1000002895,KUALA LUMPUR KEPONG (KLK),STEELINDO WAHANA PERKASA,STEELINDO WAHANA PERKASA,-2.7239944,108.0630861,100,Operating,1999,"Establishment year based off secondary sources (e.g. website, corporate report, etc)",BELITUNG TIMUR,ID-1906,KEP. BANGKA BELITUNG
M-00415,PO1000001417,KUALA LUMPUR KEPONG (KLK),ADEI PLANTATION & INDUSTRY,NILO 1,0.348055556,101.9716667,90,Operating,2003,"Establishment year based off secondary sources (e.g. website, corporate report, etc)",PELALAWAN,ID-1404,RIAU
M-00416,PO1000001418,KUALA LUMPUR KEPONG (KLK),ADEI PLANTATION & INDUSTRY,NILO 2,0.351814715,102.0953504,70,Operating,2012,"Establishment year based off secondary sources (e.g. website, corporate report, etc)",PELALAWAN,ID-1404,RIAU
M-00417,PO1000000638,KUALA LUMPUR KEPONG (KLK),SEKARBUMI ALAMLESTARI,TAPUNG KANAN,0.756444875,101.2195827,30,Operating,1996,"Establishment year based off secondary sources (e.g. website, corporate report, etc)",KAMPAR,ID-1406,RIAU
M-00418,PO1000000411,KUALA LUMPUR KEPONG (KLK),ADEI PLANTATION & INDUSTRY,MANDAU,1.082239,101.333085,60,Operating,2003,"Establishment year based off secondary sources (e.g. website, corporate report, etc)",BENGKALIS,ID-1408,RIAU
M-00419,PO1000005793,KUALA LUMPUR KEPONG (KLK),JABONTARA EKA KARSA,JABON,1.2428517,118.338441,60,Operating,2015,Establishment year imputed based on Dinas Perkebunan Plantation Statistics reports (e.g. first year a mill appears in a Dinas Perkebunan Plantation Statistics report),KUTAI TIMUR,ID-6404,KALIMANTAN TIMUR
M-00420,PO1000007603,KUALA LUMPUR KEPONG (KLK),SATU SEMBILAN DELAPAN,SATU SEMBILAN DELAPAN,2.142687768,117.2986542,60,Operating,2013,Establishment year imputed based on Dinas Perkebunan Plantation Statistics reports (e.g. first year a mill appears in a Dinas Perkebunan Plantation Statistics report),BERAU,ID-6405,KALIMANTAN TIMUR
M-00422,PO1000004492,KUALA LUMPUR KEPONG (KLK),LANGKAT NUSANTARA KEPONG,PADANG BRAHRANG,3.560677078,98.39074239,30,Operating,1984,"Establishment year based off secondary sources (e.g. website, corporate report, etc)",LANGKAT,ID-1213,SUMATERA UTARA
M-00423,PO1000005803,KUALA LUMPUR KEPONG (KLK),LANGKAT NUSANTARA KEPONG,STABAT,3.76087518,98.39290891,70,Operating,2010,"Earliest year mill found to exist based on photo-interpretation of high-resolution satellite imagery, manufacturing census data, traceability reports and other secondary sources (or combination of these sources)",LANGKAT,ID-1213,SUMATERA UTARA
M-00424,PO1000004471,UNKNOWN,GELIGA BAGAN RIAU,GELIGA BAGAN RIAU,1.600960124,100.4212452,30,Operating,2000,"Establishment year based off secondary sources (e.g. website, corporate report, etc)",ROKAN HILIR,ID-1409,RIAU
M-00425,PO1000004489,DUPONT & LEOSK ENTERPRISES,KUALA MAS SAWIT ABADI,KUALA MAS SAWIT ABADI,1.812081728,100.0257169,30,Operating,1999,"Mill known to exist in 1999 (source: Taib, Gunatif (2000), Kajian Pengembangan Industri Crude Palm Oil Skala Kecil (Studi Kasus Pengembangan Industri Crude Palm Oil di Sumatera Barat), http://repository.ipb.ac.id/handle/123456789/5044)",LABUHAN BATU SELATAN,ID-1222,SUMATERA UTARA
M-00426,PO1000004491,UNKNOWN,DWI MITRA DAYA RIAU,DWI MITRA DAYA RIAU,1.813855461,100.3977657,30,Operating,2003,"Establishment year based off secondary sources (e.g. website, corporate report, etc)",ROKAN HILIR,ID-1409,RIAU
M-00427,PO1000004205,DUPONT & LEOSK ENTERPRISES,KWALA INTAN SAWIT SELATAN,KWALA INTAN SAWIT SELATAN,2.463895022,99.6378192,30,Operating,2006,"Earliest year mill found to exist based on photo-interpretation of high-resolution satellite imagery, manufacturing census data, traceability reports and other secondary sources (or combination of these sources)",LABUHAN BATU UTARA,ID-1223,SUMATERA UTARA
M-00428,PO1000004149,DUPONT & LEOSK ENTERPRISES,SINTONG ABADI,SINTONG ABADI,2.925117208,99.70608606,30,Operating,2010,"Establishment year based off secondary sources (e.g. website, corporate report, etc)",ASAHAN,ID-1208,SUMATERA UTARA
M-00429,PO1000004544,UNKNOWN,NUNUKAN SAWIT MAS,NUNUKAN SAWIT MAS,3.828683185,116.7607373,90,Operating,2005,Establishment year imputed based on Dinas Perkebunan Plantation Statistics reports (e.g. first year a mill appears in a Dinas Perkebunan Plantation Statistics report),NUNUKAN,ID-6504,KALIMANTAN UTARA
M-00430,PO1000004306,FIMACORP,NUNUKAN JAYA LESTARI,KEMPAS,4.204741066,117.2521738,45,Operating,2005,Establishment year imputed based on Dinas Perkebunan Plantation Statistics reports (e.g. first year a mill appears in a Dinas Perkebunan Plantation Statistics report),NUNUKAN,ID-6504,KALIMANTAN UTARA
M-00431,PO1000004106,UNKNOWN,KURNIA LUWUK SEJATI,TOILI,-1.359017,122.307176,45,Operating,2003,"Establishment year based off secondary sources (e.g. website, corporate report, etc)",BANGGAI,ID-7202,SULAWESI TENGAH
M-00432,PO1000008194,UNKNOWN,KURNIA MITRA SAWIT,KURNIA MITRA SAWIT,2.408019,99.697733,30,Operating,2016,"Establishment year based off secondary sources (e.g. website, corporate report, etc)",LABUHAN BATU UTARA,ID-1223,SUMATERA UTARA
M-00433,PO1000007561,CT AGRO,KUTAI AGRO LESTARI,KUTAI AGRO LESTARI,-0.6428333,115.7388,45,Operating,2015,Establishment year imputed based on Dinas Perkebunan Plantation Statistics reports (e.g. first year a mill appears in a Dinas Perkebunan Plantation Statistics report),KUTAI BARAT,ID-6402,KALIMANTAN TIMUR
M-00435,PO1000004316,BUMITAMA GUNAJAYA AGRO (BGA),LADANG SAWIT MAS,BUKIT TUNGGAL JAYA,-1.54743242,110.3436766,45,Operating,2014,"Establishment year based off secondary sources (e.g. website, corporate report, etc)",KETAPANG,ID-6106,KALIMANTAN BARAT
M-00437,PO1000004090,SAHABAT AGRO,LAMBANG SAWIT PERKASA,LAMBANG SAWIT PERKASA,-2.223700741,102.4808945,45,Operating,2015,"Establishment year based off secondary sources (e.g. website, corporate report, etc)",SAROLANGUN,ID-1503,JAMBI
M-00438,PO1000007567,UNKNOWN,LANGGAK INTI LESTARI,LANGGAK INTI LESTARI,0.634916667,100.5917778,30,Operating,2016,"Establishment year based off secondary sources (e.g. website, corporate report, etc)",ROKAN HULU,ID-1407,RIAU
M-00439,PO1000006202,UNKNOWN,LANGKAT SAWITHIJAU PRATAMA,LANGKAT SAWITHIJAU PRATAMA,3.497150732,98.22457135,20,Operating,2016,Establishment year based on other government record of establishment (e.g. Permit database),LANGKAT,ID-1213,SUMATERA UTARA
M-00440,PO1000008285,DARMEX AGRO,LEDO LESTARI,LEDO LESTARI,1.464745,109.716423,30,Operating,2014,Establishment year imputed based on Dinas Perkebunan Plantation Statistics reports (e.g. first year a mill appears in a Dinas Perkebunan Plantation Statistics report),BENGKAYANG,ID-6102,KALIMANTAN BARAT
M-00441,PO1000004109,ASTRA AGRO LESTARI,LETAWA,LETAWA,-1.332133,119.42824,70,Operating,1994,"Establishment year based off secondary sources (e.g. website, corporate report, etc)",MAMUJU UTARA,ID-7605,SULAWESI BARAT
M-00442,PO1000004361,LX INTERNATIONAL,PARNA AGROMAS,PARNA AGROMAS,0.211668243,111.0772546,45,Operating,2012,"Establishment year based off secondary sources (e.g. website, corporate report, etc)",SEKADAU,ID-6109,KALIMANTAN BARAT
M-00443,PO1000004239,WILIAN PERKASA,LIBO SAWIT PERKASA,LIBO SAWIT PERKASA,0.956189082,101.1407651,30,Operating,2014,"Establishment year based off secondary sources (e.g. website, corporate report, etc)",SIAK,ID-1405,RIAU
M-00444,PO1000004450,PANCA PUTRA GANDA,TOR GANDA,RANTAU KASAI,1.278854029,100.3340531,45,Operating,1998,"Establishment year based off secondary sources (e.g. website, corporate report, etc)",ROKAN HULU,ID-1407,RIAU
M-00445,PO1000008152,NAGAMAS,LINGGA TIGA SAWIT,LINGGA TIGA SAWIT,2.014263792,99.87881634,60,Operating,1996,"Establishment year based off secondary sources (e.g. website, corporate report, etc)",LABUHAN BATU,ID-1207,SUMATERA UTARA
M-00446,PO1000007534,LYMAN AGRO,KALIMANTAN SANGGAR PUSAKA,KALIMANTAN SANGGAR PUSAKA,0.080641309,111.1921095,60,Operating,1994,"Establishment year based off secondary sources (e.g. website, corporate report, etc)",SEKADAU,ID-6109,KALIMANTAN BARAT
M-00447,PO1000007642,LYMAN AGRO,BONTI PERMAI JAYA,BONTI PERMAI JAYA,0.213330998,111.5511051,60,Operating,2009,Establishment year based on other government record of establishment (e.g. Permit database),SINTANG,ID-6107,KALIMANTAN BARAT
M-00448,PO1000010020,MAKIN,SEPANJANG INTI SURYA UTAMA,SEPANJANG INTI SURYA UTAMA 2,0.805284057,110.7654919,45,Operating,2015,Establishment year based on other government record of establishment (e.g. Permit database),SANGGAU,ID-6105,KALIMANTAN BARAT
M-00449,PO1000004868,BUKIT ASAM,BUMI SAWINDO PERMAI,BUMI SAWINDO PERMAI,-3.849099593,103.8073515,30,Operating,2005,Establishment year imputed based on Dinas Perkebunan Plantation Statistics reports (e.g. first year a mill appears in a Dinas Perkebunan Plantation Statistics report),MUARA ENIM,ID-1603,SUMATERA SELATAN
M-00450,PO1000004310,MAHKOTA,BERLIAN INTI MEKAR,MUARA ENIM,-3.224721759,104.4724124,45,Operating,2014,"Establishment year based off secondary sources (e.g. website, corporate report, etc)",MUARA ENIM,ID-1603,SUMATERA SELATAN
M-00451,PO1000004412,MAHKOTA,BERLIAN INTI MEKAR,RENGAT,-0.721368253,102.6263797,60,Operating,2009,"Establishment year based off secondary sources (e.g. website, corporate report, etc)",INDRAGIRI HULU,ID-1402,RIAU
M-00452,PO1000004922,MAHKOTA,BERLIAN INTI MEKAR,SIAK,0.640945194,101.975873,30,Operating,2012,"Establishment year based off secondary sources (e.g. website, corporate report, etc)",SIAK,ID-1405,RIAU
M-00454,PO1000004421,MAHKOTA,MUTIARA UNGGUL LESTARI,MUTIARA UNGGUL LESTARI,0.852867833,101.3007233,45,Operating,2002,Establishment year based on other government record of establishment (e.g. Permit database),SIAK,ID-1405,RIAU
M-00455,PO1000004441,UNKNOWN,SAWIT ANUGERAH SEJAHTERA,SAWIT ANUGERAH SEJAHTERA,1.15141,101.275164,45,Operating,2014,Establishment year based on other government record of establishment (e.g. Permit database),BENGKALIS,ID-1408,RIAU
M-00456,PO1000004259,MAHKOTA,INTAN SEJATI ANDALAN,INTAN SEJATI ANDALAN,1.434420186,101.2850705,45,Operating,2004,"Establishment year based off secondary sources (e.g. website, corporate report, etc)",BENGKALIS,ID-1408,RIAU
M-00457,PO1000004126,MAHKOTA,KARYA MITRA ANDALAN,KARYA MITRA ANDALAN,2.784482834,99.61821262,60,Operating,2004,"Establishment year based off secondary sources (e.g. website, corporate report, etc)",ASAHAN,ID-1208,SUMATERA UTARA
M-00458,PO1000004461,UNKNOWN,MAJU INDO RAYA,AEK SIBIRONG,1.409136597,98.85739999,45,Operating,2011,"Establishment year based off secondary sources (e.g. website, corporate report, etc)",TAPANULI SELATAN,ID-1203,SUMATERA UTARA
M-00459,PO1000004056,DHANISTHA SURYA NUSANTARA,WAHANA KARYA MANDIRI KAHURIPAN,BUNGA MAYANG,-4.471583,104.255917,35,Operating,2003,Establishment year based on other government record of establishment (e.g. Permit database),OGAN KOMERING ULU TIMUR,ID-1609,SUMATERA SELATAN
M-00460,PO1000006244,MAKIN,POLA KAHURIPAN INTI SAWIT,KINTAP,-3.81055279,115.1732966,30,Operating,2009,Establishment year based on dinas perkebunan record of establishment (e.g. Dinas Perkebunan Plantation Statistics report of establishment dates),TANAH LAUT,ID-6301,KALIMANTAN SELATAN
M-00461,PO1000006225,DHANISTHA SURYA NUSANTARA,BANYU KAHURIPAN INDONESIA,KARANG AGUNG,-2.262142141,104.3139492,60,Operating,2015,"Earliest year mill found to exist based on photo-interpretation of high-resolution satellite imagery, manufacturing census data, traceability reports and other secondary sources (or combination of these sources)",MUSI BANYUASIN,ID-1606,SUMATERA SELATAN
M-00462,PO1000007474,DHANISTHA SURYA NUSANTARA,BANYU KAHURIPAN INDONESIA,LALAN,-2.234986606,104.3332217,60,Operating,2013,Establishment year imputed based on Dinas Perkebunan Plantation Statistics reports (e.g. first year a mill appears in a Dinas Perkebunan Plantation Statistics report),MUSI BANYUASIN,ID-1606,SUMATERA SELATAN
M-00463,PO1000005155,MAKIN,KATINGAN INDAH UTAMA,KABUAU,-2.11193906,112.7470066,90,Operating,2003,Establishment year based on dinas perkebunan record of establishment (e.g. Dinas Perkebunan Plantation Statistics report of establishment dates),KOTAWARINGIN TIMUR,ID-6202,KALIMANTAN TENGAH
M-00464,PO1000004510,DHANISTHA SURYA NUSANTARA,INTIGA PRABHAKARA KAHURIPAN,TAMIANG,-2.025152505,112.6719018,45,Operating,2013,Establishment year based on dinas perkebunan record of establishment (e.g. Dinas Perkebunan Plantation Statistics report of establishment dates),KOTAWARINGIN TIMUR,ID-6202,KALIMANTAN TENGAH
M-00465,PO1000007634,MAKIN,SURYA INTI SAWIT KAHURIPAN,KASAI,-1.906806,112.8329,60,Operating,2011,Establishment year based on dinas perkebunan record of establishment (e.g. Dinas Perkebunan Plantation Statistics report of establishment dates),KOTAWARINGIN TIMUR,ID-6202,KALIMANTAN TENGAH
M-00467,PO1000004466,MAKIN,RICKY KURNIAWAN KERTAPERSADA,RICKY KURNIAWAN KERTAPERSADA,-1.496002807,103.8590747,45,Operating,2011,Establishment year imputed based on Dinas Perkebunan Plantation Statistics reports (e.g. first year a mill appears in a Dinas Perkebunan Plantation Statistics report),MUARO JAMBI,ID-1505,JAMBI
M-00469,PO1000004439,MAKIN,PRODUK SAWITINDO JAMBI,PELABUHAN DAGANG,-1.139323229,103.0757697,45,Operating,2012,Establishment year imputed based on Dinas Perkebunan Plantation Statistics reports (e.g. first year a mill appears in a Dinas Perkebunan Plantation Statistics report),TANJUNG JABUNG BARAT,ID-1507,JAMBI
M-00470,PO1000004541,UNKNOWN,MAKMUR ABADI RAYA,MAKMUR ABADI RAYA,3.808008919,98.3419854,30,Operating,2014,"Establishment year based off secondary sources (e.g. website, corporate report, etc)",LANGKAT,ID-1213,SUMATERA UTARA
M-00471,PO1000004345,UNKNOWN,MAKMUR ANDALAN SAWIT,MAKMUR ANDALAN SAWIT,0.067503218,102.1243769,45,Operating,2012,Establishment year imputed based on Dinas Perkebunan Plantation Statistics reports (e.g. first year a mill appears in a Dinas Perkebunan Plantation Statistics report),PELALAWAN,ID-1404,RIAU
M-00472,PO1000004924,UNKNOWN,MAKMUR ANUGERAH SAWITINDO,MAKMUR ANUGERAH SAWITINDO,3.695101,98.514633,15,Operating,2015,"Earliest year mill found to exist based on photo-interpretation of high-resolution satellite imagery, manufacturing census data, traceability reports and other secondary sources (or combination of these sources)",DELI SERDANG,ID-1212,SUMATERA UTARA
M-00473,PO1000004246,SUPERVENTURE,MANDIRI SAWIT BERSAMA,AEK TINGA,1.074643003,99.99508776,45,Operating,2013,"Establishment year based off secondary sources (e.g. website, corporate report, etc)",PADANG LAWAS,ID-1221,SUMATERA UTARA
M-00474,PO1000004937,CEMPAKA MAS ABADI,SABUT MAS ABADI,MEDANG SARI,-2.542883468,111.669825,30,Operating,2002,Establishment year based on dinas perkebunan record of establishment (e.g. Dinas Perkebunan Plantation Statistics report of establishment dates),KOTAWARINGIN BARAT,ID-6201,KALIMANTAN TENGAH
M-00475,PO1000005210,MEDCO AGRO,CIPTATANI KUMAI SEJAHTERA,CIPTATANI KUMAI SEJAHTERA,-2.1839,112.034267,30,Operating,2009,Establishment year based on dinas perkebunan record of establishment (e.g. Dinas Perkebunan Plantation Statistics report of establishment dates),SERUYAN,ID-6208,KALIMANTAN TENGAH
M-00476,PO1000007449,CAPITOL,MEDCO PAPUA HIJAU SELARAS,MEDCO PAPUA HIJAU SELARAS,-0.810231,133.594667,45,Operating,2015,"Establishment year based off secondary sources (e.g. website, corporate report, etc)",MANOKWARI,ID-9105,PAPUA BARAT
M-00477,PO1000006310,SAWIT LESTARI,MEGA HIJAU LESTARI,MEGA HIJAU LESTARI,-1.24075,116.645,60,Operating,2015,Establishment year imputed based on Dinas Perkebunan Plantation Statistics reports (e.g. first year a mill appears in a Dinas Perkebunan Plantation Statistics report),PENAJAM PASER UTARA,ID-6409,KALIMANTAN TIMUR
M-00478,PO1000004297,UNKNOWN,RAYA PADANG LANGKAT,SEI MUSAM,3.650704845,98.15125093,30,Operating,1999,"Mill known to exist in 1999 (source: Taib, Gunatif (2000), Kajian Pengembangan Industri Crude Palm Oil Skala Kecil (Studi Kasus Pengembangan Industri Crude Palm Oil di Sumatera Barat), http://repository.ipb.ac.id/handle/123456789/5044)",LANGKAT,ID-1213,SUMATERA UTARA
M-00479,PO1000007550,KUALA LUMPUR KEPONG (KLK),KARYA MAKMUR ABADI,KARYA MAKMUR ABADI,-2.042261,112.489969,70,Operating,2015,Establishment year based on dinas perkebunan record of establishment (e.g. Dinas Perkebunan Plantation Statistics report of establishment dates),KOTAWARINGIN TIMUR,ID-6202,KALIMANTAN TENGAH
M-00480,PO1000004161,MAHITALA INGKENG GEMAH (MIG),MERBAUJAYA INDAHRAYA,MERBAUJAYA INDAHRAYA,2.281641548,99.78050225,30,Operating,1997,"Establishment year based off secondary sources (e.g. website, corporate report, etc)",LABUHAN BATU UTARA,ID-1223,SUMATERA UTARA
M-00483,PO1000004852,DHARMA AGUNG WIJAYA (DAW),INTI GUNA NABATI,INTI GUNA NABATI,-2.415881379,102.6807226,45,Operating,2015,"Establishment year based off secondary sources (e.g. website, corporate report, etc)",SAROLANGUN,ID-1503,JAMBI
M-00484,PO1000004535,UNKNOWN,SEJATI PALMA SEJAHTERA,SEJATI PALMA SEJAHTERA,-2.212233,103.800117,30,Operating,2013,"Establishment year based off secondary sources (e.g. website, corporate report, etc)",MUSI BANYUASIN,ID-1606,SUMATERA SELATAN
M-00485,PO1000004323,UNKNOWN,MITRA AGROLIKA SEJAHTERA,MUARA BAHAR,-1.96278,103.615472,45,Operating,2014,"Establishment year based off secondary sources (e.g. website, corporate report, etc)",MUSI BANYUASIN,ID-1606,SUMATERA SELATAN
M-00486,PO1000004389,MITRA AGUNG SWADAYA (MAS),MITRA AGUNG SWADAYA,KELAYANG,-0.492275046,102.0627876,30,Operating,2012,Establishment year imputed based on Dinas Perkebunan Plantation Statistics reports (e.g. first year a mill appears in a Dinas Perkebunan Plantation Statistics report),INDRAGIRI HULU,ID-1402,RIAU
M-00487,PO1000004288,UNKNOWN,MITRA AGUNG SAWITA SEJATI,MITRA AGUNG SAWITA SEJATI,3.29630735,99.30611335,45,Operating,2003,"Establishment year based off secondary sources (e.g. website, corporate report, etc)",SIMALUNGUN,ID-1209,SUMATERA UTARA
M-00489,PO1000006344,SALIM GROUP,MITRA INTISEJATI PLANTATION,BENGKAYANG,1.167978857,109.5860569,30,Operating,1997,"Establishment year based off secondary sources (e.g. website, corporate report, etc)",BENGKAYANG,ID-6102,KALIMANTAN BARAT
M-00490,PO1000004562,UNKNOWN,MITRA NIAGA SEJATI JAYA,MITRA NIAGA SEJATI JAYA,4.052687746,98.13661713,20,Operating,2008,Establishment year based on other government record of establishment (e.g. Permit database),LANGKAT,ID-1213,SUMATERA UTARA
M-00491,PO1000007464,UNKNOWN,MITRASARI PRIMA,MITRASARI PRIMA,0.138018812,101.7027157,60,Operating,2015,"Earliest year mill found to exist based on photo-interpretation of high-resolution satellite imagery, manufacturing census data, traceability reports and other secondary sources (or combination of these sources)",PELALAWAN,ID-1404,RIAU
M-00492,PO1000004570,MOPOLI RAYA,MORA NIAGA JAYA,GEDONG BIARA,4.291066232,98.15223942,30,Operating,1986,Establishment year based on other government record of establishment (e.g. Permit database),ACEH TAMIANG,ID-1114,ACEH
M-00493,PO1000004308,MOPOLI RAYA,MOPOLI RAYA,ALUE KUYUN,4.457427274,96.16046965,30,Operating,1999,Establishment year based on dinas perkebunan record of establishment (e.g. Dinas Perkebunan Plantation Statistics report of establishment dates),ACEH BARAT,ID-1107,ACEH
M-00494,PO1000006652,MP EVANS,GUNUNG PELAWAN LESTARI,TENGKALAT,-1.623167,105.989222,60,Operating,2016,"Establishment year based off secondary sources (e.g. website, corporate report, etc)",BANGKA,ID-1901,KEP. BANGKA BELITUNG
M-00495,PO1000001488,MP EVANS,PRIMA MITRAJAYA MANDIRI,BUMI PERMAI,-0.297746542,116.7636758,60,Operating,2012,"Establishment year based off secondary sources (e.g. website, corporate report, etc)",KUTAI KARTANEGARA,ID-6403,KALIMANTAN TIMUR
M-00496,PO1000000283,MP EVANS,PANGKATAN INDONESIA,PANGKATAN,2.102263467,99.9478,40,Operating,2005,"Establishment year based off secondary sources (e.g. website, corporate report, etc)",LABUHAN BATU,ID-1207,SUMATERA UTARA
M-00497,PO1000008221,UNKNOWN,MUARA JAMBI SAWIT LESTARI,MUARA JAMBI SAWIT LESTARI,-1.255641922,103.7072325,45,Operating,2017,"Establishment year based off secondary sources (e.g. website, corporate report, etc)",TANJUNG JABUNG TIMUR,ID-1506,JAMBI
M-00498,PO1000004523,MUJUR,SINAR GUNUNG SAWIT RAYA,SINAR GUNUNG SAWIT RAYA,2.113907214,98.26559307,30,Operating,2005,"Earliest year mill found to exist based on photo-interpretation of high-resolution satellite imagery, manufacturing census data, traceability reports and other secondary sources (or combination of these sources)",TAPANULI TENGAH,ID-1204,SUMATERA UTARA
M-00499,PO1000007473,UNKNOWN,MULTI AGRINDO SUMATERA,MULTI AGRINDO SUMATERA,3.34833302,98.95045456,30,Operating,2016,"Establishment year based off secondary sources (e.g. website, corporate report, etc)",SERDANG BEDAGAI,ID-1218,SUMATERA UTARA
M-00501,PO1000004172,UNKNOWN,MULTI PALMA SEJAHTERA,SI KIJANG,0.414833371,101.6657585,45,Operating,2001,"Establishment year based off secondary sources (e.g. website, corporate report, etc)",PELALAWAN,ID-1404,RIAU
M-00502,PO1000004418,UNKNOWN,MULTI AGRO SENTOSA,MULTI AGRO SENTOSA,0.771689586,100.8871115,45,Operating,2006,Establishment year imputed based on Dinas Perkebunan Plantation Statistics reports (e.g. first year a mill appears in a Dinas Perkebunan Plantation Statistics report),KAMPAR,ID-1406,RIAU
M-00503,PO1000004129,UNKNOWN,SAWITA INTER PERKASA,SAWITA INTER PERKASA,2.797682185,99.44424852,20,Operating,2008,"Establishment year based off secondary sources (e.g. website, corporate report, etc)",ASAHAN,ID-1208,SUMATERA UTARA
M-00504,PO1000007660,UNKNOWN,MULTI PERKASA SEJAHTERA,MULTI PERKASA SEJAHTERA,0.358621579,109.9748841,45,Operating,2015,"Establishment year based off secondary sources (e.g. website, corporate report, etc)",LANDAK,ID-6103,KALIMANTAN BARAT
M-00506,PO1000004257,FIRST RESOURCES,MURINIWOOD INDAH INDUSTRY,MURINIWOOD INDAH INDUSTRY,1.392654625,101.3026137,45,Operating,2008,Establishment year imputed based on Dinas Perkebunan Plantation Statistics reports (e.g. first year a mill appears in a Dinas Perkebunan Plantation Statistics report),BENGKALIS,ID-1408,RIAU
M-00508,PO1000000170,MUSIM MAS,MAJU ANEKA SAWIT,MAJU ANEKA SAWIT,-2.478281214,112.6453267,45,Operating,2010,Establishment year based on dinas perkebunan record of establishment (e.g. Dinas Perkebunan Plantation Statistics report of establishment dates),KOTAWARINGIN TIMUR,ID-6202,KALIMANTAN TENGAH
M-00509,PO1000000106,MUSIM MAS,SUKAJADI SAWIT MEKAR,SUKAJADI SAWIT MEKAR 1,-2.38111,112.539722,90,Operating,2006,Establishment year based on dinas perkebunan record of establishment (e.g. Dinas Perkebunan Plantation Statistics report of establishment dates),KOTAWARINGIN TIMUR,ID-6202,KALIMANTAN TENGAH
M-00510,PO1000000134,MUSIM MAS,SUKAJADI SAWIT MEKAR,SUKAJADI SAWIT MEKAR 2,-2.37025,112.6026111,90,Operating,2011,Establishment year based on dinas perkebunan record of establishment (e.g. Dinas Perkebunan Plantation Statistics report of establishment dates),KOTAWARINGIN TIMUR,ID-6202,KALIMANTAN TENGAH
M-00511,PO1000000180,MUSIM MAS,BERKAT SAWIT SEJATI,BERKAT SAWIT SEJATI,-2.318563962,103.7104254,90,Operating,2008,Establishment year imputed based on Dinas Perkebunan Plantation Statistics reports (e.g. first year a mill appears in a Dinas Perkebunan Plantation Statistics report),MUSI BANYUASIN,ID-1606,SUMATERA SELATAN
M-00513,PO1000000286,MUSIM MAS,UNGGUL LESTARI,UNGGUL LESTARI,-1.595160849,112.5997554,90,Operating,2012,Establishment year based on dinas perkebunan record of establishment (e.g. Dinas Perkebunan Plantation Statistics report of establishment dates),KOTAWARINGIN TIMUR,ID-6202,KALIMANTAN TENGAH
M-00514,PO1000000355,MUSIM MAS,MUSIM MAS,PANGKALAN LESUNG,-0.056575532,102.0820911,60,Operating,2005,"Establishment year based off secondary sources (e.g. website, corporate report, etc)",PELALAWAN,ID-1404,RIAU
M-00516,PO1000002356,MUSIM MAS,GUNTUNG IDAMAN NUSA,GUNTUNG IDAMAN NUSA 1,0.160880142,103.2881884,30,Operating,2011,Establishment year imputed based on Dinas Perkebunan Plantation Statistics reports (e.g. first year a mill appears in a Dinas Perkebunan Plantation Statistics report),INDRAGIRI HILIR,ID-1403,RIAU
M-00517,PO1000007437,MUSIM MAS,SINAR AGRO RAYA,SINAR AGRO RAYA,0.419191026,101.7546427,45,Operating,2004,"Establishment year based off secondary sources (e.g. website, corporate report, etc)",PELALAWAN,ID-1404,RIAU
M-00518,PO1000004448,KALIMANTAN SAWIT KUSUMA (KSK),FAJAR SAUDARA KUSUMA,SEBAWI,1.267023407,109.2245896,30,Operating,2015,Establishment year imputed based on Dinas Perkebunan Plantation Statistics reports (e.g. first year a mill appears in a Dinas Perkebunan Plantation Statistics report),SAMBAS,ID-6101,KALIMANTAN BARAT
M-00519,PO1000004459,PANCA PUTRA GANDA,TOR GANDA,BUKIT HARAPAN II,1.404162212,100.0397778,30,Operating,2012,"Earliest year mill found to exist based on photo-interpretation of high-resolution satellite imagery, manufacturing census data, traceability reports and other secondary sources (or combination of these sources)",PADANG LAWAS UTARA,ID-1220,SUMATERA UTARA
M-00520,PO1000004267,MUSIM MAS,BAHANA NUSA INTERINDO,BAHANA NUSA INTERINDO,1.696861111,100.7018333,45,Operating,2001,"Establishment year based off secondary sources (e.g. website, corporate report, etc)",ROKAN HILIR,ID-1409,RIAU
M-00521,PO1000001529,MUSIM MAS,SIRINGO-RINGO,SIRINGO-RINGO,2.097108012,99.76705243,60,Operating,1990,"Establishment year based off secondary sources (e.g. website, corporate report, etc)",LABUHAN BATU,ID-1207,SUMATERA UTARA
M-00523,PO1000007661,UNKNOWN,MUSTIKA AGUNG SARANA SEJAHTERA,MUSTIKA AGUNG SARANA SEJAHTERA,1.749297219,100.9299614,45,Operating,2015,"Establishment year based off secondary sources (e.g. website, corporate report, etc)",ROKAN HILIR,ID-1409,RIAU
M-00524,PO1000004255,UNKNOWN,MUSTIKA AGUNG SAWIT SEJAHTERA,MUSTIKA AGUNG SAWIT SEJAHTERA,1.224781969,101.2425623,35,Operating,2012,Establishment year imputed based on Dinas Perkebunan Plantation Statistics reports (e.g. first year a mill appears in a Dinas Perkebunan Plantation Statistics report),BENGKALIS,ID-1408,RIAU
M-00525,PO1000004207,UNKNOWN,MUTIARA ALAM LESTARI,MUTIARA ALAM LESTARI,-2.492167,106.364317,30,Operating,2013,"Establishment year based off secondary sources (e.g. website, corporate report, etc)",BANGKA TENGAH,ID-1904,KEP. BANGKA BELITUNG
M-00526,PO1000007662,UNKNOWN,MUTIARA NUSA AGRO SEJAHTERA,MUTIARA NUSA AGRO SEJAHTERA,2.268959835,99.76761197,30,Operating,2016,"Establishment year based off secondary sources (e.g. website, corporate report, etc)",LABUHAN BATU UTARA,ID-1223,SUMATERA UTARA
M-00527,PO1000004197,PERTUBUHAN PELADANG KEBANGSAAN (NAFAS),NAFASINDO,NAFASINDO,2.435796028,97.91480427,30,Operating,2005,"Establishment year based off secondary sources (e.g. website, corporate report, etc)",ACEH SINGKIL,ID-1102,ACEH
M-00528,PO1000005106,UNKNOWN,NIKMAT HALONA REKSA,SEBERIDA,-0.733812914,102.5242385,45,Operating,2011,Establishment year imputed based on Dinas Perkebunan Plantation Statistics reports (e.g. first year a mill appears in a Dinas Perkebunan Plantation Statistics report),INDRAGIRI HULU,ID-1402,RIAU
M-00529,PO1000006331,NOBEL PLANTATION,HENRISON INTI PERSADA,HENRISON INTI PERSADA,-1.0756,131.5614,30,Operating,2013,"Establishment year based off secondary sources (e.g. website, corporate report, etc)",SORONG,ID-9107,PAPUA BARAT
M-00530,PO1000004514,ORIENTAL HOLDINGS BERHAD,GUNUNGSAWIT BINALESTARI,GUNUNGSAWIT BINALESTARI,-2.071194,105.321689,80,Operating,2003,"Establishment year based off secondary sources (e.g. website, corporate report, etc)",BANGKA BARAT,ID-1903,KEP. BANGKA BELITUNG
M-00531,PO1000004508,ORIENTAL HOLDINGS BERHAD,GUNUNG MARAS LESTARI,GUNUNG MARAS LESTARI,-1.9623,105.951364,100,Operating,1999,"Establishment year based off secondary sources (e.g. website, corporate report, etc)",BANGKA,ID-1901,KEP. BANGKA BELITUNG
M-00533,PO1000004092,PANCADAYA PERKASA,MULTI MAKMUR MITRA ALAM,PASER,-2.150817,116.083859,90,Operating,2013,Establishment year imputed based on Dinas Perkebunan Plantation Statistics reports (e.g. first year a mill appears in a Dinas Perkebunan Plantation Statistics report),PASER,ID-6401,KALIMANTAN TIMUR
M-00534,PO1000004168,PANCADAYA PERKASA,PADASA ENAM UTAMA,KOTO KAMPAR,0.395585714,100.6129235,90,Operating,2000,"Establishment year based off secondary sources (e.g. website, corporate report, etc)",KAMPAR,ID-1406,RIAU
M-00535,PO1000004385,PANCADAYA PERKASA,PADASA ENAM UTAMA,KALIANTA 1,0.457093075,100.8017532,60,Operating,1999,"Mill known to exist in 1999 (source: Taib, Gunatif (2000), Kajian Pengembangan Industri Crude Palm Oil Skala Kecil (Studi Kasus Pengembangan Industri Crude Palm Oil di Sumatera Barat), http://repository.ipb.ac.id/handle/123456789/5044)",ROKAN HULU,ID-1407,RIAU
M-00536,PO1000004195,PANCADAYA PERKASA,PADASA ENAM UTAMA,KALIANTA 2,0.527864782,100.7775334,90,Operating,2004,"Mill known to exist in 2004 (source: Golder Associates (2006). Appendix VIII: Summary of Renewable Potential in Indonesia POM, Retrieved October 10, 2018, http://www.adb.org/Documents/Reports/Consulta nt/46557-INO/36557-INO-TACR- AppendixVIII.pdf)",ROKAN HULU,ID-1407,RIAU
M-00537,PO1000004424,PANCADAYA PERKASA,SUMBER ALAM MAKMUR SENTOSA,MUARA DILAM,0.95994748,100.7229965,30,Operating,2012,Establishment year imputed based on Dinas Perkebunan Plantation Statistics reports (e.g. first year a mill appears in a Dinas Perkebunan Plantation Statistics report),ROKAN HULU,ID-1407,RIAU
M-00538,PO1000000054,MUSIM MAS,MUSIM MAS,BATANG KULIM,0.075370339,102.0298397,90,Operating,1997,"Establishment year based off secondary sources (e.g. website, corporate report, etc)",PELALAWAN,ID-1404,RIAU
M-00539,PO1000004142,PANCADAYA PERKASA,INTERNUSA PRIMA MAKMUR,TELUK DALAM,2.852403866,99.67397117,30,Operating,1988,"Establishment year based off secondary sources (e.g. website, corporate report, etc)",ASAHAN,ID-1208,SUMATERA UTARA
M-00540,PO1000004286,UNKNOWN,INDOMAS MITRA TEKNIK,INDOMAS MITRA TEKNIK,3.226012012,97.98091314,20,Operating,2013,"Establishment year based off secondary sources (e.g. website, corporate report, etc)",KARO,ID-1211,SUMATERA UTARA
M-00542,PO1000004498,UNKNOWN,PALMA JAYA SEJAHTERA,PALMA JAYA SEJAHTERA,-1.874003667,103.5604675,45,Operating,2015,"Establishment year based off secondary sources (e.g. website, corporate report, etc)",MUARO JAMBI,ID-1505,JAMBI
M-00543,PO1000004538,UNKNOWN,PALMA MAS SEJATI,PALMA MAS SEJATI,-3.776746555,102.3685805,30,Operating,2011,Establishment year imputed based on Dinas Perkebunan Plantation Statistics reports (e.g. first year a mill appears in a Dinas Perkebunan Plantation Statistics report),BENGKULU TENGAH,ID-1709,BENGKULU
M-00544,PO1000007535,ST INTERNATIONAL,PALMINDO MITRA LESTARI,PALMINDO MITRA LESTARI,-1.988697,105.895617,30,Operating,2013,"Establishment year based off secondary sources (e.g. website, corporate report, etc)",BANGKA,ID-1901,KEP. BANGKA BELITUNG
M-00545,PO1000007540,UNKNOWN,PALUTA INTI SAWIT,SIANCIMUN,1.553733426,99.83588011,35,Operating,2017,"Establishment year based off secondary sources (e.g. website, corporate report, etc)",PADANG LAWAS UTARA,ID-1220,SUMATERA UTARA
M-00546,PO1000008215,PANCA EKA,AGRO ABADI,AGRO ABADI,0.348280795,101.4711346,45,Operating,2012,"Establishment year based off secondary sources (e.g. website, corporate report, etc)",KAMPAR,ID-1406,RIAU
M-00547,PO1000006268,FIRST RESOURCES,PANCASURYA AGRINDO,TAMBUSAI,1.157701816,100.5091277,90,Operating,2007,Establishment year imputed based on Dinas Perkebunan Plantation Statistics reports (e.g. first year a mill appears in a Dinas Perkebunan Plantation Statistics report),ROKAN HULU,ID-1407,RIAU
M-00548,PO1000004380,PASIFIK AGRO SENTOSA (PAS),MITRA ANEKA REZEKI,NATAI RAJA,-0.365807323,109.3009848,45,Operating,2011,Establishment year imputed based on Dinas Perkebunan Plantation Statistics reports (e.g. first year a mill appears in a Dinas Perkebunan Plantation Statistics report),KUBU RAYA,ID-6112,KALIMANTAN BARAT
M-00550,PO1000004314,PAYA PINANG,SUMBER SAWIT MAKMUR,LAUT TADOR,3.269234421,99.24891672,20,Operating,1987,"Establishment year based off secondary sources (e.g. website, corporate report, etc)",BATU BARA,ID-1219,SUMATERA UTARA
M-00551,PO1000004452,UNKNOWN,PALMA ABADI,PALMA ABADI,-1.321715223,103.2653722,45,Operating,2003,Establishment year imputed based on Dinas Perkebunan Plantation Statistics reports (e.g. first year a mill appears in a Dinas Perkebunan Plantation Statistics report),MUARO JAMBI,ID-1505,JAMBI
M-00552,PO1000004400,PEPUTRA,PEPUTRA MASTERINDO,PEPUTRA MASTERINDO,0.590186277,100.9920072,90,Operating,2002,Establishment year based on other government record of establishment (e.g. Permit database),KAMPAR,ID-1406,RIAU
M-00553,PO1000008421,PEPUTRA,PEPUTRA SUPRA JAYA,PEPUTRA SUPRA JAYA,0.158181,101.781541,45,Operating,2014,"Establishment year based off secondary sources (e.g. website, corporate report, etc)",PELALAWAN,ID-1404,RIAU
M-00554,PO1000004938,SRIWIJAYA PALM OIL,SRIWIJAYA PALM OIL INDONESIA,SRIWIJAYA PALM OIL INDONESIA,-2.825946649,104.7315741,60,Operating,2007,Establishment year imputed based on Dinas Perkebunan Plantation Statistics reports (e.g. first year a mill appears in a Dinas Perkebunan Plantation Statistics report),BANYUASIN,ID-1607,SUMATERA SELATAN
M-00555,PO1000008135,AMS-GANDA,PERKEBUNAN HASIL MUSI LESTARI,PERKEBUNAN HASIL MUSI LESTARI,-3.254681483,103.2375136,30,Operating,2009,Establishment year imputed based on Dinas Perkebunan Plantation Statistics reports (e.g. first year a mill appears in a Dinas Perkebunan Plantation Statistics report),MUSI RAWAS,ID-1605,SUMATERA SELATAN
M-00556,PO1000000560,WILMAR,PERKEBUNAN MILANO,PINANG AWAN,1.843259489,100.2028681,60,Operating,2000,"Establishment year based off secondary sources (e.g. website, corporate report, etc)",LABUHAN BATU SELATAN,ID-1222,SUMATERA UTARA
M-00557,PO1000004493,WILMAR,PERKEBUNAN MILANO,AEK BATU,1.851790473,100.1449083,30,Operating,1998,"Establishment year based off secondary sources (e.g. website, corporate report, etc)",LABUHAN BATU SELATAN,ID-1222,SUMATERA UTARA
M-00559,PO1000004561,MINANGA,MINANGA OGAN,SEI OGAN,-4.058327519,104.1991253,60,Operating,1987,"Establishment year based off secondary sources (e.g. website, corporate report, etc)",OGAN KOMERING ULU,ID-1601,SUMATERA SELATAN
M-00560,PO1000004065,RAJAWALI NUSANTARA INDONESIA (RNI),MITRA OGAN,PKS I,-3.895795245,104.3551319,60,Operating,1999,"Mill known to exist in 1999 (source: Taib, Gunatif (2000), Kajian Pengembangan Industri Crude Palm Oil Skala Kecil (Studi Kasus Pengembangan Industri Crude Palm Oil di Sumatera Barat), http://repository.ipb.ac.id/handle/123456789/5044)",OGAN KOMERING ULU,ID-1601,SUMATERA SELATAN
M-00561,PO1000004567,PTPN III,PERKEBUNAN NUSANTARA I,PULAU TIGA,4.183070825,97.93654315,30,Operating,1987,Establishment year based on other government record of establishment (e.g. Permit database),ACEH TAMIANG,ID-1114,ACEH
M-00562,PO1000004573,PTPN III,PERKEBUNAN NUSANTARA I,TANJUNG SEUMANTOH,4.366708108,98.08837053,60,Operating,1980,Establishment year based on dinas perkebunan record of establishment (e.g. Dinas Perkebunan Plantation Statistics report of establishment dates),ACEH TAMIANG,ID-1114,ACEH
M-00564,PO1000004311,PTPN III,PERKEBUNAN NUSANTARA I,COT GIREK,4.929416904,97.37121423,45,Operating,1991,"Establishment year based off secondary sources (e.g. website, corporate report, etc)",ACEH UTARA,ID-1111,ACEH
M-00565,PO1000004944,PTPN III,PERKEBUNAN NUSANTARA II,PAGAR MERBAU,3.526000516,98.89860758,30,Operating,1977,"Establishment year based off secondary sources (e.g. website, corporate report, etc)",DELI SERDANG,ID-1212,SUMATERA UTARA
M-00566,PO1000007585,PTPN III,PERKEBUNAN NUSANTARA II,KWALA SAWIT,3.692335741,98.15298073,60,Operating,1982,Establishment year based on other government record of establishment (e.g. Permit database),LANGKAT,ID-1213,SUMATERA UTARA
M-00568,PO1000004540,PTPN III,PERKEBUNAN NUSANTARA II,SAWIT SEBERANG,3.798312964,98.2766535,35,Operating,1933,Establishment year based on other government record of establishment (e.g. Permit database),LANGKAT,ID-1213,SUMATERA UTARA
M-00569,PO1000004545,PTPN III,PERKEBUNAN NUSANTARA II,SAWIT HULU,3.843814243,98.2336688,30,Operating,1980,Establishment year based on other government record of establishment (e.g. Permit database),LANGKAT,ID-1213,SUMATERA UTARA
M-00570,PO1000006264,PTPN III,PERKEBUNAN NUSANTARA III,HAPESONG,1.450068,99.0691651,30,Operating,2012,"Establishment year based off secondary sources (e.g. website, corporate report, etc)",TAPANULI SELATAN,ID-1203,SUMATERA UTARA
M-00571,PO1000004927,PTPN III,PERKEBUNAN NUSANTARA III,SEI MERANTI,1.64211617,100.4165054,60,Operating,2013,Establishment year imputed based on Dinas Perkebunan Plantation Statistics reports (e.g. first year a mill appears in a Dinas Perkebunan Plantation Statistics report),ROKAN HILIR,ID-1409,RIAU
M-00572,PO1000004477,PTPN III,PERKEBUNAN NUSANTARA III,SEI DAUN,1.679597161,100.3278555,60,Operating,2004,"Mill known to exist in 2004 (source: Golder Associates (2006). Appendix VIII: Summary of Renewable Potential in Indonesia POM, Retrieved October 10, 2018, http://www.adb.org/Documents/Reports/Consulta nt/46557-INO/36557-INO-TACR- AppendixVIII.pdf)",LABUHAN BATU SELATAN,ID-1222,SUMATERA UTARA
M-00573,PO1000001784,PTPN III,PERKEBUNAN NUSANTARA III,SEI BARUHUR,1.690572155,100.2861791,60,Operating,1996,"Establishment year based off secondary sources (e.g. website, corporate report, etc)",LABUHAN BATU SELATAN,ID-1222,SUMATERA UTARA
M-00574,PO1000001566,PTPN III,PERKEBUNAN NUSANTARA III,AEK RASO,1.703179026,100.1714055,30,Operating,1999,"Mill known to exist in 1999 (source: Taib, Gunatif (2000), Kajian Pengembangan Industri Crude Palm Oil Skala Kecil (Studi Kasus Pengembangan Industri Crude Palm Oil di Sumatera Barat), http://repository.ipb.ac.id/handle/123456789/5044)",LABUHAN BATU SELATAN,ID-1222,SUMATERA UTARA
M-00575,PO1000004929,PTPN III,PERKEBUNAN NUSANTARA III,TORGAMBA,1.71384566,100.2907424,60,Operating,1983,"Mill known to exist in 1999 (source: Taib, Gunatif (2000), Kajian Pengembangan Industri Crude Palm Oil Skala Kecil (Studi Kasus Pengembangan Industri Crude Palm Oil di Sumatera Barat), http://repository.ipb.ac.id/handle/123456789/5044)",LABUHAN BATU SELATAN,ID-1222,SUMATERA UTARA
M-00576,PO1000001565,PTPN III,PERKEBUNAN NUSANTARA III,AEK TOROP,1.79343757,100.1538088,60,Operating,1984,"Establishment year based off secondary sources (e.g. website, corporate report, etc)",LABUHAN BATU SELATAN,ID-1222,SUMATERA UTARA
M-00577,PO1000003112,PTPN III,PERKEBUNAN NUSANTARA III,SISUMUT,1.96460107,100.1083082,30,Operating,1999,"Mill known to exist in 1999 (source: Taib, Gunatif (2000), Kajian Pengembangan Industri Crude Palm Oil Skala Kecil (Studi Kasus Pengembangan Industri Crude Palm Oil di Sumatera Barat), http://repository.ipb.ac.id/handle/123456789/5044)",LABUHAN BATU SELATAN,ID-1222,SUMATERA UTARA
M-00578,PO1000001564,PTPN III,PERKEBUNAN NUSANTARA III,AEK NABARA SELATAN,2.05577739,99.95547009,60,Operating,1980,"Establishment year based off secondary sources (e.g. website, corporate report, etc)",LABUHAN BATU,ID-1207,SUMATERA UTARA
M-00579,PO1000004948,PTPN III,PERKEBUNAN NUSANTARA III,SEI SILAU,2.902671606,99.51116333,60,Operating,1976,"Establishment year based off secondary sources (e.g. website, corporate report, etc)",ASAHAN,ID-1208,SUMATERA UTARA
M-00580,PO1000000879,PTPN III,PERKEBUNAN NUSANTARA III,SEI MANGKEI,3.129119909,99.34364693,70,Operating,1997,"Establishment year based off secondary sources (e.g. website, corporate report, etc)",SIMALUNGUN,ID-1209,SUMATERA UTARA
M-00581,PO1000004342,PTPN III,PERKEBUNAN NUSANTARA III,RAMBUTAN,3.350961184,99.16960201,30,Operating,1983,"Establishment year based off secondary sources (e.g. website, corporate report, etc)",SERDANG BEDAGAI,ID-1218,SUMATERA UTARA
M-00582,PO1000007559,PTPN III,PERKEBUNAN NUSANTARA VI,PINANG TINGGI,-1.962293351,103.4005595,60,Operating,1987,"Establishment year based off secondary sources (e.g. website, corporate report, etc)",MUARO JAMBI,ID-1505,JAMBI
M-00583,PO1000004331,PTPN III,PERKEBUNAN NUSANTARA IV,TIMUR,0.367315725,99.3074862,45,Operating,2014,"Establishment year based off secondary sources (e.g. website, corporate report, etc)",MANDAILING NATAL,ID-1202,SUMATERA UTARA
M-00584,PO1000004428,PTPN III,PERKEBUNAN NUSANTARA IV,SOSA,1.048258404,100.0139455,40,Operating,1999,"Mill known to exist in 1999 (source: Taib, Gunatif (2000), Kajian Pengembangan Industri Crude Palm Oil Skala Kecil (Studi Kasus Pengembangan Industri Crude Palm Oil di Sumatera Barat), http://repository.ipb.ac.id/handle/123456789/5044)",PADANG LAWAS,ID-1221,SUMATERA UTARA
M-00585,PO1000004134,PTPN III,PERKEBUNAN NUSANTARA IV,BERANGIR,2.224280383,99.75971953,30,Operating,1999,"Mill known to exist in 1999 (source: Taib, Gunatif (2000), Kajian Pengembangan Industri Crude Palm Oil Skala Kecil (Studi Kasus Pengembangan Industri Crude Palm Oil di Sumatera Barat), http://repository.ipb.ac.id/handle/123456789/5044)",LABUHAN BATU UTARA,ID-1223,SUMATERA UTARA
M-00586,PO1000004202,PTPN III,PERKEBUNAN NUSANTARA IV,AJAMU-I,2.45763046,100.1617004,30,Operating,1999,"Mill known to exist in 1999 (source: Taib, Gunatif (2000), Kajian Pengembangan Industri Crude Palm Oil Skala Kecil (Studi Kasus Pengembangan Industri Crude Palm Oil di Sumatera Barat), http://repository.ipb.ac.id/handle/123456789/5044)",LABUHAN BATU,ID-1207,SUMATERA UTARA
M-00587,PO1000002335,PTPN III,PERKEBUNAN NUSANTARA IV,PULAU RAJA,2.702052432,99.6242836,30,Operating,2004,"Mill known to exist in 2004 (source: Golder Associates (2006). Appendix VIII: Summary of Renewable Potential in Indonesia POM, Retrieved October 10, 2018, http://www.adb.org/Documents/Reports/Consulta nt/46557-INO/36557-INO-TACR- AppendixVIII.pdf)",ASAHAN,ID-1208,SUMATERA UTARA
M-00588,PO1000004277,PTPN III,PERKEBUNAN NUSANTARA IV,PASIR MANDOGE,2.768334816,99.31758321,60,Operating,1982,"Establishment year based off secondary sources (e.g. website, corporate report, etc)",ASAHAN,ID-1208,SUMATERA UTARA
M-00589,PO1000004280,PTPN III,PERKEBUNAN NUSANTARA IV,AIR BATU,2.859893371,99.63843122,30,Operating,1938,"Establishment year based off secondary sources (e.g. website, corporate report, etc)",ASAHAN,ID-1208,SUMATERA UTARA
M-00590,PO1000004181,PTPN III,PERKEBUNAN NUSANTARA IV,BAH JAMBI,2.988078279,99.22072012,60,Operating,1967,"Establishment year based off secondary sources (e.g. website, corporate report, etc)",SIMALUNGUN,ID-1209,SUMATERA UTARA
M-00591,PO1000004281,PTPN III,PERKEBUNAN NUSANTARA IV,MAYANG,3.033955715,99.3329631,40,Operating,1999,"Mill known to exist in 1999 (source: Taib, Gunatif (2000), Kajian Pengembangan Industri Crude Palm Oil Skala Kecil (Studi Kasus Pengembangan Industri Crude Palm Oil di Sumatera Barat), http://repository.ipb.ac.id/handle/123456789/5044)",SIMALUNGUN,ID-1209,SUMATERA UTARA
M-00592,PO1000004208,PTPN III,PERKEBUNAN NUSANTARA IV,TINJOWAN,3.080384196,99.51283916,40,Operating,1999,"Mill known to exist in 1999 (source: Taib, Gunatif (2000), Kajian Pengembangan Industri Crude Palm Oil Skala Kecil (Studi Kasus Pengembangan Industri Crude Palm Oil di Sumatera Barat), http://repository.ipb.ac.id/handle/123456789/5044)",SIMALUNGUN,ID-1209,SUMATERA UTARA
M-00593,PO1000005868,PTPN III,PERKEBUNAN NUSANTARA IV,DOLOK SINUMBAH,3.111690058,99.32933151,30,Operating,1999,"Mill known to exist in 1999 (source: Taib, Gunatif (2000), Kajian Pengembangan Industri Crude Palm Oil Skala Kecil (Studi Kasus Pengembangan Industri Crude Palm Oil di Sumatera Barat), http://repository.ipb.ac.id/handle/123456789/5044)",SIMALUNGUN,ID-1209,SUMATERA UTARA
M-00594,PO1000002539,PTPN III,PERKEBUNAN NUSANTARA IV,DOLOK ILIR,3.120994742,99.16039116,60,Operating,1999,"Mill known to exist in 1999 (source: Taib, Gunatif (2000), Kajian Pengembangan Industri Crude Palm Oil Skala Kecil (Studi Kasus Pengembangan Industri Crude Palm Oil di Sumatera Barat), http://repository.ipb.ac.id/handle/123456789/5044)",SIMALUNGUN,ID-1209,SUMATERA UTARA
M-00595,PO1000003210,PTPN III,PERKEBUNAN NUSANTARA IV,GUNUNG BAYU,3.144401074,99.37367152,40,Operating,1924,"Establishment year based off secondary sources (e.g. website, corporate report, etc)",SIMALUNGUN,ID-1209,SUMATERA UTARA
M-00597,PO1000002520,PTPN III,PERKEBUNAN NUSANTARA IV,PABATU,3.286823178,99.108454,25,Operating,2004,"Mill known to exist in 2004 (source: Golder Associates (2006). Appendix VIII: Summary of Renewable Potential in Indonesia POM, Retrieved October 10, 2018, http://www.adb.org/Documents/Reports/Consulta nt/46557-INO/36557-INO-TACR- AppendixVIII.pdf)",SERDANG BEDAGAI,ID-1218,SUMATERA UTARA
M-00598,PO1000004497,PTPN III,PERKEBUNAN NUSANTARA IV,ADOLINA,3.567942692,98.94762943,30,Operating,1956,"Establishment year based off secondary sources (e.g. website, corporate report, etc)",SERDANG BEDAGAI,ID-1218,SUMATERA UTARA
M-00599,PO1000004524,PTPN III,PERKEBUNAN NUSANTARA IV,SAWIT LANGKAT,3.700220976,98.29409,30,Operating,1981,"Establishment year based off secondary sources (e.g. website, corporate report, etc)",LANGKAT,ID-1213,SUMATERA UTARA
M-00600,PO1000006159,PTPN III,PERKEBUNAN NUSANTARA V,SUNGAI PAGAR,0.327497326,101.351327,30,Operating,1996,"Establishment year based off secondary sources (e.g. website, corporate report, etc)",KAMPAR,ID-1406,RIAU
M-00601,PO1000004206,PTPN III,PERKEBUNAN NUSANTARA V,TERANTAM,0.579777653,100.7512614,60,Operating,1989,"Establishment year based off secondary sources (e.g. website, corporate report, etc)",ROKAN HULU,ID-1407,RIAU
M-00602,PO1000004402,PTPN III,PERKEBUNAN NUSANTARA V,TANDUN,0.599431521,100.6928318,60,Operating,1985,"Establishment year based off secondary sources (e.g. website, corporate report, etc)",KAMPAR,ID-1406,RIAU
M-00603,PO1000004212,PTPN III,PERKEBUNAN NUSANTARA V,SEI TAPUNG,0.598976,100.618965,60,Operating,1987,"Establishment year based off secondary sources (e.g. website, corporate report, etc)",ROKAN HULU,ID-1407,RIAU
M-00604,PO1000004219,PTPN III,PERKEBUNAN NUSANTARA V,LUBUK DALAM,0.628311358,101.7797393,60,Operating,1996,Establishment year based on other government record of establishment (e.g. Permit database),SIAK,ID-1405,RIAU
M-00605,PO1000007605,PTPN III,PERKEBUNAN NUSANTARA V,SEI GARO,0.642952938,101.1104424,30,Operating,1994,"Establishment year based off secondary sources (e.g. website, corporate report, etc)",KAMPAR,ID-1406,RIAU
M-00606,PO1000004225,PTPN III,PERKEBUNAN NUSANTARA V,SEI BUATAN,0.654704224,101.8638218,60,Operating,1988,"Establishment year based off secondary sources (e.g. website, corporate report, etc)",SIAK,ID-1405,RIAU
M-00607,PO1000006147,PTPN III,PERKEBUNAN NUSANTARA V,SEI INTAN,0.784766856,100.6108886,30,Operating,1999,"Mill known to exist in 1999 (source: Taib, Gunatif (2000), Kajian Pengembangan Industri Crude Palm Oil Skala Kecil (Studi Kasus Pengembangan Industri Crude Palm Oil di Sumatera Barat), http://repository.ipb.ac.id/handle/123456789/5044)",ROKAN HULU,ID-1407,RIAU
M-00608,PO1000008529,PTPN III,PERKEBUNAN NUSANTARA V,TANJUNG MEDAN,1.58438042,100.5887454,30,Operating,1996,"Establishment year based off secondary sources (e.g. website, corporate report, etc)",ROKAN HILIR,ID-1409,RIAU
M-00609,PO1000004268,PTPN III,PERKEBUNAN NUSANTARA V,TANAH PUTIH,1.743347141,100.5110002,60,Operating,1994,"Establishment year based off secondary sources (e.g. website, corporate report, etc)",ROKAN HILIR,ID-1409,RIAU
M-00610,PO1000008187,PTPN III,PERKEBUNAN NUSANTARA VI,TANJUNG LEBAR,-2.018195668,103.5450626,60,Operating,2002,Establishment year imputed based on Dinas Perkebunan Plantation Statistics reports (e.g. first year a mill appears in a Dinas Perkebunan Plantation Statistics report),MUARO JAMBI,ID-1505,JAMBI
M-00611,PO1000008199,PTPN III,PERKEBUNAN NUSANTARA VI,BUNUT,-1.910179495,103.4032297,60,Operating,1999,"Mill known to exist in 1999 (source: Taib, Gunatif (2000), Kajian Pengembangan Industri Crude Palm Oil Skala Kecil (Studi Kasus Pengembangan Industri Crude Palm Oil di Sumatera Barat), http://repository.ipb.ac.id/handle/123456789/5044)",MUARO JAMBI,ID-1505,JAMBI
M-00612,PO1000007619,PTPN III,PERKEBUNAN NUSANTARA VI,AUR GADING,-1.862588064,103.0197066,30,Operating,2012,"Establishment year based off secondary sources (e.g. website, corporate report, etc)",BATANG HARI,ID-1504,JAMBI
M-00613,PO1000004855,PTPN III,PERKEBUNAN NUSANTARA VI,SOLOK SELATAN,-1.393670667,101.477785,20,Operating,2012,"Establishment year based off secondary sources (e.g. website, corporate report, etc)",SOLOK SELATAN,ID-1310,SUMATERA BARAT
M-00614,PO1000005442,PTPN III,PERKEBUNAN NUSANTARA VI,RIMBU DUA,-1.376741448,102.1677916,30,Operating,2006,"Establishment year based off secondary sources (e.g. website, corporate report, etc)",TEBO,ID-1508,JAMBI
M-00616,PO1000008124,PTPN III,PERKEBUNAN NUSANTARA VII,REJOSARI,-5.295933043,105.157789,25,Operating,1990,"Establishment year based off secondary sources (e.g. website, corporate report, etc)",LAMPUNG SELATAN,ID-1803,LAMPUNG
M-00617,PO1000007477,PTPN III,PERKEBUNAN NUSANTARA VII,BEKRI,-5.073780139,105.1340225,40,Operating,1923,"Establishment year based off secondary sources (e.g. website, corporate report, etc)",LAMPUNG TENGAH,ID-1805,LAMPUNG
M-00618,PO1000004061,PTPN III,PERKEBUNAN NUSANTARA VII,UNIT TALO PINO,-4.246675112,102.7123985,30,Operating,1996,"Establishment year based off secondary sources (e.g. website, corporate report, etc)",SELUMA,ID-1705,BENGKULU
M-00619,PO1000006240,PTPN III,PERKEBUNAN NUSANTARA VII,SUNGAI LENGI,-3.549079142,103.8437803,60,Operating,1992,"Establishment year based off secondary sources (e.g. website, corporate report, etc)",MUARA ENIM,ID-1603,SUMATERA SELATAN
M-00620,PO1000006239,PTPN III,PERKEBUNAN NUSANTARA VII,SUNGAI NIRU,-3.486506287,104.035396,30,Operating,1993,Establishment year based on other government record of establishment (e.g. Permit database),MUARA ENIM,ID-1603,SUMATERA SELATAN
M-00621,PO1000006237,PTPN III,PERKEBUNAN NUSANTARA VII,UNIT TALANG SAWIT,-2.969019536,104.1197739,30,Operating,2004,"Mill known to exist in 2004 (source: Golder Associates (2006). Appendix VIII: Summary of Renewable Potential in Indonesia POM, Retrieved October 10, 2018, http://www.adb.org/Documents/Reports/Consulta nt/46557-INO/36557-INO-TACR- AppendixVIII.pdf)",MUSI BANYUASIN,ID-1606,SUMATERA SELATAN
M-00622,PO1000006340,PTPN III,PERKEBUNAN NUSANTARA VII,UNIT BETUNG,-2.848924964,104.1640244,60,Operating,2004,"Mill known to exist in 2004 (source: Golder Associates (2006). Appendix VIII: Summary of Renewable Potential in Indonesia POM, Retrieved October 10, 2018, http://www.adb.org/Documents/Reports/Consulta nt/46557-INO/36557-INO-TACR- AppendixVIII.pdf)",MUSI BANYUASIN,ID-1606,SUMATERA SELATAN
M-00623,PO1000004066,PTPN III,PERKEBUNAN NUSANTARA XIII,PELAIHARI,-3.723982563,114.7859776,30,Operating,2011,"Establishment year based off secondary sources (e.g. website, corporate report, etc)",TANAH LAUT,ID-6301,KALIMANTAN SELATAN
M-00624,PO1000004350,PTPN III,PERKEBUNAN NUSANTARA XIII,KEBUN GUNUNG MELIAU,-0.108593503,110.2924177,60,Operating,1988,Establishment year based on other government record of establishment (e.g. Permit database),SANGGAU,ID-6105,KALIMANTAN BARAT
M-00625,PO1000007586,PTPN III,PERKEBUNAN NUSANTARA XIII,KEBUN RIMBA BELIAN,-0.02901,110.454214,60,Operating,2004,Establishment year based on other government record of establishment (e.g. Permit database),SANGGAU,ID-6105,KALIMANTAN BARAT
M-00626,PO1000008159,PTPN III,PERKEBUNAN NUSANTARA XIII,PARINDU,0.250520364,110.3028544,60,Operating,1994,Establishment year based on other government record of establishment (e.g. Permit database),SANGGAU,ID-6105,KALIMANTAN BARAT
M-00627,PO1000008210,PTPN III,PERKEBUNAN NUSANTARA XIII,NGABANG,0.342829251,109.9390838,30,Operating,1999,"Mill known to exist in 1999 (source: Taib, Gunatif (2000), Kajian Pengembangan Industri Crude Palm Oil Skala Kecil (Studi Kasus Pengembangan Industri Crude Palm Oil di Sumatera Barat), http://repository.ipb.ac.id/handle/123456789/5044)",LANDAK,ID-6103,KALIMANTAN BARAT
M-00628,PO1000008227,PTPN III,PERKEBUNAN NUSANTARA XIII,KEMBAYAN,0.463873262,110.3735275,45,Operating,2011,Establishment year based on other government record of establishment (e.g. Permit database),LANDAK,ID-6103,KALIMANTAN BARAT
M-00629,PO1000004349,SUPERVENTURE,PERKEBUNAN PELALU RAYA,PERKEBUNAN PELALU RAYA,-0.100963432,100.0485516,45,Operating,2007,"Establishment year based off secondary sources (e.g. website, corporate report, etc)",AGAM,ID-1307,SUMATERA BARAT
M-00630,PO1000005212,UNKNOWN,PD PERKEBUNAN SUMATERA UTARA,TANJUNG KASAU,3.301563778,99.27596459,20,Operating,2005,"Establishment year based off secondary sources (e.g. website, corporate report, etc)",BATU BARA,ID-1219,SUMATERA UTARA
M-00631,PO1000004289,MAHKOTA,KARYA PRATAMA NIAGAJAYA,KARYA PRATAMA NIAGAJAYA,3.31787419,99.31364097,60,Operating,2003,"Establishment year based off secondary sources (e.g. website, corporate report, etc)",BATU BARA,ID-1219,SUMATERA UTARA
M-00632,PO1000008282,UNKNOWN,PERMATA CITRA RANGAU,PERMATA CITRA RANGAU,1.250402,101.250447,45,Operating,2017,"Establishment year based off secondary sources (e.g. website, corporate report, etc)",BENGKALIS,ID-1408,RIAU
M-00633,PO1000006257,PERMATA HIJAU,NUBIKA JAYA,NUBIKA JAYA,1.946221901,100.1000342,45,Operating,2002,"Establishment year based off secondary sources (e.g. website, corporate report, etc)",LABUHAN BATU SELATAN,ID-1222,SUMATERA UTARA
M-00634,PO1000008618,UNKNOWN,PERSADA ALAM JAYA,PERSADA ALAM JAYA,-1.043703317,102.8893344,45,Operating,2015,"Establishment year based off secondary sources (e.g. website, corporate report, etc)",TANJUNG JABUNG BARAT,ID-1507,JAMBI
M-00635,PO1000006153,ANAM KOTO,PERSADA NUSA NABATI INDONESIA,PERSADA NUSA NABATI INDONESIA,0.648558,101.485061,30,Operating,2005,"Establishment year based off secondary sources (e.g. website, corporate report, etc)",PEKANBARU (KOTA),ID-1471,RIAU
M-00636,PO1000004294,UNKNOWN,PERUSAHAAN PERKEBUNAN & DAGANG INDAH PONTJAN,DELI MUDA,3.564486066,99.01545163,40,Operating,1999,"Mill known to exist in 1999 (source: Taib, Gunatif (2000), Kajian Pengembangan Industri Crude Palm Oil Skala Kecil (Studi Kasus Pengembangan Industri Crude Palm Oil di Sumatera Barat), http://repository.ipb.ac.id/handle/123456789/5044)",SERDANG BEDAGAI,ID-1218,SUMATERA UTARA
M-00637,PO1000004465,UNKNOWN,PETALING MANDRAGUNA,MARO SEBO,-1.446322028,103.6272959,30,Operating,2012,Establishment year imputed based on Dinas Perkebunan Plantation Statistics reports (e.g. first year a mill appears in a Dinas Perkebunan Plantation Statistics report),MUARO JAMBI,ID-1505,JAMBI
M-00638,PO1000004236,PINAGO UTAMA,PINAGO UTAMA,PINAGO UTAMA,-2.739064027,103.5655587,120,Operating,2003,"Establishment year based off secondary sources (e.g. website, corporate report, etc)",MUSI BANYUASIN,ID-1606,SUMATERA SELATAN
M-00639,PO1000004135,KUALA LUMPUR KEPONG (KLK),PINANG WITMAS SEJATI,PINANG WITMAS SEJATI,-2.223018034,104.1745919,45,Operating,2005,Establishment year imputed based on Dinas Perkebunan Plantation Statistics reports (e.g. first year a mill appears in a Dinas Perkebunan Plantation Statistics report),MUSI BANYUASIN,ID-1606,SUMATERA SELATAN
M-00640,PO1000004158,CARGILL,POLIPLANT SEJAHTERA,SIRIHAM,-2.28383492,110.8715194,60,Operating,2002,"Establishment year based off secondary sources (e.g. website, corporate report, etc)",KETAPANG,ID-6106,KALIMANTAN BARAT
M-00641,PO1000004302,UNKNOWN,PERKEBUNAN PERTANIAN PATI SARI,PATI SARI,4.088759992,97.9603067,30,Operating,1987,Establishment year based on other government record of establishment (e.g. Permit database),ACEH TAMIANG,ID-1114,ACEH
M-00643,PO1000004077,SALIM GROUP,PERUSAHAAN PERKEBUNAN LONDON SUMATRA INDONESIA,GUNUNG BAIS,-2.976514998,103.3413674,20,Operating,2006,Establishment year imputed based on Dinas Perkebunan Plantation Statistics reports (e.g. first year a mill appears in a Dinas Perkebunan Plantation Statistics report),MUSI RAWAS,ID-1605,SUMATERA SELATAN
M-00645,PO1000004133,SALIM GROUP,PERUSAHAAN PERKEBUNAN LONDON SUMATRA INDONESIA,SEI LAKITAN,-2.834519444,103.1276028,60,Operating,1998,"Establishment year based off secondary sources (e.g. website, corporate report, etc)",MUSI RAWAS,ID-1605,SUMATERA SELATAN
M-00646,PO1000002218,SALIM GROUP,PERUSAHAAN PERKEBUNAN LONDON SUMATRA INDONESIA,BELANI ELOK,-2.61582539,103.1464477,60,Operating,2000,"Establishment year based off secondary sources (e.g. website, corporate report, etc)",MUSI RAWAS UTARA,ID-1613,SUMATERA SELATAN
M-00647,PO1000004532,SALIM GROUP,PERUSAHAAN PERKEBUNAN LONDON SUMATRA INDONESIA,TIRTA AGUNG,-2.186664715,104.0326292,60,Operating,2007,"Establishment year based off secondary sources (e.g. website, corporate report, etc)",MUSI BANYUASIN,ID-1606,SUMATERA SELATAN
M-00648,PO1000007516,SALIM GROUP,PERUSAHAAN PERKEBUNAN LONDON SUMATRA INDONESIA,PAHU MAKMUR,-0.597506904,116.1395739,45,Operating,2010,Establishment year imputed based on Dinas Perkebunan Plantation Statistics reports (e.g. first year a mill appears in a Dinas Perkebunan Plantation Statistics report),KUTAI BARAT,ID-6402,KALIMANTAN TIMUR
M-00649,PO1000002226,SALIM GROUP,PERUSAHAAN PERKEBUNAN LONDON SUMATRA INDONESIA,GUNUNG MALAYU,2.701087841,99.5739199,30,Operating,1999,"Mill known to exist in 1999 (source: Taib, Gunatif (2000), Kajian Pengembangan Industri Crude Palm Oil Skala Kecil (Studi Kasus Pengembangan Industri Crude Palm Oil di Sumatera Barat), http://repository.ipb.ac.id/handle/123456789/5044)",ASAHAN,ID-1208,SUMATERA UTARA
M-00650,PO1000002219,SALIM GROUP,PERUSAHAAN PERKEBUNAN LONDON SUMATRA INDONESIA,BEGERPANG,3.459126491,98.82410931,50,Operating,2003,"Establishment year based off secondary sources (e.g. website, corporate report, etc)",DELI SERDANG,ID-1212,SUMATERA UTARA
M-00651,PO1000002367,SALIM GROUP,PERUSAHAAN PERKEBUNAN LONDON SUMATRA INDONESIA,TURANGIE,3.479046568,98.26798278,30,Operating,1989,"Establishment year based off secondary sources (e.g. website, corporate report, etc)",LANGKAT,ID-1213,SUMATERA UTARA
M-00652,PO1000004437,GLOBAL PALM RESOURCES HOLDINGS,PRAKARSA TANI SEJATI,PRAKARSA TANI SEJATI,-1.100605547,110.4677359,45,Operating,1997,"Establishment year based off secondary sources (e.g. website, corporate report, etc)",KETAPANG,ID-6106,KALIMANTAN BARAT
M-00653,PO1000017061,UNKNOWN,PRIMA JAYA LESTARI UTAMA,PRIMA JAYA LESTARI UTAMA,2.312325,99.742655,30,Operating,2016,"Earliest year mill found to exist based on photo-interpretation of high-resolution satellite imagery, manufacturing census data, traceability reports and other secondary sources (or combination of these sources)",LABUHAN BATU UTARA,ID-1223,SUMATERA UTARA
M-00654,PO1000004125,UNKNOWN,PRIMA PALM LATEX INDUSTRI,PRIMA PALM LATEX INDUSTRI,2.780025791,99.25461371,60,Operating,2006,"Establishment year based off secondary sources (e.g. website, corporate report, etc)",ASAHAN,ID-1208,SUMATERA UTARA
M-00655,PO1000006152,UNKNOWN,RIAU KAMPAR SAHABAT SEJATI,SUKARAMAI,0.659363783,100.8976466,45,Operating,2001,"Establishment year based off secondary sources (e.g. website, corporate report, etc)",KAMPAR,ID-1406,RIAU
M-00656,PO1000004213,UNKNOWN,PRIMA SAUHUR LESTARI,PRIMA SAUHUR LESTARI,3.082500332,99.30261366,45,Operating,2001,"Earliest year mill found to exist based on photo-interpretation of high-resolution satellite imagery, manufacturing census data, traceability reports and other secondary sources (or combination of these sources)",SIMALUNGUN,ID-1209,SUMATERA UTARA
M-00657,PO1000008287,UNKNOWN,KARYA ABADI SAMA SEJATI,KARYA ABADI SAMA SEJATI,1.475987313,100.5992004,60,Operating,2013,Establishment year imputed based on Dinas Perkebunan Plantation Statistics reports (e.g. first year a mill appears in a Dinas Perkebunan Plantation Statistics report),ROKAN HILIR,ID-1409,RIAU
M-00658,PO1000004343,MULTI PRIMA ENTAKAI,MULTI PRIMA ENTAKAI,SEMUNTAI,0.061371218,110.7488259,60,Operating,1994,Establishment year based on other government record of establishment (e.g. Permit database),SANGGAU,ID-6105,KALIMANTAN BARAT
M-00660,PO1000008148,MULTI PRIMA ENTAKAI,SINTANG AGRO MANDIRI,SIMBA,0.14102319,111.4854974,45,Operating,2014,Establishment year based on other government record of establishment (e.g. Permit database),SINTANG,ID-6107,KALIMANTAN BARAT
M-00661,PO1000006232,SUMBER TANI AGUNG (STA),TRANSPACIFIC AGRO INDUSTRY,UPANG JAYA,-2.803356606,104.8961445,45,Operating,2015,"Establishment year based off secondary sources (e.g. website, corporate report, etc)",BANYUASIN,ID-1607,SUMATERA SELATAN
M-00662,PO1000004373,DAMAI PLANTATION,MUTIARA AGAM,MUTIARA AGAM,-0.317418359,99.87575462,60,Operating,1994,"Establishment year based off secondary sources (e.g. website, corporate report, etc)",AGAM,ID-1307,SUMATERA BARAT
M-00663,PO1000004164,CEMPAKA MAS ABADI,LANGGAM INTI HIBRINDO,LANGGAM INTI HIBRINDO,0.303486231,101.9050267,30,Operating,2011,"Establishment year based off secondary sources (e.g. website, corporate report, etc)",PELALAWAN,ID-1404,RIAU
M-00665,PO1000004415,HPI-AGRO (DJARUM),GLOBAL KALIMANTAN MAKMUR,KEPODANG,0.731388245,110.4626157,60,Operating,2011,Establishment year based on other government record of establishment (e.g. Permit database),SANGGAU,ID-6105,KALIMANTAN BARAT
M-00666,PO1000007568,SUPERVENTURE,CAHAYA SAWIT LESTARI,CAHAYA SAWIT LESTARI,-3.804167426,102.3987407,45,Operating,2011,Establishment year imputed based on Dinas Perkebunan Plantation Statistics reports (e.g. first year a mill appears in a Dinas Perkebunan Plantation Statistics report),BENGKULU TENGAH,ID-1709,BENGKULU
M-00667,PO1000004856,PUNDI,PUNDI LAHAN KHATULISTIWA,PUNDI LAHAN KHATULISTIWA,-0.018618296,109.5440457,45,Operating,2014,"Establishment year based off secondary sources (e.g. website, corporate report, etc)",KUBU RAYA,ID-6112,KALIMANTAN BARAT
M-00668,PO1000008395,UNKNOWN,PUTERA KERITANG SAWIT,PUTERA KERITANG SAWIT,-0.871371241,102.660337,30,Operating,2011,Establishment year based on other government record of establishment (e.g. Permit database),INDRAGIRI HILIR,ID-1403,RIAU
M-00669,PO1000004527,UNKNOWN,PUTRA BANGKA MANDIRI,SUNGAI TERLUNG,-2.166067,106.004517,30,Operating,2012,"Establishment year based off secondary sources (e.g. website, corporate report, etc)",BANGKA,ID-1901,KEP. BANGKA BELITUNG
M-00670,PO1000004325,QL RESOURCES,PIPIT MUTIARA INDAH,PIPIT MUTIARA INDAH,3.323729377,117.1741241,90,Operating,2012,"Establishment year based off secondary sources (e.g. website, corporate report, etc)",BULUNGAN,ID-6502,KALIMANTAN UTARA
M-00671,PO1000006161,SUPERVENTURE,USAHA SAWIT MANDIRI,USAHA SAWIT MANDIRI,0.304898162,99.44715791,60,Operating,2015,"Earliest year mill found to exist based on photo-interpretation of high-resolution satellite imagery, manufacturing census data, traceability reports and other secondary sources (or combination of these sources)",PASAMAN BARAT,ID-1312,SUMATERA BARAT
M-00673,PO1000008174,SUPERVENTURE,USAHA SAWIT MANDIRI,USAHA SAWIT MANDIRI,-2.396090219,101.1650213,45,Operating,2017,"Establishment year based off secondary sources (e.g. website, corporate report, etc)",MUKO-MUKO,ID-1706,BENGKULU
M-00674,PO1000007646,UNKNOWN,GLOBAL SAWIT SEMESTA,SUBULUSSALAM,2.617582189,98.02790991,30,Operating,2008,"Establishment year based off secondary sources (e.g. website, corporate report, etc)",SUBULUSSALAM (KOTA),ID-1175,ACEH
M-00675,PO1000007572,UNKNOWN,RAJA MARGA,RAJA MARGA,3.985353213,96.62715486,10,Operating,2015,"Establishment year based off secondary sources (e.g. website, corporate report, etc)",NAGAN RAYA,ID-1115,ACEH
M-00676,PO1000004857,EAGLE HIGH PLANTATIONS,JAYA MANDIRI SUKSES,BANGKIRAI,-0.56205444,116.3753499,90,Operating,2011,Establishment year based on other government record of establishment (e.g. Permit database),KUTAI KARTANEGARA,ID-6403,KALIMANTAN TIMUR
M-00677,PO1000004254,AGRINA,RANA WASTU KENCANA,RANA WASTU KENCANA,1.145232836,109.3193812,60,Operating,2012,"Establishment year based off secondary sources (e.g. website, corporate report, etc)",SAMBAS,ID-6101,KALIMANTAN BARAT
M-00678,PO1000004189,UNKNOWN,RAPI TEKNIK,RAPI TEKNIK,2.999808739,99.21681035,20,Operating,1997,"Establishment year based off secondary sources (e.g. website, corporate report, etc)",SIMALUNGUN,ID-1209,SUMATERA UTARA
M-00679,PO1000004550,UNKNOWN,RAYA PADANG LANGKAT,GEBANG,3.945790816,98.36540844,20,Operating,1986,"Establishment year based off secondary sources (e.g. website, corporate report, etc)",LANGKAT,ID-1213,SUMATERA UTARA
M-00680,PO1000000512,REA HOLDINGS,REA KALTIM PLANTATIONS,CAKRA,0.2642306,116.270103,80,Operating,2006,"Establishment year based off secondary sources (e.g. website, corporate report, etc)",KUTAI KARTANEGARA,ID-6403,KALIMANTAN TIMUR
M-00681,PO1000000143,REA HOLDINGS,REA KALTIM PLANTATIONS,PERDANA,0.2577853,116.1500399,80,Operating,1998,"Establishment year based off secondary sources (e.g. website, corporate report, etc)",KUTAI KARTANEGARA,ID-6403,KALIMANTAN TIMUR
M-00682,PO1000004368,TIANJIN JULONG,REZEKI KENCANA,REZEKI KENCANA,-0.266907882,109.2513228,30,Operating,2011,"Establishment year based off secondary sources (e.g. website, corporate report, etc)",KUBU RAYA,ID-6112,KALIMANTAN BARAT
M-00684,PO1000004155,IBRIS PALM,DELIMA MAKMUR,LAE TANGGA,2.245276912,98.03032975,30,Operating,2007,"Earliest year mill found to exist based on photo-interpretation of high-resolution satellite imagery, manufacturing census data, traceability reports and other secondary sources (or combination of these sources)",ACEH SINGKIL,ID-1102,ACEH
M-00685,PO1000004568,BAHRUNY,SISIRAU,SISIRAU,4.202258188,98.06461342,30,Operating,1997,Establishment year based on other government record of establishment (e.g. Permit database),ACEH TAMIANG,ID-1114,ACEH
M-00686,PO1000007591,UNKNOWN,ROHUL PALMINDO,ROHUL PALMINDO,0.986771078,100.7324549,20,Operating,2016,"Establishment year based off secondary sources (e.g. website, corporate report, etc)",ROKAN HULU,ID-1407,RIAU
M-00687,PO1000004844,LX INTERNATIONAL,TINTIN BOYOK SAWIT MAKMUR,TINTIN BOYOK SAWIT MAKMUR,-0.110867482,110.7329489,30,Operating,2014,"Establishment year based off secondary sources (e.g. website, corporate report, etc)",SEKADAU,ID-6109,KALIMANTAN BARAT
M-00688,PO1000005205,LX INTERNATIONAL,GRAND UTAMA MANDIRI,SEJAHTERA,0.469966347,111.2116671,45,Operating,2015,"Establishment year based off secondary sources (e.g. website, corporate report, etc)",SEKADAU,ID-6109,KALIMANTAN BARAT
M-00689,PO1000004112,UNKNOWN,RUDY AGUNG AGRA LAKSANA,RAAL,-1.276976299,103.2481581,45,Operating,2011,Establishment year imputed based on Dinas Perkebunan Plantation Statistics reports (e.g. first year a mill appears in a Dinas Perkebunan Plantation Statistics report),TANJUNG JABUNG BARAT,ID-1507,JAMBI
M-00692,PO1000004386,SAGO NAULI,TRI BAHTERA SRIKANDI,TANDIKEK,0.464024792,99.36574159,30,Operating,2013,"Earliest year mill found to exist based on photo-interpretation of high-resolution satellite imagery, manufacturing census data, traceability reports and other secondary sources (or combination of these sources)",MANDAILING NATAL,ID-1202,SUMATERA UTARA
M-00693,PO1000004387,SAGO NAULI,SAGO NAULI,SAGO NAULI,0.469189051,99.22384514,30,Operating,2002,"Establishment year based off secondary sources (e.g. website, corporate report, etc)",MANDAILING NATAL,ID-1202,SUMATERA UTARA
M-00694,PO1000006205,UNKNOWN,SAHABAT SAWIT SEJAHTERA,SEKIET KALTIM,-1.4842742,116.3167174,60,Operating,2013,Establishment year imputed based on Dinas Perkebunan Plantation Statistics reports (e.g. first year a mill appears in a Dinas Perkebunan Plantation Statistics report),PASER,ID-6401,KALIMANTAN TIMUR
M-00695,PO1000004548,SAMPOERNA AGRO,MUTIARA BUNDA JAYA,PERMATA BUNDA,-3.943458266,105.1101161,60,Operating,2009,"Establishment year based off secondary sources (e.g. website, corporate report, etc)",OGAN KOMERING ILIR,ID-1602,SUMATERA SELATAN
M-00697,PO1000003970,SAMPOERNA AGRO,GUNUNG TUA ABADI,SUMBER SAWIT,-3.807596744,105.1721415,60,Operating,2010,"Establishment year based off secondary sources (e.g. website, corporate report, etc)",OGAN KOMERING ILIR,ID-1602,SUMATERA SELATAN
M-00698,PO1000005580,SAMPOERNA AGRO,SELAPAN JAYA,SELAPAN JAYA,-3.707626582,105.0987098,120,Operating,1999,"Establishment year based off secondary sources (e.g. website, corporate report, etc)",OGAN KOMERING ILIR,ID-1602,SUMATERA SELATAN
M-00699,PO1000004518,SAMPOERNA AGRO,TELAGA HIKMAH,TELAGA HIKMAH,-3.598086288,105.0588269,60,Operating,2004,"Establishment year based off secondary sources (e.g. website, corporate report, etc)",OGAN KOMERING ILIR,ID-1602,SUMATERA SELATAN
M-00700,PO1000004226,SAMPOERNA AGRO,SUNGAI RANGIT,SUNGAI RANGIT,-2.630385677,111.2567461,75,Operating,2001,Establishment year based on dinas perkebunan record of establishment (e.g. Dinas Perkebunan Plantation Statistics report of establishment dates),SUKAMARA,ID-6206,KALIMANTAN TENGAH
M-00701,PO1000004128,SAMSUNG,INECDA,INECDA,-0.493428976,102.3669241,60,Operating,1994,"Establishment year based off secondary sources (e.g. website, corporate report, etc)",INDRAGIRI HULU,ID-1402,RIAU
M-00702,PO1000004138,SAMSUNG,GANDAERAH HENDANA,GANDAERAH HENDANA,-0.156242222,102.2068278,30,Operating,1996,"Establishment year based off secondary sources (e.g. website, corporate report, etc)",PELALAWAN,ID-1404,RIAU
M-00703,PO1000006345,GURITA LINTAS SAMUDERA,SANDABI INDAH LESTARI,LUBUK BANYAU,-3.309823052,102.0913894,45,Operating,2008,Establishment year imputed based on Dinas Perkebunan Plantation Statistics reports (e.g. first year a mill appears in a Dinas Perkebunan Plantation Statistics report),BENGKULU UTARA,ID-1703,BENGKULU
M-00704,PO1000004284,DHANISTHA SURYA NUSANTARA,SANGGAM KAHURIPAN INDONESIA,SANGGAM KAHURIPAN INDONESIA,3.115467,117.266333,30,Operating,2013,Establishment year imputed based on Dinas Perkebunan Plantation Statistics reports (e.g. first year a mill appears in a Dinas Perkebunan Plantation Statistics report),BULUNGAN,ID-6502,KALIMANTAN UTARA
M-00705,PO1000004188,HERFINTA,SAPTA SENTOSA JAYA ABADI,MUKOMUKO,-2.384948374,101.1629431,30,Operating,2005,Establishment year imputed based on Dinas Perkebunan Plantation Statistics reports (e.g. first year a mill appears in a Dinas Perkebunan Plantation Statistics report),MUKO-MUKO,ID-1706,BENGKULU
M-00706,PO1000007673,MUSIM MAS,SARANA ESA CITA,SARANA ESA CITA,1.358722262,109.3832063,45,Operating,2015,Establishment year imputed based on Dinas Perkebunan Plantation Statistics reports (e.g. first year a mill appears in a Dinas Perkebunan Plantation Statistics report),SAMBAS,ID-6101,KALIMANTAN BARAT
M-00707,PO1000003976,TSH RESOURCES,SARANA PRIMA MULTI NIAGA,SARANA PRIMA MULTI NIAGA,-1.99680842,112.9273446,45,Operating,2010,Establishment year based on dinas perkebunan record of establishment (e.g. Dinas Perkebunan Plantation Statistics report of establishment dates),KOTAWARINGIN TIMUR,ID-6202,KALIMANTAN TENGAH
M-00708,PO1000006226,SARASWANTI,SARASWANTI SAWIT MAKMUR,SARASWANTI SAWIT MAKMUR,-2.266221665,116.0164619,45,Operating,2012,"Establishment year based off secondary sources (e.g. website, corporate report, etc)",PASER,ID-6401,KALIMANTAN TIMUR
M-00709,PO1000007594,UNKNOWN,SARI BUAH SAWIT,SARI BUAH SAWIT,-0.04909832,99.88363418,60,Operating,2006,"Earliest year mill found to exist based on photo-interpretation of high-resolution satellite imagery, manufacturing census data, traceability reports and other secondary sources (or combination of these sources)",PASAMAN BARAT,ID-1312,SUMATERA BARAT
M-00712,PO1000004364,CHAROEN POKPHAND,SATRIA MULTI SUKSES,SATRIA MULTI SUKSES,0.221482802,109.529226,30,Operating,2014,"Establishment year based off secondary sources (e.g. website, corporate report, etc)",LANDAK,ID-6103,KALIMANTAN BARAT
M-00714,PO1000004417,ASTRA AGRO LESTARI,SAWIT ASAHAN INDAH,SAWIT ASAHAN INDAH,0.76147,100.51947,45,Operating,2007,"Establishment year based off secondary sources (e.g. website, corporate report, etc)",ROKAN HULU,ID-1407,RIAU
M-00715,PO1000004558,UNKNOWN,SAWIT JAYA MAKMUR SENTOSA,SAWIT JAYA MAKMUR SENTOSA,4.017217121,98.21273054,45,Operating,2012,"Earliest year mill found to exist based on photo-interpretation of high-resolution satellite imagery, manufacturing census data, traceability reports and other secondary sources (or combination of these sources)",LANGKAT,ID-1213,SUMATERA UTARA
M-00716,PO1000007600,UNKNOWN,SAWIT JUJUHAN ABADI,SAWIT JUJUHAN ABADI,-1.241908798,101.7454688,45,Operating,2016,"Establishment year based off secondary sources (e.g. website, corporate report, etc)",BUNGO,ID-1509,JAMBI
M-00717,PO1000008128,KENCANA AGRI,SAWIT KALTIM LESTARI,SAWIT KALTIM LESTARI,-0.06690459,116.8297732,60,Operating,2012,"Establishment year based off secondary sources (e.g. website, corporate report, etc)",KUTAI KARTANEGARA,ID-6403,KALIMANTAN TIMUR
M-00718,PO1000008141,UNKNOWN,SAWIT MAS NUSANTARA,SAWIT MAS NUSANTARA,0.160071,101.720654,60,Operating,2016,"Earliest year mill found to exist based on photo-interpretation of high-resolution satellite imagery, manufacturing census data, traceability reports and other secondary sources (or combination of these sources)",PELALAWAN,ID-1404,RIAU
M-00719,PO1000004067,UNKNOWN,SAWIT MULIA,PASAR BEMBAH,-3.63453741,102.2124275,30,Operating,2015,Establishment year imputed based on Dinas Perkebunan Plantation Statistics reports (e.g. first year a mill appears in a Dinas Perkebunan Plantation Statistics report),BENGKULU TENGAH,ID-1709,BENGKULU
M-00720,PO1000004560,UNKNOWN,SAWIT NAGAN RAYA MAKMUR,SAWIT NAGAN RAYA MAKMUR,4.048360577,96.47505932,30,Operating,2014,"Establishment year based off secondary sources (e.g. website, corporate report, etc)",NAGAN RAYA,ID-1115,ACEH
M-00721,PO1000008160,NPC RESOURCES BERHAD,NALA PALMA CADUDASA,NALA PALMA CADUDASA,0.279503871,116.8445567,60,Operating,2016,"Establishment year based off secondary sources (e.g. website, corporate report, etc)",KUTAI TIMUR,ID-6404,KALIMANTAN TIMUR
M-00722,PO1000004435,NAGAMAS,NAGAMAS AGRO MULIA,TALIKUMAIN,1.07799,100.26128,30,Operating,2003,"Establishment year based off secondary sources (e.g. website, corporate report, etc)",ROKAN HULU,ID-1407,RIAU
M-00723,PO1000004438,UNKNOWN,MAZUMA AGRO INDONESIA,MAZUMA AGRO INDONESIA,1.128939824,100.1552193,30,Operating,2004,"Establishment year based off secondary sources (e.g. website, corporate report, etc)",PADANG LAWAS,ID-1221,SUMATERA UTARA
M-00724,PO1000008206,UNKNOWN,SAWITA PASAMAN JAYA,SAWITA PASAMAN JAYA,0.324695134,99.45280284,120,Operating,2005,"Establishment year based off secondary sources (e.g. website, corporate report, etc)",PASAMAN BARAT,ID-1312,SUMATERA BARAT
M-00725,PO1000004173,UNKNOWN,SAWITA UNGGUL JAYA,SAWITA UNGGUL JAYA,2.332678568,100.0996882,30,Operating,2009,"Establishment year based off secondary sources (e.g. website, corporate report, etc)",LABUHAN BATU,ID-1207,SUMATERA UTARA
M-00727,PO1000004312,UNKNOWN,SAWITTA JAYA LAU PAKAM,SAWITTA JAYA LAU PAKAM,3.26001798,97.96625665,30,Operating,2013,"Establishment year based off secondary sources (e.g. website, corporate report, etc)",KARO,ID-1211,SUMATERA UTARA
M-00728,PO1000004178,UNKNOWN,SENTOSA MULIA BAHAGIA,SENTOSA MULIA BAHAGIA,-2.375725296,103.973326,60,Operating,2008,Establishment year imputed based on Dinas Perkebunan Plantation Statistics reports (e.g. first year a mill appears in a Dinas Perkebunan Plantation Statistics report),MUSI BANYUASIN,ID-1606,SUMATERA SELATAN
M-00729,PO1000004230,UNKNOWN,SENTOSA SEJAHTERA SEJATI,SENTOSA SEJAHTERA SEJATI,-2.66524564,101.3004979,15,Operating,2015,Establishment year imputed based on Dinas Perkebunan Plantation Statistics reports (e.g. first year a mill appears in a Dinas Perkebunan Plantation Statistics report),MUKO-MUKO,ID-1706,BENGKULU
M-00732,PO1000004425,SEPTA,CITRA BUMI AGRO,CITRA BUMI AGRO,0.996514325,100.615599,30,Operating,2014,Establishment year imputed based on Dinas Perkebunan Plantation Statistics reports (e.g. first year a mill appears in a Dinas Perkebunan Plantation Statistics report),ROKAN HULU,ID-1407,RIAU
M-00733,PO1000004859,PALMA SERASIH,ANUGERAH ENERGITAMA,TEPIAN LANGSAT,0.79124815,117.2828393,45,Operating,2014,"Establishment year based off secondary sources (e.g. website, corporate report, etc)",KUTAI TIMUR,ID-6404,KALIMANTAN TIMUR
M-00734,PO1000004534,UNKNOWN,SERDANG CEMERLANG,SERDANG CEMERLANG,3.76538038,98.55526591,30,Operating,2013,"Earliest year mill found to exist based on photo-interpretation of high-resolution satellite imagery, manufacturing census data, traceability reports and other secondary sources (or combination of these sources)",DELI SERDANG,ID-1212,SUMATERA UTARA
M-00735,PO1000004332,UNKNOWN,SERDANG HULU,SERDANG HULU,3.348449525,98.49402307,25,Operating,1999,"Mill known to exist in 1999 (source: Taib, Gunatif (2000), Kajian Pengembangan Industri Crude Palm Oil Skala Kecil (Studi Kasus Pengembangan Industri Crude Palm Oil di Sumatera Barat), http://repository.ipb.ac.id/handle/123456789/5044)",LANGKAT,ID-1213,SUMATERA UTARA
M-00736,PO1000004339,UNKNOWN,SERDANG TENGAH,TANJUNG PURBA,3.396255372,98.85648983,45,Operating,2012,Establishment year based on other government record of establishment (e.g. Permit database),DELI SERDANG,ID-1212,SUMATERA UTARA
M-00737,PO1000004398,UNKNOWN,SEWANGI SAWIT SEJAHTERA,SEWANGI SAWIT SEJAHTERA,0.581175186,101.0876084,45,Operating,2004,"Mill known to exist in 2004 (source: Golder Associates (2006). Appendix VIII: Summary of Renewable Potential in Indonesia POM, Retrieved October 10, 2018, http://www.adb.org/Documents/Reports/Consulta nt/46557-INO/36557-INO-TACR- AppendixVIII.pdf)",KAMPAR,ID-1406,RIAU
M-00739,PO1000008146,UNKNOWN,SIBADIHON SAWITA TOROP LESTARI,SIBADIHON SAWITA TOROP LESTARI,1.81043,100.151504,,Operating,2013,"Earliest year mill found to exist based on photo-interpretation of high-resolution satellite imagery, manufacturing census data, traceability reports and other secondary sources (or combination of these sources)",LABUHAN BATU SELATAN,ID-1222,SUMATERA UTARA
M-00741,PO1000000329,SD GUTHRIE,SAJANG HEULANG,ANGSANA MINI,-3.672783,115.621933,15,Operating,2004,Establishment year based on dinas perkebunan record of establishment (e.g. Dinas Perkebunan Plantation Statistics report of establishment dates),TANAH BUMBU,ID-6310,KALIMANTAN SELATAN
M-00742,PO1000000325,SD GUTHRIE,LADANGRUMPUN SUBURABADI,ANGSANA,-3.612154247,115.6110094,60,Operating,2005,Establishment year based on dinas perkebunan record of establishment (e.g. Dinas Perkebunan Plantation Statistics report of establishment dates),TANAH BUMBU,ID-6310,KALIMANTAN SELATAN
M-00743,PO1000000319,SD GUTHRIE,BERSAMA SEJAHTERA SAKTI,GUNUNG ARU,-3.495472546,116.1672139,60,Operating,1994,Establishment year based on dinas perkebunan record of establishment (e.g. Dinas Perkebunan Plantation Statistics report of establishment dates),KOTABARU,ID-6302,KALIMANTAN SELATAN
M-00745,PO1000000316,SD GUTHRIE,BINA SAINS CEMERLANG,SUNGAI PINANG,-2.984544167,103.4055997,30,Operating,2004,"Mill known to exist in 2004 (source: Golder Associates (2006). Appendix VIII: Summary of Renewable Potential in Indonesia POM, Retrieved October 10, 2018, http://www.adb.org/Documents/Reports/Consulta nt/46557-INO/36557-INO-TACR- AppendixVIII.pdf)",MUSI RAWAS,ID-1605,SUMATERA SELATAN
M-00746,PO1000000320,SD GUTHRIE,GUTHRIE PECCONINA INDONESIA,RANTAU PANJANG,-2.915897465,103.7479776,90,Operating,2001,"Establishment year based off secondary sources (e.g. website, corporate report, etc)",MUSI BANYUASIN,ID-1606,SUMATERA SELATAN
M-00747,PO1000000327,SD GUTHRIE,PARIPURNA SWAKARSA,PONDOK LABU,-2.4752403,116.5068516,60,Operating,2002,Establishment year based on dinas perkebunan record of establishment (e.g. Dinas Perkebunan Plantation Statistics report of establishment dates),KOTABARU,ID-6302,KALIMANTAN SELATAN
M-00748,PO1000000321,SD GUTHRIE,INDOTRUBA TENGAH,SEKUNYIR,-2.443841599,112.0070715,45,Operating,1996,Establishment year based on dinas perkebunan record of establishment (e.g. Dinas Perkebunan Plantation Statistics report of establishment dates),KOTAWARINGIN BARAT,ID-6201,KALIMANTAN TENGAH
M-00749,PO1000000323,SD GUTHRIE,LAGUNA MANDIRI,RANTAU FACTORY,-2.439124813,116.1151314,45,Operating,2002,Establishment year based on dinas perkebunan record of establishment (e.g. Dinas Perkebunan Plantation Statistics report of establishment dates),KOTABARU,ID-6302,KALIMANTAN SELATAN
M-00750,PO1000001380,SD GUTHRIE,LAGUNA MANDIRI,BETUNG,-2.378560218,116.2053621,60,Operating,2012,"Establishment year based off secondary sources (e.g. website, corporate report, etc)",KOTABARU,ID-6302,KALIMANTAN SELATAN
M-00751,PO1000000324,SD GUTHRIE,LANGGENG MUARA MAKMUR,BEBUNGA,-2.373833333,116.3297222,60,Operating,1999,"Establishment year based off secondary sources (e.g. website, corporate report, etc)",KOTABARU,ID-6302,KALIMANTAN SELATAN
M-00753,PO1000000331,SD GUTHRIE,TAMACO GRAHA KRIDA,UNGKAYA,-2.222778,121.563611,60,Operating,1999,"Mill known to exist in 1999 (source: Taib, Gunatif (2000), Kajian Pengembangan Industri Crude Palm Oil Skala Kecil (Studi Kasus Pengembangan Industri Crude Palm Oil di Sumatera Barat), http://repository.ipb.ac.id/handle/123456789/5044)",MOROWALI,ID-7203,SULAWESI TENGAH
M-00754,PO1000001867,SD GUTHRIE,SANDIKA NATAPALMA,LEMBIRU,-2.169205351,110.6742826,45,Operating,2009,Establishment year imputed based on Dinas Perkebunan Plantation Statistics reports (e.g. first year a mill appears in a Dinas Perkebunan Plantation Statistics report),KETAPANG,ID-6106,KALIMANTAN BARAT
M-00755,PO1000000314,SD GUTHRIE,TEGUH SEMPURNA,PEMANTANG,-2.148548,112.291493,60,Operating,2007,Establishment year based on dinas perkebunan record of establishment (e.g. Dinas Perkebunan Plantation Statistics report of establishment dates),SERUYAN,ID-6208,KALIMANTAN TENGAH
M-00756,PO1000000322,SD GUTHRIE,KRIDATAMA LANCAR,SUKAMANDANG,-2.059116187,112.3167947,60,Operating,2002,Establishment year based on dinas perkebunan record of establishment (e.g. Dinas Perkebunan Plantation Statistics report of establishment dates),SERUYAN,ID-6208,KALIMANTAN TENGAH
M-00757,PO1000000315,SD GUTHRIE,BAHARI GEMBIRA RIA,LADANG PANJANG,-1.79120998,103.7933218,30,Operating,2005,Establishment year imputed based on Dinas Perkebunan Plantation Statistics reports (e.g. first year a mill appears in a Dinas Perkebunan Plantation Statistics report),MUARO JAMBI,ID-1505,JAMBI
M-00758,PO1000000601,WILMAR,AMP PLANTATION,AMP PLANTATION,-0.156036036,100.0278049,120,Operating,1996,"Establishment year based off secondary sources (e.g. website, corporate report, etc)",AGAM,ID-1307,SUMATERA BARAT
M-00759,PO1000001381,SD GUTHRIE,BHUMIREKSA NUSA SEJATI,MANDAH FACTORY,0.115371185,103.5489761,45,Operating,2012,Establishment year imputed based on Dinas Perkebunan Plantation Statistics reports (e.g. first year a mill appears in a Dinas Perkebunan Plantation Statistics report),INDRAGIRI HILIR,ID-1403,RIAU
M-00760,PO1000000318,SD GUTHRIE,BHUMIREKSA NUSA SEJATI,TELUK BAKAU,0.256188682,103.5888958,45,Operating,2004,"Mill known to exist in 2004 (source: Golder Associates (2006). Appendix VIII: Summary of Renewable Potential in Indonesia POM, Retrieved October 10, 2018, http://www.adb.org/Documents/Reports/Consulta nt/46557-INO/36557-INO-TACR- AppendixVIII.pdf)",INDRAGIRI HILIR,ID-1403,RIAU
M-00761,PO1000000107,SD GUTHRIE,SIME INDO AGRO,BUKIT AJONG,0.268939,110.482802,30,Operating,2001,Establishment year based on other government record of establishment (e.g. Permit database),SANGGAU,ID-6105,KALIMANTAN BARAT
M-00762,PO1000004377,CEMPAKA MAS ABADI,MITRA AUSTRAL SEJAHTERA,MITRA AUSTRAL SEJAHTERA,0.357668319,110.4309842,30,Operating,2003,Establishment year based on other government record of establishment (e.g. Permit database),SANGGAU,ID-6105,KALIMANTAN BARAT
M-00763,PO1000007604,PTPN III,PERKEBUNAN NUSANTARA V,SUNGAI GALUH,0.546428913,101.229798,60,Operating,1999,"Establishment year based off secondary sources (e.g. website, corporate report, etc)",KAMPAR,ID-1406,RIAU
M-00764,PO1000000317,SD GUTHRIE,ANEKA INTI PERSADA,TELUK SIAK,0.59249532,101.6586308,30,Operating,1995,Establishment year based on other government record of establishment (e.g. Permit database),SIAK,ID-1405,RIAU
M-00765,PO1000000330,SD GUTHRIE,TUNGGAL MITRA PLANTATIONS,MANGGALA,1.520525,100.7319,45,Operating,1997,"Establishment year based off secondary sources (e.g. website, corporate report, etc)",ROKAN HILIR,ID-1409,RIAU
M-00766,PO1000000326,SD GUTHRIE,LAHAN TANI SAKTI,ALUR DUMAI,1.560675665,100.5415876,15,Operating,2006,Establishment year imputed based on Dinas Perkebunan Plantation Statistics reports (e.g. first year a mill appears in a Dinas Perkebunan Plantation Statistics report),ROKAN HILIR,ID-1409,RIAU
M-00767,PO1000000706,SD GUTHRIE,PERKASA SUBUR SAKTI,BLANG SIMPO,4.708339913,97.84014607,30,Operating,1997,Establishment year based on other government record of establishment (e.g. Permit database),ACEH TIMUR,ID-1105,ACEH
M-00768,PO1000004432,SIN TEK HUAT,TRIMITRA LESTARI,TRIMITRA LESTARI,-1.068885185,103.1668501,30,Operating,2004,Establishment year imputed based on Dinas Perkebunan Plantation Statistics reports (e.g. first year a mill appears in a Dinas Perkebunan Plantation Statistics report),TANJUNG JABUNG BARAT,ID-1507,JAMBI
M-00769,PO1000004860,SIN TEK HUAT,BINA SAWIT NUSANTARA,BINA SAWIT NUSANTARA,0.165799445,101.3260084,30,Operating,2006,Establishment year imputed based on Dinas Perkebunan Plantation Statistics reports (e.g. first year a mill appears in a Dinas Perkebunan Plantation Statistics report),KAMPAR,ID-1406,RIAU
M-00770,PO1000004059,TRINITY INTERLINK,SINAR BENGKULU SELATAN,SINAR BENGKULU SELATAN,-4.377866298,102.8408466,45,Operating,2014,Establishment year imputed based on Dinas Perkebunan Plantation Statistics reports (e.g. first year a mill appears in a Dinas Perkebunan Plantation Statistics report),BENGKULU SELATAN,ID-1701,BENGKULU
M-00771,PO1000004136,LYMAN AGRO,SINAR DINAMIKA KAPUAS,SINAR DINAMIKA KAPUAS,-0.308171459,111.5984751,45,Operating,2000,Establishment year imputed based on Dinas Perkebunan Plantation Statistics reports (e.g. first year a mill appears in a Dinas Perkebunan Plantation Statistics report),MELAWI,ID-6110,KALIMANTAN BARAT
M-00772,PO1000007441,UNKNOWN,SINAR HALOMOAN,SINAR HALOMOAN,1.062415454,99.83414275,30,Operating,2015,"Earliest year mill found to exist based on photo-interpretation of high-resolution satellite imagery, manufacturing census data, traceability reports and other secondary sources (or combination of these sources)",PADANG LAWAS,ID-1221,SUMATERA UTARA
M-00773,PO1000004539,SINAR JAYA AGRO INVESTAMA (SJAI),AGRA SAWITINDO,AGRA SAWITINDO,-3.777630904,102.4029408,45,Operating,2008,"Establishment year based off secondary sources (e.g. website, corporate report, etc)",BENGKULU TENGAH,ID-1709,BENGKULU
M-00774,PO1000008162,SINAR JAYA AGRO INVESTAMA (SJAI),KARYA AGRO SAWITINDO,KARYA AGRO SAWITINDO,-2.711013653,101.3408333,30,Operating,2015,Establishment year imputed based on Dinas Perkebunan Plantation Statistics reports (e.g. first year a mill appears in a Dinas Perkebunan Plantation Statistics report),MUKO-MUKO,ID-1706,BENGKULU
M-00775,PO1000008164,SINAR JAYA AGRO INVESTAMA (SJAI),MUKO MUKO INDAH LESTARI,MUKO MUKO INDAH LESTARI,-2.677983165,101.3198476,45,Operating,2006,Establishment year imputed based on Dinas Perkebunan Plantation Statistics reports (e.g. first year a mill appears in a Dinas Perkebunan Plantation Statistics report),MUKO-MUKO,ID-1706,BENGKULU
M-00776,PO1000004296,UNKNOWN,SINAR LANGKAT PERKASA,SINAR LANGKAT PERKASA,3.620204198,98.40125182,20,Operating,2006,"Establishment year based off secondary sources (e.g. website, corporate report, etc)",LANGKAT,ID-1213,SUMATERA UTARA
M-00777,PO1000004271,UNKNOWN,SINAR PANDAWA,SINAR PANDAWA,2.22639448,100.0820037,45,Operating,2007,"Establishment year based off secondary sources (e.g. website, corporate report, etc)",LABUHAN BATU,ID-1207,SUMATERA UTARA
M-00778,PO1000004940,UNKNOWN,SINAR TENERA,SINAR TENERA,3.069959988,99.2049554,30,Operating,2010,"Establishment year based off secondary sources (e.g. website, corporate report, etc)",SIMALUNGUN,ID-1209,SUMATERA UTARA
M-00779,PO1000004462,SUMBER TANI AGUNG (STA),SINARLIKA PORTIBIJAYA PLANTATION,BAHAL,1.428493114,99.72136732,60,Operating,2010,"Establishment year based off secondary sources (e.g. website, corporate report, etc)",PADANG LAWAS UTARA,ID-1220,SUMATERA UTARA
M-00780,PO1000004068,SINAR MAS,SAWIT MAS SEJAHTERA,SUNGAI KIKIM,-3.63308524,103.2193943,60,Operating,2006,Establishment year imputed based on Dinas Perkebunan Plantation Statistics reports (e.g. first year a mill appears in a Dinas Perkebunan Plantation Statistics report),LAHAT,ID-1604,SUMATERA SELATAN
M-00781,PO1000001611,SINAR MAS,BUMI SAWIT PERMAI,BUMI SAWIT,-3.525462054,104.3451031,30,Operating,2005,Establishment year imputed based on Dinas Perkebunan Plantation Statistics reports (e.g. first year a mill appears in a Dinas Perkebunan Plantation Statistics report),MUARA ENIM,ID-1603,SUMATERA SELATAN
M-00782,PO1000004196,SINAR MAS,SINAR KENCANA INTI PERKASA,SUNGAI KUPANG,-3.052247883,116.0149497,60,Operating,1996,Establishment year based on dinas perkebunan record of establishment (e.g. Dinas Perkebunan Plantation Statistics report of establishment dates),KOTABARU,ID-6302,KALIMANTAN SELATAN
M-00783,PO1000001612,SINAR MAS,SAWIT MAS SEJAHTERA,PANGKALAN PANJI,-2.948531,104.466511,60,Operating,1999,"Mill known to exist in 1999 (source: Taib, Gunatif (2000), Kajian Pengembangan Industri Crude Palm Oil Skala Kecil (Studi Kasus Pengembangan Industri Crude Palm Oil di Sumatera Barat), http://repository.ipb.ac.id/handle/123456789/5044)",BANYUASIN,ID-1607,SUMATERA SELATAN
M-00784,PO1000001372,SINAR MAS,MASKAPAI PERKEBUNAN LEIDONG WEST INDONESIA,LEIDONG WEST,-1.901361,105.476417,60,Operating,1995,Establishment year based on other government record of establishment (e.g. Permit database),BANGKA BARAT,ID-1903,KEP. BANGKA BELITUNG
M-00786,PO1000001062,SINAR MAS,RAMAJAYA PRAMUKTI,RAMARAMA,0.534360292,101.0771572,60,Operating,1998,"Establishment year based off secondary sources (e.g. website, corporate report, etc)",KAMPAR,ID-1406,RIAU
M-00787,PO1000001061,SINAR MAS,BUANA WIRALESTARI MAS,NAGA SAKTI,0.782973997,101.0512613,60,Operating,2002,Establishment year based on other government record of establishment (e.g. Permit database),KAMPAR,ID-1406,RIAU
M-00788,PO1000001060,SINAR MAS,BUANA WIRALESTARI MAS,KIJANG,0.832502618,101.0445221,60,Operating,1997,Establishment year based on other government record of establishment (e.g. Permit database),KAMPAR,ID-1406,RIAU
M-00789,PO1000001057,SINAR MAS,IVO MAS TUNGGAL,LIBO,0.929776936,101.2062105,60,Operating,1993,Establishment year based on other government record of establishment (e.g. Permit database),SIAK,ID-1405,RIAU
M-00790,PO1000001058,SINAR MAS,IVO MAS TUNGGAL,SAM-SAM,0.937959093,101.2992305,60,Operating,1993,Establishment year based on other government record of establishment (e.g. Permit database),SIAK,ID-1405,RIAU
M-00791,PO1000001056,SINAR MAS,IVO MAS TUNGGAL,UJUNG TANJUNG,0.970402236,101.2641989,60,Operating,1995,Establishment year based on other government record of establishment (e.g. Permit database),SIAK,ID-1405,RIAU
M-00792,PO1000001079,SINAR MAS,SINAR MAS AGRO RESOURCES AND TECHNOLOGY,PADANG HALABAN,2.318246348,99.83896277,60,Operating,1926,"Establishment year based off secondary sources (e.g. website, corporate report, etc)",LABUHAN BATU UTARA,ID-1223,SUMATERA UTARA
M-00793,PO1000004379,DAESANG,SINTANG RAYA,SINTANG RAYA,-0.452349907,109.2656862,30,Operating,2014,"Establishment year based off secondary sources (e.g. website, corporate report, etc)",KUBU RAYA,ID-6112,KALIMANTAN BARAT
M-00794,PO1000001279,SIPEF,AGRO MUKO,BUNGA TANJUNG,-2.716470694,101.3701333,60,Operating,2001,"Establishment year based off secondary sources (e.g. website, corporate report, etc)",MUKO-MUKO,ID-1706,BENGKULU
M-00795,PO1000001278,SIPEF,AGRO MUKO,MUKOMUKO,-2.601349727,101.2786226,60,Operating,1994,"Establishment year based off secondary sources (e.g. website, corporate report, etc)",MUKO-MUKO,ID-1706,BENGKULU
M-00796,PO1000000099,SIPEF,TOLAN TIGA INDONESIA,PERLABIAN,2.060466692,100.0823895,60,Operating,1934,"Establishment year based off secondary sources (e.g. website, corporate report, etc)",LABUHAN BATU SELATAN,ID-1222,SUMATERA UTARA
M-00798,PO1000001670,SIPEF,UMBUL MAS WISESA,UMBUL MAS WISESA,2.211008801,100.2708226,45,Operating,2014,"Establishment year based off secondary sources (e.g. website, corporate report, etc)",LABUHAN BATU SELATAN,ID-1222,SUMATERA UTARA
M-00799,PO1000004275,UNKNOWN,DJAJA PUTRA INDONESIA,DJAJA PUTRA INDONESIA,2.67857648,99.42761725,45,Operating,2014,"Establishment year based off secondary sources (e.g. website, corporate report, etc)",ASAHAN,ID-1208,SUMATERA UTARA
M-00800,PO1000000095,SIPEF,EASTERN SUMATERA INDONESIA,BUKIT MARADJA,3.01217057,99.2354882,42,Operating,1999,"Mill known to exist in 1999 (source: Taib, Gunatif (2000), Kajian Pengembangan Industri Crude Palm Oil Skala Kecil (Studi Kasus Pengembangan Industri Crude Palm Oil di Sumatera Barat), http://repository.ipb.ac.id/handle/123456789/5044)",SIMALUNGUN,ID-1209,SUMATERA UTARA
M-00801,PO1000001250,SOCFIN,SOCFIN INDONESIA,NEGERI LAMA,2.317296216,100.0698881,20,Operating,1928,"Establishment year based off secondary sources (e.g. website, corporate report, etc)",LABUHAN BATU,ID-1207,SUMATERA UTARA
M-00802,PO1000001775,SOCFIN,SOCFIN INDONESIA,LAE BUTAR,2.391250932,97.95678827,23,Operating,1938,"Establishment year based off secondary sources (e.g. website, corporate report, etc)",ACEH SINGKIL,ID-1102,ACEH
M-00803,PO1000001252,SOCFIN,SOCFIN INDONESIA,AEK LOBA,2.651401827,99.61735134,60,Operating,1973,"Establishment year based off secondary sources (e.g. website, corporate report, etc)",ASAHAN,ID-1208,SUMATERA UTARA
M-00804,PO1000000352,SOCFIN,SOCFIN INDONESIA,TANAH GAMBUS,3.203857371,99.40429653,24,Operating,1978,"Establishment year based off secondary sources (e.g. website, corporate report, etc)",BATU BARA,ID-1219,SUMATERA UTARA
M-00805,PO1000000451,SOCFIN,SOCFIN INDONESIA,BANGUN BANDAR MILL,3.331577835,99.04317491,23,Operating,1926,"Establishment year based off secondary sources (e.g. website, corporate report, etc)",SERDANG BEDAGAI,ID-1218,SUMATERA UTARA
M-00806,PO1000001256,SOCFIN,SOCFIN INDONESIA,MATA PAO MILL,3.531021026,99.09219846,15,Operating,1927,"Establishment year based off secondary sources (e.g. website, corporate report, etc)",SERDANG BEDAGAI,ID-1218,SUMATERA UTARA
M-00807,PO1000001777,SOCFIN,SOCFIN INDONESIA,SEUMANYAM,3.965475127,96.56600143,45,Operating,1936,"Establishment year based off secondary sources (e.g. website, corporate report, etc)",NAGAN RAYA,ID-1115,ACEH
M-00808,PO1000001774,SOCFIN,SOCFIN INDONESIA,SEUNAGAN,4.060070599,96.2619194,23,Operating,1937,"Establishment year based off secondary sources (e.g. website, corporate report, etc)",NAGAN RAYA,ID-1115,ACEH
M-00809,PO1000001251,SOCFIN,SOCFIN INDONESIA,SUNGAI LIPUT,4.231856315,98.05935137,23,Operating,1922,Establishment year based on other government record of establishment (e.g. Permit database),ACEH TAMIANG,ID-1114,ACEH
M-00810,PO1000008425,SK PLUS,SRI INDRAPURA SAWIT LESTARI,SRI INDRAPURA SAWIT LESTARI,0.464193,101.735647,60,Operating,2017,"Establishment year based off secondary sources (e.g. website, corporate report, etc)",SIAK,ID-1405,RIAU
M-00811,PO1000004861,MULIA SAWIT AGRO LESTARI (MSAL),MULIA SAWIT AGRO LESTARI,MULIA SAWIT AGRO LESTARI,-1.511902098,113.4667009,60,Operating,2014,Establishment year based on dinas perkebunan record of establishment (e.g. Dinas Perkebunan Plantation Statistics report of establishment dates),GUNUNG MAS,ID-6211,KALIMANTAN TENGAH
M-00812,PO1000004231,FIRST RESOURCES,SUBUR ARUM MAKMUR,SUBUR ARUM MAKMUR I,0.818241338,100.8876654,90,Operating,2004,Establishment year based on other government record of establishment (e.g. Permit database),KAMPAR,ID-1406,RIAU
M-00813,PO1000007052,FIRST RESOURCES,SUBUR ARUM MAKMUR,SUBUR ARUM MAKMUR II,0.97853236,100.7796658,45,Operating,2012,Establishment year imputed based on Dinas Perkebunan Plantation Statistics reports (e.g. first year a mill appears in a Dinas Perkebunan Plantation Statistics report),ROKAN HULU,ID-1407,RIAU
M-00814,PO1000010006,UNKNOWN,SUKSES GEMILANG PALEM,SUKSES GEMILANG PALEM,-2.27265254,102.5479608,45,Operating,2015,Establishment year imputed based on Dinas Perkebunan Plantation Statistics reports (e.g. first year a mill appears in a Dinas Perkebunan Plantation Statistics report),SAROLANGUN,ID-1503,JAMBI
M-00815,PO1000007442,CAPITOL,SULTRA PRIMA LESTARI,SULTRA PRIMA LESTARI,-3.451,122.168,30,Operating,2015,"Establishment year based off secondary sources (e.g. website, corporate report, etc)",KONAWE UTARA,ID-7410,SULAWESI TENGGARA
M-00816,PO1000006184,INCASI RAYA (GUNAS),SUMATERA MAKMUR LESTARI,SUMATERA MAKMUR LESTARI,-0.661811,102.344651,60,Operating,1997,"Establishment year based off secondary sources (e.g. website, corporate report, etc)",INDRAGIRI HULU,ID-1402,RIAU
M-00817,PO1000008182,SK PLUS,SUMBER ADINUSA LESTARI,SUMBER ADINUSA LESTARI,-2.20208571,111.4832488,45,Operating,2017,"Establishment year based off secondary sources (e.g. website, corporate report, etc)",LAMANDAU,ID-6207,KALIMANTAN TENGAH
M-00818,PO1000008208,SUPERVENTURE,SUMBER BUNGA SAWIT LESTARI,BABULU,-1.4926976,116.4441998,60,Operating,2013,Establishment year imputed based on Dinas Perkebunan Plantation Statistics reports (e.g. first year a mill appears in a Dinas Perkebunan Plantation Statistics report),PENAJAM PASER UTARA,ID-6409,KALIMANTAN TIMUR
M-00819,PO1000008188,UNKNOWN,SUMBER GUNA NABATI,BUNGA ANTOI,-2.007034067,102.4927266,45,Operating,2015,"Establishment year based off secondary sources (e.g. website, corporate report, etc)",MERANGIN,ID-1502,JAMBI
M-00820,PO1000001342,SINAR MAS,SUMBER INDAH PERKASA,SUNGAI BUAYA,-4.127558097,105.4384047,60,Operating,1996,Establishment year based on other government record of establishment (e.g. Permit database),MESUJI,ID-1811,LAMPUNG
M-00821,PO1000004423,UNKNOWN,SUMBER JAYA INDAHNUSA COY,KOTA LAMA,0.891423464,100.6970289,45,Operating,2007,Establishment year imputed based on Dinas Perkebunan Plantation Statistics reports (e.g. first year a mill appears in a Dinas Perkebunan Plantation Statistics report),ROKAN HULU,ID-1407,RIAU
M-00822,PO1000004251,UNKNOWN,SUMBER JAYA INDAHNUSA COY,KOTA TENGAH,1.138387541,100.6453379,30,Operating,2016,"Establishment year based off secondary sources (e.g. website, corporate report, etc)",ROKAN HULU,ID-1407,RIAU
M-00823,PO1000007448,UNKNOWN,SUMBER KENCANA INDO PALMA,SUMBER KENCANA INDO PALMA,-0.682039332,102.5025133,30,Operating,2012,Establishment year imputed based on Dinas Perkebunan Plantation Statistics reports (e.g. first year a mill appears in a Dinas Perkebunan Plantation Statistics report),INDRAGIRI HULU,ID-1402,RIAU
M-00824,PO1000004536,UNKNOWN,SUMBER MAKMUR JAYA,SUMBER KEMBANG JAYA,3.765656316,98.4063816,30,Operating,2014,"Earliest year mill found to exist based on photo-interpretation of high-resolution satellite imagery, manufacturing census data, traceability reports and other secondary sources (or combination of these sources)",LANGKAT,ID-1213,SUMATERA UTARA
M-00825,PO1000004559,UNKNOWN,SUMBER MAKMUR JAYA,SUMBER MAKMUR JAYA,4.03344673,98.30094717,30,Operating,2012,"Earliest year mill found to exist based on photo-interpretation of high-resolution satellite imagery, manufacturing census data, traceability reports and other secondary sources (or combination of these sources)",LANGKAT,ID-1213,SUMATERA UTARA
M-00826,PO1000004240,UNKNOWN,SUMBER SAWIT JAYA LESTARI,SUMBER SAWIT JAYA LESTARI,2.761497736,99.95846597,15,Operating,2012,"Earliest year mill found to exist based on photo-interpretation of high-resolution satellite imagery, manufacturing census data, traceability reports and other secondary sources (or combination of these sources)",LABUHAN BATU UTARA,ID-1223,SUMATERA UTARA
M-00827,PO1000008589,UNKNOWN,SUMBER SAWIT SEJAHTERA,SUMBER SAWIT SEJAHTERA,0.248432196,101.9756265,40,Operating,2012,Establishment year imputed based on Dinas Perkebunan Plantation Statistics reports (e.g. first year a mill appears in a Dinas Perkebunan Plantation Statistics report),PELALAWAN,ID-1404,RIAU
M-00828,PO1000004431,SUMBER TANI AGUNG (STA),KARYA AGUNG SAWITA,SOSA,1.066084081,99.9606411,60,Operating,2010,"Establishment year based off secondary sources (e.g. website, corporate report, etc)",PADANG LAWAS,ID-1221,SUMATERA UTARA
M-00829,PO1000004483,SUMBER TANI AGUNG (STA),SUMBER TANI AGUNG,SABUNGAN,1.754559948,99.9846247,60,Operating,1996,"Establishment year based off secondary sources (e.g. website, corporate report, etc)",LABUHAN BATU SELATAN,ID-1222,SUMATERA UTARA
M-00830,PO1000004468,UNKNOWN,SUNGAI BAHAR PASIFIK UTAMA,SUNGAI BAHAR PASIFIK UTAMA,-1.537362183,103.6308304,90,Operating,2014,"Establishment year based off secondary sources (e.g. website, corporate report, etc)",MUARO JAMBI,ID-1505,JAMBI
M-00831,PO1000008168,SUNGAI BUDI,SURYA ANDALAN PRIMATAMA,PKS 9,-2.582792491,101.3105437,45,Operating,2016,Establishment year imputed based on Dinas Perkebunan Plantation Statistics reports (e.g. first year a mill appears in a Dinas Perkebunan Plantation Statistics report),MUKO-MUKO,ID-1706,BENGKULU
M-00833,PO1000004137,SUNGAI BUDI,SERBA HUTA JAYA,SERBA HUTA JAYA,2.223961826,99.93356063,45,Operating,2014,"Earliest year mill found to exist based on photo-interpretation of high-resolution satellite imagery, manufacturing census data, traceability reports and other secondary sources (or combination of these sources)",LABUHAN BATU UTARA,ID-1223,SUMATERA UTARA
M-00834,PO1000005208,FANGIONO AGRO PLANTATION (FAP AGRI),KARANG JUANG HIJAU LESTARI,KARANG JUANG HIJAU LESTARI,4.036200441,116.9270438,60,Operating,2008,"Establishment year based off secondary sources (e.g. website, corporate report, etc)",NUNUKAN,ID-6504,KALIMANTAN UTARA
M-00835,PO1000008292,FANGIONO AGRO PLANTATION (FAP AGRI),BHUMI SIMANGGARIS INDAH,BHUMI SIMANGGARIS INDAH,4.238339652,117.3629019,45,Operating,2013,Establishment year imputed based on Dinas Perkebunan Plantation Statistics reports (e.g. first year a mill appears in a Dinas Perkebunan Plantation Statistics report),NUNUKAN,ID-6504,KALIMANTAN UTARA
M-00836,PO1000004159,UNKNOWN,SURYA BRATASENA PLANTATION,SEI NILO,0.151985587,101.9731519,30,Operating,1993,"Establishment year based off secondary sources (e.g. website, corporate report, etc)",PELALAWAN,ID-1404,RIAU
M-00837,PO1000004436,FIRST RESOURCES,SWADAYA MUKTI PRAKARSA,SWADAYA MUKTI PRAKARSA,-1.080870261,110.383764,45,Operating,2013,Establishment year imputed based on Dinas Perkebunan Plantation Statistics reports (e.g. first year a mill appears in a Dinas Perkebunan Plantation Statistics report),KETAPANG,ID-6106,KALIMANTAN BARAT
M-00838,PO1000002637,FIRST RESOURCES,MERIDAN SEJATISURYA PLANTATION,MERIDAN SEJATISURYA PLANTATION,0.538203944,101.7301632,45,Operating,2004,Establishment year based on other government record of establishment (e.g. Permit database),SIAK,ID-1405,RIAU
M-00839,PO1000004216,FIRST RESOURCES,SURYA INTISARI RAYA,SURYA INTISARI RAYA,0.628823676,101.5680195,45,Operating,2010,Establishment year imputed based on Dinas Perkebunan Plantation Statistics reports (e.g. first year a mill appears in a Dinas Perkebunan Plantation Statistics report),PEKANBARU (KOTA),ID-1471,RIAU
M-00840,PO1000005218,CILIANDRY ANKY ABADI,TIRTA MADU,TIRTA MADU,1.036278,104.596081,22.5,Operating,2006,"Earliest year mill found to exist based on photo-interpretation of high-resolution satellite imagery, manufacturing census data, traceability reports and other secondary sources (or combination of these sources)",BINTAN,ID-2102,KEP. RIAU
M-00842,PO1000004253,FIRST RESOURCES,PERDANA INTISAWIT PERKASA,PERDANA INTI SAWIT PERKASA 1,1.141484516,100.494156,60,Operating,2002,Establishment year imputed based on Dinas Perkebunan Plantation Statistics reports (e.g. first year a mill appears in a Dinas Perkebunan Plantation Statistics report),ROKAN HULU,ID-1407,RIAU
M-00843,PO1000007630,FIRST RESOURCES,PERDANA INTISAWIT PERKASA,PERDANA INTI SAWIT PERKASA 2,1.1673333,100.7047778,30,Operating,2014,Establishment year imputed based on Dinas Perkebunan Plantation Statistics reports (e.g. first year a mill appears in a Dinas Perkebunan Plantation Statistics report),ROKAN HULU,ID-1407,RIAU
M-00846,PO1000006259,FIRST RESOURCES,MERIDAN SEJATISURYA PLANTATION,BANGSAL ACEH,1.723190161,101.3795711,60,Operating,2012,Establishment year imputed based on Dinas Perkebunan Plantation Statistics reports (e.g. first year a mill appears in a Dinas Perkebunan Plantation Statistics report),DUMAI (KOTA),ID-1473,RIAU
M-00847,PO1000005219,FANGIONO AGRO PLANTATION (FAP AGRI),TIRTAMADU SAWIT JAYA,TIRTAMADU SAWIT JAYA,4.113536126,117.0424088,60,Operating,2015,"Establishment year based off secondary sources (e.g. website, corporate report, etc)",NUNUKAN,ID-6504,KALIMANTAN UTARA
M-00849,PO1000004299,AMARA PLANTATION,SURYA PANEN SUBUR,SURYA PANEN SUBUR,3.808340015,96.49373977,60,Operating,2013,"Earliest year mill found to exist based on photo-interpretation of high-resolution satellite imagery, manufacturing census data, traceability reports and other secondary sources (or combination of these sources)",NAGAN RAYA,ID-1115,ACEH
M-00850,PO1000006212,UNKNOWN,SURYA UTAMA AGROLESTARI,SURYA UTAMA AGROLESTARI,-1.803273812,103.4321006,45,Operating,2015,"Establishment year based off secondary sources (e.g. website, corporate report, etc)",MUARO JAMBI,ID-1505,JAMBI
M-00851,PO1000004063,UNKNOWN,SURYA UTAMA NABATI,SURYA UTAMA NABATI,-4.185500173,105.2182506,45,Operating,2012,"Establishment year based off secondary sources (e.g. website, corporate report, etc)",TULANG BAWANG,ID-1808,LAMPUNG
M-00853,PO1000006294,SINAR JAYA AGRO INVESTAMA (SJAI),KALIREJO LESTARI,KALIREJO LESTARI,-5.227391998,104.9481881,30,Operating,2009,Establishment year imputed based on Dinas Perkebunan Plantation Statistics reports (e.g. first year a mill appears in a Dinas Perkebunan Plantation Statistics report),LAMPUNG TENGAH,ID-1805,LAMPUNG
M-00854,PO1000006295,SINAR JAYA AGRO INVESTAMA (SJAI),ANAKTUHA SAWIT MANDIRI,ANAKTUHA SAWIT MANDIRI,-5.094859505,105.186456,30,Operating,2013,"Establishment year based off secondary sources (e.g. website, corporate report, etc)",LAMPUNG TENGAH,ID-1805,LAMPUNG
M-00855,PO1000004060,SINAR JAYA AGRO INVESTAMA (SJAI),MENGGALA SAWITINDO,MENGGALA SAWITINDO,-4.350650427,105.2702117,45,Operating,2009,"Establishment year based off secondary sources (e.g. website, corporate report, etc)",TULANG BAWANG,ID-1808,LAMPUNG
M-00857,PO1000006231,UNKNOWN,SUTOPO LESTARI JAYA,SUTOPO LESTARI JAYA,-2.79498201,104.7358807,30,Operating,2015,"Establishment year based off secondary sources (e.g. website, corporate report, etc)",BANYUASIN,ID-1607,SUMATERA SELATAN
M-00858,PO1000004082,KPN CORP,SWADAYA INDOPALMA,SWADAYA INDOPALMA,-2.765100537,104.6313958,30,Operating,2014,Establishment year imputed based on Dinas Perkebunan Plantation Statistics reports (e.g. first year a mill appears in a Dinas Perkebunan Plantation Statistics report),BANYUASIN,ID-1607,SUMATERA SELATAN
M-00859,PO1000004130,UNKNOWN,SWAKARSA SAWIT RAYA,SWAKARSA SAWIT RAYA,-0.489321451,102.4779582,45,Operating,2013,Establishment year imputed based on Dinas Perkebunan Plantation Statistics reports (e.g. first year a mill appears in a Dinas Perkebunan Plantation Statistics report),INDRAGIRI HULU,ID-1402,RIAU
M-00860,PO1000004084,CAPELLA,SWARNA NUSA SENTOSA,SWARNA NUSA SENTOSA,-2.482539,106.076744,60,Operating,2004,"Mill known to exist in 2004 (source: Golder Associates (2006). Appendix VIII: Summary of Renewable Potential in Indonesia POM, Retrieved October 10, 2018, http://www.adb.org/Documents/Reports/Consulta nt/46557-INO/36557-INO-TACR- AppendixVIII.pdf)",BANGKA SELATAN,ID-1905,KEP. BANGKA BELITUNG
M-00861,PO1000004360,SWASTISIDDHI AMAGRA,SWASTISIDDHI AMAGRA,BINABARU,0.210324795,101.2753159,30,Operating,2008,"Establishment year based off secondary sources (e.g. website, corporate report, etc)",KAMPAR,ID-1406,RIAU
M-00862,PO1000008269,SWASTISIDDHI AMAGRA,SWASTISIDDHI AMAGRA,LIBO JAYA,0.947750713,101.0966153,45,Operating,1999,"Establishment year based off secondary sources (e.g. website, corporate report, etc)",SIAK,ID-1405,RIAU
M-00863,PO1000002676,GOODHOPE,AGRO INDOMAS,SUNGAI PURUN,-2.523462561,112.413809,90,Operating,2007,Establishment year based on dinas perkebunan record of establishment (e.g. Dinas Perkebunan Plantation Statistics report of establishment dates),SERUYAN,ID-6208,KALIMANTAN TENGAH
M-00864,PO1000006181,UNKNOWN,TALANG JERINJING SAWIT,TALANG JERINJING SAWIT,-0.46240149,102.4675014,30,Operating,2011,Establishment year imputed based on Dinas Perkebunan Plantation Statistics reports (e.g. first year a mill appears in a Dinas Perkebunan Plantation Statistics report),INDRAGIRI HULU,ID-1402,RIAU
M-00865,PO1000004292,UNKNOWN,TANINDO SEJATI,TANINDO SEJATI,3.51020768,99.20230888,30,Operating,2013,"Establishment year based off secondary sources (e.g. website, corporate report, etc)",SERDANG BEDAGAI,ID-1218,SUMATERA UTARA
M-00866,PO1000004098,CITRA BORNEO INDAH (CBI),TANJUNG SAWIT ABADI,MALATA,-1.911694,111.599406,60,Operating,2013,Establishment year based on dinas perkebunan record of establishment (e.g. Dinas Perkebunan Plantation Statistics report of establishment dates),LAMANDAU,ID-6207,KALIMANTAN TENGAH
M-00867,PO1000007641,UNKNOWN,TASMA PUJA,BATANG CENAKU,-0.813940856,102.1894444,45,Operating,2013,Establishment year imputed based on Dinas Perkebunan Plantation Statistics reports (e.g. first year a mill appears in a Dinas Perkebunan Plantation Statistics report),INDRAGIRI HULU,ID-1402,RIAU
M-00868,PO1000004370,UNKNOWN,TASMA PUJA,SEI KUAMANG,0.275981504,101.2193873,30,Operating,2004,"Mill known to exist in 2004 (source: Golder Associates (2006). Appendix VIII: Summary of Renewable Potential in Indonesia POM, Retrieved October 10, 2018, http://www.adb.org/Documents/Reports/Consulta nt/46557-INO/36557-INO-TACR- AppendixVIII.pdf)",KAMPAR,ID-1406,RIAU
M-00870,PO1000008230,UNKNOWN,TAYAN BUKIT SAWIT,TAYAN BUKIT SAWIT,0.54345,110.42507,60,Operating,2017,Establishment year based on other government record of establishment (e.g. Permit database),LANDAK,ID-6103,KALIMANTAN BARAT
M-00871,PO1000004117,UNKNOWN,SUGIH RIESTA JAYA,SEI AKAR,-0.79349074,102.5962543,45,Operating,2002,"Establishment year based off secondary sources (e.g. website, corporate report, etc)",INDRAGIRI HULU,ID-1402,RIAU
M-00872,PO1000004263,UNKNOWN,SAWIT RIAU MAKMUR,TELUK MEGA,1.533832211,100.9927085,60,Operating,2002,"Establishment year based off secondary sources (e.g. website, corporate report, etc)",ROKAN HILIR,ID-1409,RIAU
M-00873,PO1000004273,UNKNOWN,SINAR SAWIT LESTARI,DAMULI,2.461222662,99.65185782,20,Operating,2010,"Earliest year mill found to exist based on photo-interpretation of high-resolution satellite imagery, manufacturing census data, traceability reports and other secondary sources (or combination of these sources)",LABUHAN BATU UTARA,ID-1223,SUMATERA UTARA
M-00874,PO1000008266,SK PLUS,TEGUH KARSA WANALESTARI,KANDIS,0.894859,101.380721,45,Operating,2016,"Earliest year mill found to exist based on photo-interpretation of high-resolution satellite imagery, manufacturing census data, traceability reports and other secondary sources (or combination of these sources)",SIAK,ID-1405,RIAU
M-00875,PO1000006144,SK PLUS,TEGUH KARSA WANALESTARI,BUNGA RAYA,0.928246625,102.0211916,45,Operating,2015,"Establishment year based off secondary sources (e.g. website, corporate report, etc)",SIAK,ID-1405,RIAU
M-00876,PO1000004390,TELADAN PRIMA,TELEN PRIMA SAWIT,MUARA BENGKAL,0.511044177,116.7809008,60,Operating,2010,"Establishment year based off secondary sources (e.g. website, corporate report, etc)",KUTAI TIMUR,ID-6404,KALIMANTAN TIMUR
M-00878,PO1000004862,TELADAN PRIMA,TELEN,BUKIT PERMATA,1.0827293,117.7223005,45,Operating,2015,Establishment year imputed based on Dinas Perkebunan Plantation Statistics reports (e.g. first year a mill appears in a Dinas Perkebunan Plantation Statistics report),KUTAI TIMUR,ID-6404,KALIMANTAN TIMUR
M-00879,PO1000004446,TELADAN PRIMA,TELEN,PENGADAN BAAY,1.2459049,117.6938998,60,Operating,2010,"Establishment year based off secondary sources (e.g. website, corporate report, etc)",KUTAI TIMUR,ID-6404,KALIMANTAN TIMUR
M-00880,PO1000004467,TELADAN PRIMA,TANJUNG BUYU PERKASA PLANTATION,TALISAYAN,1.513797,118.265711,70,Operating,2009,"Establishment year based off secondary sources (e.g. website, corporate report, etc)",BERAU,ID-6405,KALIMANTAN TIMUR
M-00881,PO1000008193,ENSEM,ENSEM LESTARI,ENSEM LESTARI,2.457359219,98.06466044,30,Operating,2014,"Establishment year based off secondary sources (e.g. website, corporate report, etc)",ACEH SINGKIL,ID-1102,ACEH
M-00882,PO1000004249,UNKNOWN,TENGGANAU MANDIRI LESTARI,TENGGANAU MANDIRI LESTARI,1.122222,101.257278,10,Operating,2008,Establishment year imputed based on Dinas Perkebunan Plantation Statistics reports (e.g. first year a mill appears in a Dinas Perkebunan Plantation Statistics report),BENGKALIS,ID-1408,RIAU
M-00883,PO1000004356,KPN CORP,TH INDO PLANTATIONS,NYATOH,0.130780422,103.1542712,60,Operating,2008,Establishment year imputed based on Dinas Perkebunan Plantation Statistics reports (e.g. first year a mill appears in a Dinas Perkebunan Plantation Statistics report),INDRAGIRI HILIR,ID-1403,RIAU
M-00884,PO1000004363,KPN CORP,TH INDO PLANTATIONS,PULAI,0.221004219,103.1636532,120,Operating,1996,Establishment year based on other government record of establishment (e.g. Permit database),INDRAGIRI HILIR,ID-1403,RIAU
M-00886,PO1000004121,TSH RESOURCES,FARINDA BERSAUDARA,FARINDA BERSAUDARA,-0.69735396,116.2619463,45,Operating,2012,"Establishment year based off secondary sources (e.g. website, corporate report, etc)",KUTAI BARAT,ID-6402,KALIMANTAN TIMUR
M-00887,PO1000004340,TSH RESOURCES,ANDALAS AGRO INDUSTRI,ANDALAS AGRO INDUSTRI,-0.053867473,99.97281421,60,Operating,2004,"Mill known to exist in 2004 (source: Golder Associates (2006). Appendix VIII: Summary of Renewable Potential in Indonesia POM, Retrieved October 10, 2018, http://www.adb.org/Documents/Reports/Consulta nt/46557-INO/36557-INO-TACR- AppendixVIII.pdf)",PASAMAN BARAT,ID-1312,SUMATERA BARAT
M-00888,PO1000004232,TIANJIN JULONG,GRAHA INTI JAYA,GRAHA INTI JAYA,-2.675051992,114.3788271,90,Operating,2011,Establishment year based on dinas perkebunan record of establishment (e.g. Dinas Perkebunan Plantation Statistics report of establishment dates),KAPUAS,ID-6203,KALIMANTAN TENGAH
M-00889,PO1000008185,TSANI HUTANI ABADI (THA),TIMURJAYA INDOMAKMUR,KOROLA,-2.084444,121.023056,80,Operating,2016,"Establishment year based off secondary sources (e.g. website, corporate report, etc)",MOROWALI UTARA,ID-7212,SULAWESI TENGAH
M-00890,PO1000004104,TIRTA MAS MAJUTAMA,TIDAR KERINCI AGUNG,TIDAR KERINCI AGUNG,-1.521266297,101.552648,30,Operating,1991,"Establishment year based off secondary sources (e.g. website, corporate report, etc)",DHARMASRAYA,ID-1311,SUMATERA BARAT
M-00891,PO1000004175,DAYA SEMESTA AGRO PERSADA (DSAP),DAYA SEMESTA AGRO PERSADA,DAYA SEMESTA AGRO PERSADA,-2.963651018,104.917544,75,Operating,2015,"Establishment year based off secondary sources (e.g. website, corporate report, etc)",BANYUASIN,ID-1607,SUMATERA SELATAN
M-00892,PO1000004057,PANCA PUTRA GANDA,DAMAI JAYA LESTARI,PARSAMBILAN,-4.415616,121.640221,60,Operating,2009,"Establishment year based off secondary sources (e.g. website, corporate report, etc)",KOLAKA,ID-7404,SULAWESI TENGGARA
M-00893,PO1000004105,PANCA PUTRA GANDA,TEBO PLASMA INTILESTARI,TEBO PLASMA INTILESTARI,-1.444968051,102.5373402,45,Operating,2005,Establishment year imputed based on Dinas Perkebunan Plantation Statistics reports (e.g. first year a mill appears in a Dinas Perkebunan Plantation Statistics report),TEBO,ID-1508,JAMBI
M-00894,PO1000004252,PANCA PUTRA GANDA,TORUS GANDA,TAMBUSAI TIMUR,1.141219552,100.4096141,45,Operating,2004,"Mill known to exist in 2004 (source: Golder Associates (2006). Appendix VIII: Summary of Renewable Potential in Indonesia POM, Retrieved October 10, 2018, http://www.adb.org/Documents/Reports/Consulta nt/46557-INO/36557-INO-TACR- AppendixVIII.pdf)",ROKAN HULU,ID-1407,RIAU
M-00895,PO1000004472,PANCA PUTRA GANDA,TOR GANDA,SIBISA MANGATUR,1.605921298,100.2378763,60,Operating,1992,"Establishment year based off secondary sources (e.g. website, corporate report, etc)",LABUHAN BATU SELATAN,ID-1222,SUMATERA UTARA
M-00896,PO1000004185,PANCA PUTRA GANDA,TOR GANDA,TAHUAN GANDA,2.382529949,99.8258728,60,Operating,2008,"Earliest year mill found to exist based on photo-interpretation of high-resolution satellite imagery, manufacturing census data, traceability reports and other secondary sources (or combination of these sources)",LABUHAN BATU UTARA,ID-1223,SUMATERA UTARA
M-00897,PO1000006251,JHONLIN,MULTI SARANA AGRO MANDIRI,LONTAR,-3.964899192,116.0981919,30,Operating,2013,"Establishment year based off secondary sources (e.g. website, corporate report, etc)",KOTABARU,ID-6302,KALIMANTAN SELATAN
M-00898,PO1000005221,KORINDO,TUNAS SAWA ERMA,POP-B,-6.644614,140.277449,105,Operating,2014,"Earliest year mill found to exist based on photo-interpretation of high-resolution satellite imagery, manufacturing census data, traceability reports and other secondary sources (or combination of these sources)",BOVEN DIGOEL,ID-9413,PAPUA
M-00899,PO1000004947,KORINDO,TUNAS SAWA ERMA,POP-A,-6.610133,140.5642,60,Operating,2004,"Mill known to exist in 2004 (source: Golder Associates (2006). Appendix VIII: Summary of Renewable Potential in Indonesia POM, Retrieved October 10, 2018, http://www.adb.org/Documents/Reports/Consulta nt/46557-INO/36557-INO-TACR- AppendixVIII.pdf)",BOVEN DIGOEL,ID-9413,PAPUA
M-00900,PO1000004114,INCASI RAYA (GUNAS),TRANSCO PRATAMA,TRANSCO PRATAMA,-1.177781811,101.7222488,50,Operating,2008,Establishment year imputed based on Dinas Perkebunan Plantation Statistics reports (e.g. first year a mill appears in a Dinas Perkebunan Plantation Statistics report),DHARMASRAYA,ID-1311,SUMATERA BARAT
M-00901,PO1000004305,UNKNOWN,TRI AGRO PALMA TAMIANG,TRI AGRO PALMA TAMIANG,4.186272136,98.04288694,10,Operating,2009,Establishment year based on other government record of establishment (e.g. Permit database),ACEH TAMIANG,ID-1114,ACEH
M-00904,PO1000004119,SARIMAS,TRI BAKTI SARIMAS,BUKIT PAYUNG,-0.7302777,101.641111,45,Operating,2004,"Mill known to exist in 2004 (source: Golder Associates (2006). Appendix VIII: Summary of Renewable Potential in Indonesia POM, Retrieved October 10, 2018, http://www.adb.org/Documents/Reports/Consulta nt/46557-INO/36557-INO-TACR- AppendixVIII.pdf)",KUANTAN SINGINGI,ID-1401,RIAU
M-00905,PO1000004444,TRINITY INTERLINK,MERANGKAI ARTHA NUSANTARA,MERANGKAI ARTHA NUSANTARA,1.21247222,100.292388,30,Operating,2012,Establishment year imputed based on Dinas Perkebunan Plantation Statistics reports (e.g. first year a mill appears in a Dinas Perkebunan Plantation Statistics report),ROKAN HULU,ID-1407,RIAU
M-00906,PO1000004841,TRINITY INTERLINK,BINA RAHMAD MADANI,BINA RAHMAD MADANI,3.932364027,98.17726528,20,Operating,2006,"Earliest year mill found to exist based on photo-interpretation of high-resolution satellite imagery, manufacturing census data, traceability reports and other secondary sources (or combination of these sources)",LANGKAT,ID-1213,SUMATERA UTARA
M-00907,PO1000007519,TRINITY INTERLINK,TRINITY PALMAS PLANTATION,TRINITY PALMAS PLANTATION,-2.0590769,119.3442744,45,Operating,2015,"Establishment year based off secondary sources (e.g. website, corporate report, etc)",MAMUJU TENGAH,ID-7606,SULAWESI BARAT
M-00908,PO1000001618,TRIPUTRA AGRO PERSADA,GAWI BAHANDEP SAWIT MEKAR,GAWI BAHANDEP SAWIT MEKAR,-2.95052868,112.3483084,75,Operating,2011,Establishment year based on dinas perkebunan record of establishment (e.g. Dinas Perkebunan Plantation Statistics report of establishment dates),SERUYAN,ID-6208,KALIMANTAN TENGAH
M-00909,PO1000005222,TRIPUTRA AGRO PERSADA,FIRST LAMANDAU TIMBER INTERNATIONAL,FIRST LAMANDAU TIMBER INTERNATIONAL,-1.85017,111.46939,45,Operating,2012,Establishment year based on dinas perkebunan record of establishment (e.g. Dinas Perkebunan Plantation Statistics report of establishment dates),LAMANDAU,ID-6207,KALIMANTAN TENGAH
M-00910,PO1000004107,TRIPUTRA AGRO PERSADA,MUARATOYU SUBUR LESTARI,MUARATOYU SUBUR LESTARI,-1.353327,116.3828698,60,Operating,2013,"Establishment year based off secondary sources (e.g. website, corporate report, etc)",PENAJAM PASER UTARA,ID-6409,KALIMANTAN TIMUR
M-00911,PO1000001619,TRIPUTRA AGRO PERSADA,BRAHMA BINA BAKTI,BRAHMA BINA BAKTI,-1.347538569,103.3256755,65,Operating,1998,Establishment year based on other government record of establishment (e.g. Permit database),MUARO JAMBI,ID-1505,JAMBI
M-00912,PO1000007532,HPI-AGRO (DJARUM),BUANA HIJAU ABADI,BUANA HIJAU ABADI,0.518564019,111.5875962,60,Operating,2015,Establishment year based on other government record of establishment (e.g. Permit database),SINTANG,ID-6107,KALIMANTAN BARAT
M-00913,PO1000008346,TRIPUTRA AGRO PERSADA,ETAM BERSAMA LESTARI,ETAM BERSAMA LESTARI,1.2232647,117.878932,45,Operating,2007,"Establishment year based off secondary sources (e.g. website, corporate report, etc)",KUTAI TIMUR,ID-6404,KALIMANTAN TIMUR
M-00914,PO1000008424,TRIPUTRA AGRO PERSADA,DWIWIRA LESTARI JAYA,DWIWIRA LESTARI JAYA,1.60639389,118.044412,60,Operating,2014,"Establishment year based off secondary sources (e.g. website, corporate report, etc)",BERAU,ID-6405,KALIMANTAN TIMUR
M-00915,PO1000007599,TSANI HUTANI ABADI (THA),KRUING LESTARI JAYA,SUNGAI PERAK,-0.662573004,115.5908414,80,Operating,2017,Establishment year imputed based on Dinas Perkebunan Plantation Statistics reports (e.g. first year a mill appears in a Dinas Perkebunan Plantation Statistics report),KUTAI BARAT,ID-6402,KALIMANTAN TIMUR
M-00916,PO1000007609,DHARMA AGUNG WIJAYA (DAW),SENTOSA BUMI WIJAYA,BENKAYANG,1.044674541,109.5793607,45,Operating,2016,"Establishment year based off secondary sources (e.g. website, corporate report, etc)",BENGKAYANG,ID-6102,KALIMANTAN BARAT
M-00917,PO1000008439,SUNGAI BUDI,TUNAS BARU LAMPUNG,PKS 1,-4.864717847,105.1837036,70,Operating,1995,"Establishment year based off secondary sources (e.g. website, corporate report, etc)",LAMPUNG TENGAH,ID-1805,LAMPUNG
M-00918,PO1000007651,SUNGAI BUDI,AGRO BUMI MAS,PKS 3,-4.573865636,104.7574979,45,Operating,2006,"Establishment year based off secondary sources (e.g. website, corporate report, etc)",LAMPUNG UTARA,ID-1806,LAMPUNG
M-00919,PO1000008391,SUNGAI BUDI,TUNAS BARU LAMPUNG,PKS 2,-4.013293097,105.2748831,90,Operating,2022,"Establishment year based off secondary sources (e.g. website, corporate report, etc)",MESUJI,ID-1811,LAMPUNG
M-00920,PO1000000553,SUNGAI BUDI,TUNAS BARU LAMPUNG,PKS 4,-2.90583232,104.9128925,45,Operating,2012,"Establishment year based off secondary sources (e.g. website, corporate report, etc)",BANYUASIN,ID-1607,SUMATERA SELATAN
M-00922,PO1000007523,UNKNOWN,SUMBER BUDI AGUNG,SUMBER BUDI AGUNG,0.478828217,101.5997677,30,Operating,2015,"Earliest year mill found to exist based on photo-interpretation of high-resolution satellite imagery, manufacturing census data, traceability reports and other secondary sources (or combination of these sources)",PELALAWAN,ID-1404,RIAU
M-00923,PO1000004336,UNKNOWN,TUNAS HARAPAN SAWIT,TUNAS HARAPAN SAWIT,3.367621026,99.01733626,30,Operating,2012,"Establishment year based off secondary sources (e.g. website, corporate report, etc)",SERDANG BEDAGAI,ID-1218,SUMATERA UTARA
M-00925,PO1000004111,METRO,CITRAKOPRASINDO TANI,RANTAU BADAK,-1.293833526,103.1450956,40,Operating,2004,Establishment year imputed based on Dinas Perkebunan Plantation Statistics reports (e.g. first year a mill appears in a Dinas Perkebunan Plantation Statistics report),TANJUNG JABUNG BARAT,ID-1507,JAMBI
M-00926,PO1000008258,UNKNOWN,UJONG NEUBOK DALAM,UJONG NEUBOK DALAM,4.062667521,96.4870861,30,Operating,2016,"Establishment year based off secondary sources (e.g. website, corporate report, etc)",NAGAN RAYA,ID-1115,ACEH
M-00927,PO1000004141,UMADA,UMADA,UMADA,2.23337692,99.79013539,60,Operating,1988,"Establishment year based off secondary sources (e.g. website, corporate report, etc)",LABUHAN BATU UTARA,ID-1223,SUMATERA UTARA
M-00928,PO1000010072,FIRST RESOURCES,UMEKAH SARI PRATAMA,UMEKAH SARI PRATAMA,-2.12049851,110.9793256,60,Operating,2016,"Establishment year based off secondary sources (e.g. website, corporate report, etc)",KETAPANG,ID-6106,KALIMANTAN BARAT
M-00929,PO1000004469,WIDYA,UNGGUL WIDYA TEKNOLOGI LESTARI,BARAS,-1.5399439,119.4040516,60,Operating,1992,"Establishment year based off secondary sources (e.g. website, corporate report, etc)",MAMUJU UTARA,ID-7605,SULAWESI BARAT
M-00930,PO1000004341,PANCA EKA,KEBUN PANTAI RAJA,TANJUNG PAUH,-0.056906772,101.2437888,45,Operating,2004,"Mill known to exist in 2004 (source: Golder Associates (2006). Appendix VIII: Summary of Renewable Potential in Indonesia POM, Retrieved October 10, 2018, http://www.adb.org/Documents/Reports/Consulta nt/46557-INO/36557-INO-TACR- AppendixVIII.pdf)",KUANTAN SINGINGI,ID-1401,RIAU
M-00931,PO1000004238,UNION SAMPOERNA TRIPUTRA PERSADA (USTP),SALONOK LADANG MAS,SALONOK LADANG MAS,-2.75611772,112.4370737,60,Operating,2014,Establishment year based on dinas perkebunan record of establishment (e.g. Dinas Perkebunan Plantation Statistics report of establishment dates),SERUYAN,ID-6208,KALIMANTAN TENGAH
M-00932,PO1000004171,UNION SAMPOERNA TRIPUTRA PERSADA (USTP),HARAPAN HIBRIDA KALBAR,SUNGAI BILA ESTATE,-2.331510645,111.2804168,90,Operating,2013,Establishment year based on dinas perkebunan record of establishment (e.g. Dinas Perkebunan Plantation Statistics report of establishment dates),SUKAMARA,ID-6206,KALIMANTAN TENGAH
M-00933,PO1000004526,UNION SAMPOERNA TRIPUTRA PERSADA (USTP),GRAHA CAKRA MULIA,GRAHA CAKRA MULIA,-2.134444,111.1825,60,Operating,2007,Establishment year based on dinas perkebunan record of establishment (e.g. Dinas Perkebunan Plantation Statistics report of establishment dates),SUKAMARA,ID-6206,KALIMANTAN TENGAH
M-00934,PO1000004083,UNITED PLANTATIONS,SURYA SAWIT SEJATI,LADA,-2.590899,111.772559,60,Operating,2010,Establishment year based on dinas perkebunan record of establishment (e.g. Dinas Perkebunan Plantation Statistics report of establishment dates),KOTAWARINGIN BARAT,ID-6201,KALIMANTAN TENGAH
M-00937,PO1000006365,SAMPOERNA AGRO,USAHA AGRO INDONESIA,USAHA AGRO INDONESIA,-2.6834823,110.9754691,30,Operating,2014,"Establishment year based off secondary sources (e.g. website, corporate report, etc)",KETAPANG,ID-6106,KALIMANTAN BARAT
M-00938,PO1000004394,UNKNOWN,USAHA KITA MAKMUR,USAHA KITA MAKMUR,-0.529635871,101.4920295,30,Operating,2014,"Establishment year based off secondary sources (e.g. website, corporate report, etc)",KUANTAN SINGINGI,ID-1401,RIAU
M-00939,PO1000005128,PTPN III,PERKEBUNAN NUSANTARA V,SEI ROKAN,0.72658,100.57785,60,Operating,1982,"Establishment year based off secondary sources (e.g. website, corporate report, etc)",ROKAN HULU,ID-1407,RIAU
M-00940,PO1000006269,PERMATA HIJAU,VICTORINDO ALAM LESTARI,UNIT PABRIK HUTALOMBANG,1.139593093,99.76805607,45,Operating,2004,"Earliest year mill found to exist based on photo-interpretation of high-resolution satellite imagery, manufacturing census data, traceability reports and other secondary sources (or combination of these sources)",PADANG LAWAS,ID-1221,SUMATERA UTARA
M-00941,PO1000004317,UNKNOWN,WAHANA POTENSI GUNA,WAHANA POTENSI GUNA,-2.821908581,103.4449424,60,Operating,2010,"Establishment year based off secondary sources (e.g. website, corporate report, etc)",MUSI BANYUASIN,ID-1606,SUMATERA SELATAN
M-00942,PO1000006376,SOUTHERN ACIDS BERHAD,WANASARI NUSANTARA,WANASARI NUSANTARA,-0.284838667,101.4718126,60,Operating,2015,"Establishment year based off secondary sources (e.g. website, corporate report, etc)",KUANTAN SINGINGI,ID-1401,RIAU
M-00943,PO1000004453,ASTRA AGRO LESTARI,WARU KALTIM PLANTATION,WARU KALTIM PLANTATION,-1.3294722,116.5448375,60,Operating,1996,"Establishment year based off secondary sources (e.g. website, corporate report, etc)",PENAJAM PASER UTARA,ID-6409,KALIMANTAN TIMUR
M-00944,PO1000004383,UNKNOWN,PANGKALAN BARU INDAH,PANGKALAN BARU INDAH,0.423837634,101.590089,20,Operating,2008,Establishment year imputed based on Dinas Perkebunan Plantation Statistics reports (e.g. first year a mill appears in a Dinas Perkebunan Plantation Statistics report),PELALAWAN,ID-1404,RIAU
M-00946,PO1000004556,WILMAR,AGRINDO INDAH PERSADA,AGRINDO INDAH PERSADA 3,-4.013139342,102.4963448,30,Operating,2012,Establishment year imputed based on Dinas Perkebunan Plantation Statistics reports (e.g. first year a mill appears in a Dinas Perkebunan Plantation Statistics report),SELUMA,ID-1705,BENGKULU
M-00947,PO1000000953,WILMAR,BULUH CAWANG PLANTATIONS,DABUK REJO,-3.946848404,104.9566175,60,Operating,2005,Establishment year imputed based on Dinas Perkebunan Plantation Statistics reports (e.g. first year a mill appears in a Dinas Perkebunan Plantation Statistics report),OGAN KOMERING ILIR,ID-1602,SUMATERA SELATAN
M-00948,PO1000000562,WILMAR,TANIA SELATAN,BURNAI TIMUR,-3.62532248,104.8686818,60,Operating,1993,Establishment year based on other government record of establishment (e.g. Permit database),OGAN KOMERING ILIR,ID-1602,SUMATERA SELATAN
M-00950,PO1000000600,WILMAR,SARANA TITIAN PERMATA,SARANA TITIAN PERMATA PKS 1,-2.894444,112.543611,45,Operating,2011,Establishment year based on dinas perkebunan record of establishment (e.g. Dinas Perkebunan Plantation Statistics report of establishment dates),SERUYAN,ID-6208,KALIMANTAN TENGAH
M-00951,PO1000003486,WILMAR,RIMBA HARAPAN SAKTI,RIMBA HARAPAN SAKTI,-2.835778,112.57178,45,Operating,2013,Establishment year based on dinas perkebunan record of establishment (e.g. Dinas Perkebunan Plantation Statistics report of establishment dates),SERUYAN,ID-6208,KALIMANTAN TENGAH
M-00952,PO1000000146,WILMAR,KERRY SAWIT INDONESIA,KERRY SAWIT INDONESIA 1,-2.783614779,112.509612,45,Operating,2009,Establishment year based on dinas perkebunan record of establishment (e.g. Dinas Perkebunan Plantation Statistics report of establishment dates),SERUYAN,ID-6208,KALIMANTAN TENGAH
M-00953,PO1000017408,WILMAR,AGRO PALINDO SAKTI,AGRO PALINDO SAKTI,-2.711638543,104.342959,30,Operating,2014,Establishment year imputed based on Dinas Perkebunan Plantation Statistics reports (e.g. first year a mill appears in a Dinas Perkebunan Plantation Statistics report),BANYUASIN,ID-1607,SUMATERA SELATAN
M-00955,PO1000004223,WILMAR,MUSI BANYUASIN INDAH,SELABU,-2.62827032,103.8182951,60,Operating,1996,Establishment year based on other government record of establishment (e.g. Permit database),MUSI BANYUASIN,ID-1606,SUMATERA SELATAN
M-00956,PO1000006323,WILMAR,KERRY SAWIT INDONESIA,KERRY SAWIT INDONESIA 2,-2.69955551,112.4828332,45,Operating,2013,Establishment year based on dinas perkebunan record of establishment (e.g. Dinas Perkebunan Plantation Statistics report of establishment dates),SERUYAN,ID-6208,KALIMANTAN TENGAH
M-00957,PO1000000144,WILMAR,MUSTIKA SEMBULUH,MUSTIKA SEMBULUH 1,-2.587624302,112.5117843,110,Operating,2007,Establishment year based on dinas perkebunan record of establishment (e.g. Dinas Perkebunan Plantation Statistics report of establishment dates),SERUYAN,ID-6208,KALIMANTAN TENGAH
M-00958,PO1000007984,WILMAR,MUSTIKA SEMBULUH,MUSTIKA SEMBULUH 2,-2.457451742,112.5001564,45,Operating,2012,Establishment year based on dinas perkebunan record of establishment (e.g. Dinas Perkebunan Plantation Statistics report of establishment dates),KOTAWARINGIN TIMUR,ID-6202,KALIMANTAN TENGAH
M-00959,PO1000004150,WILMAR,KARUNIA KENCANA PERMAI SEJATI,KARUNIA KENCANA PERMAI SEJATI,-2.23985,112.63045,45,Operating,2013,Establishment year based on dinas perkebunan record of establishment (e.g. Dinas Perkebunan Plantation Statistics report of establishment dates),KOTAWARINGIN TIMUR,ID-6202,KALIMANTAN TENGAH
M-00960,PO1000001043,WILMAR,BUMI SAWIT KENCANA,BUMI SAWIT KENCANA,-2.229573858,112.4933249,45,Operating,2010,Establishment year based on dinas perkebunan record of establishment (e.g. Dinas Perkebunan Plantation Statistics report of establishment dates),KOTAWARINGIN TIMUR,ID-6202,KALIMANTAN TENGAH
M-00961,PO1000003150,WILMAR,MENTAYA SAWIT MAS,MENTAYA SAWIT MAS,-2.16469,112.56942,45,Operating,2011,Establishment year based on dinas perkebunan record of establishment (e.g. Dinas Perkebunan Plantation Statistics report of establishment dates),KOTAWARINGIN TIMUR,ID-6202,KALIMANTAN TENGAH
M-00962,PO1000008186,KPN CORP,BERKAT SAWIT UTAMA,SEI KANDANG,-2.043174946,103.346773,45,Operating,1999,"Mill known to exist in 1999 (source: Taib, Gunatif (2000), Kajian Pengembangan Industri Crude Palm Oil Skala Kecil (Studi Kasus Pengembangan Industri Crude Palm Oil di Sumatera Barat), http://repository.ipb.ac.id/handle/123456789/5044)",BATANG HARI,ID-1504,JAMBI
M-00963,PO1000004507,WILMAR,AGRINDO INDAH PERSADA,AGRINDO INDAH PERSADA 2,-1.964352484,102.301184,60,Operating,2004,"Mill known to exist in 2004 (source: Golder Associates (2006). Appendix VIII: Summary of Renewable Potential in Indonesia POM, Retrieved October 10, 2018, http://www.adb.org/Documents/Reports/Consulta nt/46557-INO/36557-INO-TACR- AppendixVIII.pdf)",MERANGIN,ID-1502,JAMBI
M-00964,PO1000000561,WILMAR,KENCANA SAWIT INDONESIA,KENCANA SAWIT INDONESIA,-1.468419055,101.5149379,45,Operating,2008,"Earliest year mill found to exist based on photo-interpretation of high-resolution satellite imagery, manufacturing census data, traceability reports and other secondary sources (or combination of these sources)",SOLOK SELATAN,ID-1310,SUMATERA BARAT
M-00966,PO1000004382,KPN CORP,TRITUNGGAL SENTRA BUANA,SALO BANDANG,-0.4178506,117.3646449,60,Operating,2009,Establishment year imputed based on Dinas Perkebunan Plantation Statistics reports (e.g. first year a mill appears in a Dinas Perkebunan Plantation Statistics report),KUTAI KARTANEGARA,ID-6403,KALIMANTAN TIMUR
M-00969,PO1000004335,WILMAR,BUMI PRATAMA KHATULISTIWA,BUMI PRATAMA KHATULISTIWA,-0.022080919,109.4246151,45,Operating,2003,Establishment year imputed based on Dinas Perkebunan Plantation Statistics reports (e.g. first year a mill appears in a Dinas Perkebunan Plantation Statistics report),KUBU RAYA,ID-6112,KALIMANTAN BARAT
M-00970,PO1000002133,WILMAR,GERSINDO MINANG PLANTATION,GERSINDO MINANG PLANTATION,0.119609986,99.71868501,60,Operating,1995,Establishment year based on other government record of establishment (e.g. Permit database),PASAMAN BARAT,ID-1312,SUMATERA BARAT
M-00971,PO1000004384,WILMAR,SINAR SIAK DIAN PERMAI,SINAR SIAK DIAN PERMAI,0.450851867,101.6211061,60,Operating,2001,"Establishment year based off secondary sources (e.g. website, corporate report, etc)",PELALAWAN,ID-1404,RIAU
M-00974,PO1000004404,WILMAR,SIAK PRIMA SAKTI,SIAK PRIMA SAKTI,0.653070275,101.7524947,60,Operating,2005,"Establishment year based off secondary sources (e.g. website, corporate report, etc)",SIAK,ID-1405,RIAU
M-00975,PO1000005281,WILMAR,MURINI SAMSAM,MURINI SAM-SAM KANDIS,1.060617522,101.2403026,90,Operating,2008,Establishment year imputed based on Dinas Perkebunan Plantation Statistics reports (e.g. first year a mill appears in a Dinas Perkebunan Plantation Statistics report),BENGKALIS,ID-1408,RIAU
M-00976,PO1000004244,PERMATA HIJAU,PERMATA HIJAU SAWIT,PERMATA HIJAU SAWIT,1.066522109,100.0703646,90,Operating,1999,"Mill known to exist in 1999 (source: Taib, Gunatif (2000), Kajian Pengembangan Industri Crude Palm Oil Skala Kecil (Studi Kasus Pengembangan Industri Crude Palm Oil di Sumatera Barat), http://repository.ipb.ac.id/handle/123456789/5044)",PADANG LAWAS,ID-1221,SUMATERA UTARA
M-00977,PO1000002130,WILMAR,AGRONUSA INVESTAMA,SAMBAS,1.353610963,109.507996,30,Operating,2010,Establishment year imputed based on Dinas Perkebunan Plantation Statistics reports (e.g. first year a mill appears in a Dinas Perkebunan Plantation Statistics report),SAMBAS,ID-6101,KALIMANTAN BARAT
M-00979,PO1000004474,WILMAR,MURINI SAMSAM,MURINI SAM-SAM PELINTUNG,1.651161652,101.6432789,60,Operating,2007,"Establishment year based off secondary sources (e.g. website, corporate report, etc)",DUMAI (KOTA),ID-1473,RIAU
M-00981,PO1000004479,WILMAR,SINAR PERDANA CARAKA,SINAR PERDANA CARAKA,1.692151642,100.5584767,80,Operating,1998,"Establishment year based off secondary sources (e.g. website, corporate report, etc)",ROKAN HILIR,ID-1409,RIAU
M-00982,PO1000004484,WILMAR,DHARMA WUNGU GUNA,BULUH CINA,1.768523359,100.4936168,45,Operating,1995,"Establishment year based off secondary sources (e.g. website, corporate report, etc)",ROKAN HILIR,ID-1409,RIAU
M-00983,PO1000008161,WILMAR,DAYA LABUHAN INDAH,DAYA LABUHAN INDAH 1,2.150686184,99.99901713,30,Operating,1999,"Mill known to exist in 1999 (source: Taib, Gunatif (2000), Kajian Pengembangan Industri Crude Palm Oil Skala Kecil (Studi Kasus Pengembangan Industri Crude Palm Oil di Sumatera Barat), http://repository.ipb.ac.id/handle/123456789/5044)",LABUHAN BATU,ID-1207,SUMATERA UTARA
M-00984,PO1000002132,WILMAR,DAYA LABUHAN INDAH,DAYA LABUHAN INDAH 2,2.286419417,100.1411485,30,Operating,2013,"Earliest year mill found to exist based on photo-interpretation of high-resolution satellite imagery, manufacturing census data, traceability reports and other secondary sources (or combination of these sources)",LABUHAN BATU,ID-1207,SUMATERA UTARA
M-00985,PO1000004243,WILMAR,AGRINDO INDAH PERSADA,AGRINDO INDAH PERSADA 1,2.77950227,99.39348032,45,Operating,2002,"Earliest year mill found to exist based on photo-interpretation of high-resolution satellite imagery, manufacturing census data, traceability reports and other secondary sources (or combination of these sources)",ASAHAN,ID-1208,SUMATERA UTARA
M-00988,PO1000008284,DARMEX AGRO,WIRATA DAYA BANGUN PERSADA,WIRATA DAYA BANGUN PERSADA,1.429397586,109.6029953,30,Operating,2011,Establishment year imputed based on Dinas Perkebunan Plantation Statistics reports (e.g. first year a mill appears in a Dinas Perkebunan Plantation Statistics report),SAMBAS,ID-6101,KALIMANTAN BARAT
M-00989,PO1000010051,UNKNOWN,LUBUK BENDAHARA PALMA INDUSTRI,LUBUK BENDAHARA PALMA INDUSTRI,0.667173891,100.5080218,30,Operating,2014,Establishment year imputed based on Dinas Perkebunan Plantation Statistics reports (e.g. first year a mill appears in a Dinas Perkebunan Plantation Statistics report),ROKAN HULU,ID-1407,RIAU
M-00990,PO1000006266,TRIPUTRA AGRO PERSADA,YUDHA WAHANA ABADI,YUDHA WAHANA ABADI,1.44086006,117.2096266,60,Operating,2013,"Establishment year based off secondary sources (e.g. website, corporate report, etc)",BERAU,ID-6405,KALIMANTAN TIMUR
M-00991,PO1000007621,ZONERGY,SINAR CITRA CEMERLANG,CEMPAKA SAKTI,-2.133033813,112.9068472,45,Operating,2016,Establishment year based on dinas perkebunan record of establishment (e.g. Dinas Perkebunan Plantation Statistics report of establishment dates),KOTAWARINGIN TIMUR,ID-6202,KALIMANTAN TENGAH
M-00992,PO1000008639,ANJ AGRO,PUTERA MANUNGGAL PERKASA,PUTERA MANUNGGAL PERKASA,-1.784541,132.457353,45,Operating,2019,"Establishment year based off secondary sources (e.g. website, corporate report, etc)",MAYBRAT,ID-9110,PAPUA BARAT
M-00993,PO1000008640,BEST INDUSTRY,HAMPARAN MASAWIT BANGUN PERSADA,HAMPARAN MASAWIT BANGUN PERSADA,-2.559012976,112.4566666,120,Operating,2010,Establishment year based on dinas perkebunan record of establishment (e.g. Dinas Perkebunan Plantation Statistics report of establishment dates),SERUYAN,ID-6208,KALIMANTAN TENGAH
M-00994,PO1000007443,PPA KAPITAL,DUTA MENTARI RAYA,DUTA MENTARI RAYA,-0.347833506,101.3994713,45,Operating,2017,"Establishment year based off secondary sources (e.g. website, corporate report, etc)",KUANTAN SINGINGI,ID-1401,RIAU
M-00995,PO1000013836,UNKNOWN,FAJAR AGRO SAWIT,FAJAR AGRO SAWIT,3.49988,98.306104,45,Operating,2019,"Earliest year mill found to exist based on photo-interpretation of high-resolution satellite imagery, manufacturing census data, traceability reports and other secondary sources (or combination of these sources)",LANGKAT,ID-1213,SUMATERA UTARA
M-00996,PO1000008149,GENTING PLANTATIONS,KHARISMA INTI USAHA,KHARISMA INTI USAHA,-3.003761261,114.9355232,60,Operating,2017,"Establishment year based off secondary sources (e.g. website, corporate report, etc)",TAPIN,ID-6305,KALIMANTAN SELATAN
M-00997,PO1000004334,MKH BERHAD,MAJU KALIMANTAN HADAPAN,SEGUNTUNG,0.01489632,116.966866,90,Operating,2011,"Establishment year based off secondary sources (e.g. website, corporate report, etc)",KUTAI KARTANEGARA,ID-6403,KALIMANTAN TIMUR
M-00998,PO1000007466,SALIM GROUP,PERUSAHAAN PERKEBUNAN LONDON SUMATRA INDONESIA,KENCANA SARI,-3.63914315,103.4487657,20,Operating,2017,"Establishment year based off secondary sources (e.g. website, corporate report, etc)",LAHAT,ID-1604,SUMATERA SELATAN
M-00999,PO1000009558,UNKNOWN,BUNGO SUKO MENANTI,BUNGO SUKO MENANTI,-1.308518881,101.7651845,60,Operating,2015,"Establishment year based off secondary sources (e.g. website, corporate report, etc)",BUNGO,ID-1509,JAMBI
M-01001,PO1000009023,PTPN III,PERKEBUNAN NUSANTARA VIII,CIKASUNGKA,-6.519551,106.507086,30,Operating,2013,"Establishment year based off secondary sources (e.g. website, corporate report, etc)",BOGOR,ID-3201,JAWA BARAT
M-01002,PO1000005104,BUMITAMA GUNAJAYA AGRO (BGA),WINDU NABATINDO LESTARI,KATARI AGRO,-2.098737851,113.0405715,45,Operating,2013,Establishment year based on dinas perkebunan record of establishment (e.g. Dinas Perkebunan Plantation Statistics report of establishment dates),KOTAWARINGIN TIMUR,ID-6202,KALIMANTAN TENGAH
M-01003,PO1000008380,PTPN III,PERKEBUNAN NUSANTARA VIII,KERTAJAYA,-6.620621,105.997228,60,Operating,1983,"Establishment year based off secondary sources (e.g. website, corporate report, etc)",LEBAK,ID-3602,BANTEN
M-01004,PO1000008214,ERAKARYA,ARYA RAMA PERSADA,ARYA RAMA PERSADA,3.0986644,99.59492051,90,Operating,2015,"Establishment year based off secondary sources (e.g. website, corporate report, etc)",BATU BARA,ID-1219,SUMATERA UTARA
M-01005,PO1000005302,BUMITAMA GUNAJAYA AGRO (BGA),KARYA MAKMUR BAHAGIA,BUKIT MAKMUR,-1.567849184,112.7204262,90,Operating,2013,Establishment year based on dinas perkebunan record of establishment (e.g. Dinas Perkebunan Plantation Statistics report of establishment dates),KOTAWARINGIN TIMUR,ID-6202,KALIMANTAN TENGAH
M-01007,PO1000007469,UNKNOWN,SURYA GEMILANG AGRO MANDIRI,SURYA GEMILANG AGRO MANDIRI,-1.27247319,103.8155916,45,Operating,2017,"Establishment year based off secondary sources (e.g. website, corporate report, etc)",TANJUNG JABUNG TIMUR,ID-1506,JAMBI
M-01008,PO1000008246,UNKNOWN,YAPUTRA ALFA PALMINDO,YAPUTRA ALFA PALMINDO,3.7197299,98.1944475,15,Operating,2017,"Establishment year based off secondary sources (e.g. website, corporate report, etc)",LANGKAT,ID-1213,SUMATERA UTARA
M-01009,PO1000008563,LOW YAT,TUNAS PRIMA SEJAHTERA,TUNAS PRIMA SEJAHTERA,0.05483254,116.3799982,30,Operating,2016,Establishment year imputed based on Dinas Perkebunan Plantation Statistics reports (e.g. first year a mill appears in a Dinas Perkebunan Plantation Statistics report),KUTAI KARTANEGARA,ID-6403,KALIMANTAN TIMUR
M-01010,PO1000008143,UNKNOWN,INDRALAYA AGRO LESTARI,INDRALAYA AGRO LESTARI,-3.074162144,104.5886293,60,Operating,2016,"Establishment year based off secondary sources (e.g. website, corporate report, etc)",OGAN ILIR,ID-1610,SUMATERA SELATAN
M-01011,PO1000007658,EAGLE HIGH PLANTATIONS,ARRTU PLANTATION,KELAMPAI,-1.932944622,110.49402,45,Operating,2017,"Establishment year based off secondary sources (e.g. website, corporate report, etc)",KETAPANG,ID-6106,KALIMANTAN BARAT
M-01012,PO1000007622,TOBA BARA,PERKEBUNAN KALTIM UTAMA I,PERKEBUNAN KALTIM UTAMA I,-0.72900515,117.1857118,30,Operating,2016,"Establishment year based off secondary sources (e.g. website, corporate report, etc)",KUTAI KARTANEGARA,ID-6403,KALIMANTAN TIMUR
M-01013,PO1000009016,REA HOLDINGS,SASANA YUDHA BAKTI,SATRIA,0.42255312,116.1498621,80,Operating,2012,"Establishment year based off secondary sources (e.g. website, corporate report, etc)",KUTAI KARTANEGARA,ID-6403,KALIMANTAN TIMUR
M-01014,PO1000008133,JHONLIN,BATULICIN AGRO SENTOSA,KARANG BINTANG,-3.372846623,115.9063146,30,Operating,2015,"Establishment year based off secondary sources (e.g. website, corporate report, etc)",TANAH BUMBU,ID-6310,KALIMANTAN SELATAN
M-01015,PO1000009015,INCASI RAYA (GUNAS),BINA PRATAMA SAKATO JAYA,KILIRAN JAO,-0.864853878,101.4456283,80,Operating,2003,"Establishment year based off secondary sources (e.g. website, corporate report, etc)",SIJUNJUNG,ID-1304,SUMATERA BARAT
M-01018,PO1000007587,MULTI PRIMA ENTAKAI,PERMATA HIJAU SARANA,SERARAS,0.044531052,111.0254898,45,Operating,2017,"Establishment year based off secondary sources (e.g. website, corporate report, etc)",SEKADAU,ID-6109,KALIMANTAN BARAT
M-01019,PO1000008265,TRIPUTRA AGRO PERSADA,HAMPARAN PERKASA MANDIRI,HAMPARAN PERKASA MANDIRI,0.7772908,116.6105317,60,Operating,2017,"Establishment year based off secondary sources (e.g. website, corporate report, etc)",KUTAI TIMUR,ID-6404,KALIMANTAN TIMUR
M-01020,PO1000010011,UNKNOWN,MULTI PERKASA JAYA ABADI,MULTI PERKASA JAYA ABADI,-1.815456136,103.8488027,45,Operating,2017,"Establishment year based off secondary sources (e.g. website, corporate report, etc)",MUSI BANYUASIN,ID-1606,SUMATERA SELATAN
M-01021,PO1000008226,UNKNOWN,MULTI GUNA LESTARI ABADI,MULTI GUNA LESTARI ABADI,-0.959206206,102.7488528,35,Operating,2017,"Establishment year based off secondary sources (e.g. website, corporate report, etc)",INDRAGIRI HILIR,ID-1403,RIAU
M-01022,PO1000008228,KALIMANTAN SAWIT KUSUMA (KSK),FAJAR SAUDARA LESTARI,FAJAR SAUDARA LESTARI,-0.868055556,109.6280556,45,Operating,2017,"Establishment year based off secondary sources (e.g. website, corporate report, etc)",KUBU RAYA,ID-6112,KALIMANTAN BARAT
M-01024,PO1000008234,SAGO NAULI,TRI BAHTERA SRIKANDI,PATILUBAN MUDIK,0.567451986,99.2032273,45,Operating,2016,"Establishment year based off secondary sources (e.g. website, corporate report, etc)",MANDAILING NATAL,ID-1202,SUMATERA UTARA
M-01025,PO1000008416,TELADAN PRIMA,SIMA AGUNG PRIMA SAWIT,SANDARAN,0.877678,118.842297,30,Operating,2017,"Earliest year mill found to exist based on photo-interpretation of high-resolution satellite imagery, manufacturing census data, traceability reports and other secondary sources (or combination of these sources)",KUTAI TIMUR,ID-6404,KALIMANTAN TIMUR
M-01026,PO1000007432,WILMAR,AGRO PALINDO SAKTI,AGRO PALINDO SAKTI 2,0.30323106,110.1960354,60,Operating,2015,"Establishment year based off secondary sources (e.g. website, corporate report, etc)",SANGGAU,ID-6105,KALIMANTAN BARAT
M-01027,PO1000007529,UNKNOWN,VAREM SAWIT CEMERLANG,VAREM SAWIT CEMERLANG,2.664798715,99.66723629,45,Operating,2016,"Establishment year based off secondary sources (e.g. website, corporate report, etc)",ASAHAN,ID-1208,SUMATERA UTARA
M-01028,PO1000007515,AHMAD ZAKI RESOURCES BERHAD,ICHTIAR GUSTI PUDI,ICHTIAR GUSTI PUDI,0.23594371,109.8518477,30,Operating,2017,"Establishment year based off secondary sources (e.g. website, corporate report, etc)",LANDAK,ID-6103,KALIMANTAN BARAT
M-01029,PO1000008278,WILIAN PERKASA,SEMUNAI SAWIT PERKASA,PKS 1,1.16363,101.278198,30,Operating,2017,"Establishment year based off secondary sources (e.g. website, corporate report, etc)",BENGKALIS,ID-1408,RIAU
M-01031,PO1000008566,DHARMA AGUNG WIJAYA (DAW),SASMITA BUMI WIJAYA,SASMITA BUMI WIJAYA,0.303110595,110.3011841,60,Operating,2017,Establishment year based on other government record of establishment (e.g. Permit database),SANGGAU,ID-6105,KALIMANTAN BARAT
M-01032,PO1000008567,FIRST RESOURCES,KETAPANG AGRO LESTARI,KETAPANG AGRO LESTARI,-0.875968449,115.891194,90,Operating,2017,Establishment year imputed based on Dinas Perkebunan Plantation Statistics reports (e.g. first year a mill appears in a Dinas Perkebunan Plantation Statistics report),KUTAI BARAT,ID-6402,KALIMANTAN TIMUR
M-01033,PO1000008239,UNKNOWN,LEOMAS ANUGERAH BERSAUDARA,LEOMAS ANUGERAH BERSAUDARA,3.412310698,98.73453341,30,Operating,2017,"Establishment year based off secondary sources (e.g. website, corporate report, etc)",DELI SERDANG,ID-1212,SUMATERA UTARA
M-01034,PO1000008190,UNKNOWN,SAWIT ASAHAN TETAP UTUH,SAWIT ASAHAN TETAP UTUH,2.766485965,99.61569194,80,Operating,1999,"Mill known to exist in 1999 (source: Taib, Gunatif (2000), Kajian Pengembangan Industri Crude Palm Oil Skala Kecil (Studi Kasus Pengembangan Industri Crude Palm Oil di Sumatera Barat), http://repository.ipb.ac.id/handle/123456789/5044)",ASAHAN,ID-1208,SUMATERA UTARA
M-01035,PO1000008132,CIPUTRA,CIPTAMAS BUMISELARAS,CIPTAMAS BUMISELARAS,-4.866895741,103.5342432,45,Operating,2017,"Establishment year based off secondary sources (e.g. website, corporate report, etc)",KAUR,ID-1704,BENGKULU
M-01036,PO1000008569,SK PLUS,TOSCANO INDAH PRATAMA,TOSCANO INDAH PRATAMA,-1.086785,119.472903,60,Operating,2017,"Establishment year based off secondary sources (e.g. website, corporate report, etc)",MAMUJU UTARA,ID-7605,SULAWESI BARAT
M-01037,PO1000007590,UNKNOWN,RIAU AGRI,RIAU AGRI,-0.642458209,102.7952659,60,Operating,2016,"Establishment year based off secondary sources (e.g. website, corporate report, etc)",INDRAGIRI HILIR,ID-1403,RIAU
M-01038,PO1000007485,CILIANDRY ANKY ABADI,BORNEO KETAPANG INDAH,BORNEO KETAPANG INDAH,-1.751817812,115.0436604,45,Operating,2017,Establishment year based on dinas perkebunan record of establishment (e.g. Dinas Perkebunan Plantation Statistics report of establishment dates),BARITO TIMUR,ID-6212,KALIMANTAN TENGAH
M-01039,PO1000008290,UNKNOWN,BINTANG NAULI PRATAMA,BINTANG NAULI PRATAMA,1.527366442,98.97524604,5,Operating,2008,"Establishment year based off secondary sources (e.g. website, corporate report, etc)",TAPANULI TENGAH,ID-1204,SUMATERA UTARA
M-01040,PO1000009566,BUMITAMA GUNAJAYA AGRO (BGA),SENTOSA PRIMA AGRO,BUKIT BELABAN JAYA,-1.750385045,110.4932365,45,Operating,1997,Establishment year imputed based on Dinas Perkebunan Plantation Statistics reports (e.g. first year a mill appears in a Dinas Perkebunan Plantation Statistics report),KETAPANG,ID-6106,KALIMANTAN BARAT
M-01041,PO1000008268,KEMINDO,KAMPARINDO AGRO INDUSTRI,KAMPARINDO AGRO INDUSTRI,0.863900776,101.2865735,45,Operating,2017,"Establishment year based off secondary sources (e.g. website, corporate report, etc)",SIAK,ID-1405,RIAU
M-01042,PO1000008225,MENTARI,RISMAN SCHAM PALM INDONESIA,RISMAN SCHAM PALM INDONESIA,-0.95930824,102.7785792,60,Operating,2014,"Establishment year based off secondary sources (e.g. website, corporate report, etc)",INDRAGIRI HILIR,ID-1403,RIAU
M-01043,PO1000008166,INDONUSA,HAMITA UTAMA KARSA,HAMITA UTAMA KARSA,-2.670944,104.2026,60,Operating,2017,"Establishment year based off secondary sources (e.g. website, corporate report, etc)",MUSI BANYUASIN,ID-1606,SUMATERA SELATAN
M-01044,PO1000008291,NAGAMAS,SUMBER SAWIT NUSANTARA,SUMBER SAWIT NUSANTARA,1.549569887,99.95686518,30,Operating,2015,"Establishment year based off secondary sources (e.g. website, corporate report, etc)",PADANG LAWAS,ID-1221,SUMATERA UTARA
M-01045,PO1000008407,ADR,BAYUNG AGRO SAWITA,BAYUNG AGRO SAWITA,-2.009124837,103.7041792,45,Operating,2016,"Establishment year based off secondary sources (e.g. website, corporate report, etc)",MUSI BANYUASIN,ID-1606,SUMATERA SELATAN
M-01046,PO1000008570,UNKNOWN,GIGA PUTRA NUSANTARA,GIGA PUTRA NUSANTARA,1.3062304,99.7666513,45,Operating,2016,"Establishment year based off secondary sources (e.g. website, corporate report, etc)",PADANG LAWAS,ID-1221,SUMATERA UTARA
M-01047,PO1000010013,JAWA POS,DHARMASRAYA PALMA SEJAHTERA,DHARMASRAYA PALMA SEJAHTERA,-1.646449849,102.9258391,30,Operating,2017,"Establishment year based off secondary sources (e.g. website, corporate report, etc)",BATANG HARI,ID-1504,JAMBI
M-01049,PO1000008392,SAHABAT AGRO,LAMBANG BUMI PERKASA,LAMBANG BUMI PERKASA,-4.699776154,105.3705709,45,Operating,2015,"Establishment year based off secondary sources (e.g. website, corporate report, etc)",LAMPUNG TENGAH,ID-1805,LAMPUNG
M-01050,PO1000008434,BOMBA,GOLDEN BLOSSOM SUMATRA,GOLDEN BLOSSOM SUMATRA,-3.067990016,104.2046538,45,Operating,2017,"Establishment year based off secondary sources (e.g. website, corporate report, etc)",PENUKAL ABAB LEMATANG ILIR,ID-1612,SUMATERA SELATAN
M-01051,PO1000007610,SINAR JAYA AGRO INVESTAMA (SJAI),SERASAN SEKUNDANG SAWITMAS,SERASAN SEKUNDANG SAWITMAS,-3.892077459,104.0940111,45,Operating,2015,Establishment year imputed based on Dinas Perkebunan Plantation Statistics reports (e.g. first year a mill appears in a Dinas Perkebunan Plantation Statistics report),MUARA ENIM,ID-1603,SUMATERA SELATAN
M-01052,PO1000008577,IJM PLANTATIONS BERHAD,SINERGI AGRO INDUSTRI,SINERGI AGRO INDUSTRI,0.905357984,118.4248208,60,Operating,2017,"Establishment year based off secondary sources (e.g. website, corporate report, etc)",KUTAI TIMUR,ID-6404,KALIMANTAN TIMUR
M-01054,PO1000008578,PTPN III,PERKEBUNAN NUSANTARA XIII,LONG PINANG,-1.9289917,116.1254047,60,Operating,1999,"Mill known to exist in 1999 (source: Taib, Gunatif (2000), Kajian Pengembangan Industri Crude Palm Oil Skala Kecil (Studi Kasus Pengembangan Industri Crude Palm Oil di Sumatera Barat), http://repository.ipb.ac.id/handle/123456789/5044)",PASER,ID-6401,KALIMANTAN TIMUR
M-01055,PO1000008579,MENTARI,SAKTI MAIT JAYA LANGIT,SAKTI MAIT JAYA LANGIT,-1.943083818,114.181284,60,Operating,2015,Establishment year based on dinas perkebunan record of establishment (e.g. Dinas Perkebunan Plantation Statistics report of establishment dates),KAPUAS,ID-6203,KALIMANTAN TENGAH
M-01057,PO1000008580,AGRINA,AGRINA SAWIT PERDANA,AGRINA SAWIT PERDANA,0.069755342,110.6965471,60,Operating,2017,Establishment year based on other government record of establishment (e.g. Permit database),SANGGAU,ID-6105,KALIMANTAN BARAT
M-01058,PO1000008581,DHANISTHA SURYA NUSANTARA,ANTANG GANDA UTAMA,PANDRAN RAYA,-1.139727818,115.0297073,40,Operating,2012,Establishment year based on dinas perkebunan record of establishment (e.g. Dinas Perkebunan Plantation Statistics report of establishment dates),BARITO UTARA,ID-6205,KALIMANTAN TENGAH
M-01060,PO1000008587,AGRO INVESTAMA,TEBO INDAH,TEBO INDAH,-1.500624293,102.5782971,45,Operating,2017,Establishment year imputed based on Dinas Perkebunan Plantation Statistics reports (e.g. first year a mill appears in a Dinas Perkebunan Plantation Statistics report),TEBO,ID-1508,JAMBI
M-01061,PO1000008595,PANCA PUTRA GANDA,DAMAI JAYA LESTARI,GANDA MAKMUR,-3.256807,122.144763,30,Operating,2012,"Establishment year based off secondary sources (e.g. website, corporate report, etc)",KONAWE UTARA,ID-7410,SULAWESI TENGGARA
M-01062,PO1000008603,KALPATARU,MAHAKAM SAWIT PLANTATION,MAHAKAM SAWIT PLANTATION,-0.33892969,116.8806989,30,Operating,2016,Establishment year imputed based on Dinas Perkebunan Plantation Statistics reports (e.g. first year a mill appears in a Dinas Perkebunan Plantation Statistics report),KUTAI KARTANEGARA,ID-6403,KALIMANTAN TIMUR
M-01065,PO1000008605,SK PLUS,MUTIARA SAWIT SEMESTA,MUTIARA SAWIT SEMESTA,-1.607916667,102.8632222,45,Operating,2018,"Establishment year based off secondary sources (e.g. website, corporate report, etc)",BATANG HARI,ID-1504,JAMBI
M-01066,PO1000003497,PASIFIK AGRO SENTOSA (PAS),MITRA ANEKA REZEKI,BANYUASIN,-2.722172849,104.3594446,30,Operating,2005,Establishment year imputed based on Dinas Perkebunan Plantation Statistics reports (e.g. first year a mill appears in a Dinas Perkebunan Plantation Statistics report),BANYUASIN,ID-1607,SUMATERA SELATAN
M-01067,PO1000008606,UNKNOWN,AGRO MEKAR LESTARI,AGRO MEKAR LESTARI,0.829466667,103.3760167,10,Operating,2016,"Earliest year mill found to exist based on photo-interpretation of high-resolution satellite imagery, manufacturing census data, traceability reports and other secondary sources (or combination of these sources)",KARIMUN,ID-2101,KEP. RIAU
M-01068,PO1000008608,UNKNOWN,PERMATA SUBUR LESTARI,PERMATA SUBUR LESTARI,0.02804783,111.4335939,45,Operating,2018,Establishment year based on other government record of establishment (e.g. Permit database),SINTANG,ID-6107,KALIMANTAN BARAT
M-01069,PO1000008611,UNKNOWN,HUTAN ALAM LESTARI,HUTAN ALAM LESTARI,-1.610917,103.342417,30,Operating,2018,"Establishment year based off secondary sources (e.g. website, corporate report, etc)",BATANG HARI,ID-1504,JAMBI
M-01070,PO1000008389,KALIMANTAN PLANTATION UNIT (KPU),ARCHIPELAGO TIMUR ABADI,ARCHIPELAGO,-1.1395156,113.9864769,60,Operating,2017,"Establishment year based off secondary sources (e.g. website, corporate report, etc)",KAPUAS,ID-6203,KALIMANTAN TENGAH
M-01071,PO1000008621,PTPN III,PERKEBUNAN NUSANTARA XIII,LONG KALI,-1.4190445,116.2500844,30,Operating,2004,"Mill known to exist in 2004 (source: Golder Associates (2006). Appendix VIII: Summary of Renewable Potential in Indonesia POM, Retrieved October 10, 2018, http://www.adb.org/Documents/Reports/Consulta nt/46557-INO/36557-INO-TACR- AppendixVIII.pdf)",PASER,ID-6401,KALIMANTAN TIMUR
M-01073,PO1000008623,WINGS AGRO,GAWI MAKMUR KALIMANTAN,PASER,-1.439347159,116.3983069,60,Operating,2015,"Establishment year based off secondary sources (e.g. website, corporate report, etc)",PENAJAM PASER UTARA,ID-6409,KALIMANTAN TIMUR
M-01074,PO1000008272,DARMEX AGRO,ELUAN MAHKOTA,KOTA TENGAH,0.974059291,100.5365009,90,Operating,2004,"Establishment year based off secondary sources (e.g. website, corporate report, etc)",ROKAN HULU,ID-1407,RIAU
M-01075,PO1000008626,BEST INDUSTRY,WANA SAWIT SUBUR LESTARI,WANA SAWIT SUBUR LESTARI 1,-2.506392591,112.013472,90,Operating,2001,Establishment year based on dinas perkebunan record of establishment (e.g. Dinas Perkebunan Plantation Statistics report of establishment dates),KOTAWARINGIN BARAT,ID-6201,KALIMANTAN TENGAH
M-01076,PO1000007580,DELLOYD,REBINMAS JAYA,REBINMAS JAYA,-2.733333,107.901389,60,Operating,2010,"Establishment year based off secondary sources (e.g. website, corporate report, etc)",BELITUNG,ID-1902,KEP. BANGKA BELITUNG
M-01077,PO1000008633,KAYU LAPIS INDONESIA,INTI KEBUN SEJAHTERA,KLISOF,-1.288583,131.249306,20,Operating,2012,"Earliest year mill found to exist based on photo-interpretation of high-resolution satellite imagery, manufacturing census data, traceability reports and other secondary sources (or combination of these sources)",SORONG,ID-9107,PAPUA BARAT
M-01078,PO1000000328,SD GUTHRIE,SWADAYA ANDIKA,SELABAK,-2.497644654,116.2030225,60,Operating,2002,Establishment year based on dinas perkebunan record of establishment (e.g. Dinas Perkebunan Plantation Statistics report of establishment dates),KOTABARU,ID-6302,KALIMANTAN SELATAN
M-01079,PO1000002304,CITRA BORNEO INDAH (CBI),SAWIT SUMBERMAS SARANA,SULUNG,-2.304451535,111.6132597,90,Operating,2005,Establishment year based on dinas perkebunan record of establishment (e.g. Dinas Perkebunan Plantation Statistics report of establishment dates),KOTAWARINGIN BARAT,ID-6201,KALIMANTAN TENGAH
M-01080,PO1000003491,BUMITAMA GUNAJAYA AGRO (BGA),GUNAJAYA KARYA GEMILANG,KENDAWANGAN,-2.446065881,110.266132,60,Operating,2011,Establishment year imputed based on Dinas Perkebunan Plantation Statistics reports (e.g. first year a mill appears in a Dinas Perkebunan Plantation Statistics report),KETAPANG,ID-6106,KALIMANTAN BARAT
M-01081,PO1000004327,SEPTA,MITRA BUMI,MITRA BUMI,0.454092,101.055338,45,Operating,2012,"Establishment year based off secondary sources (e.g. website, corporate report, etc)",KAMPAR,ID-1406,RIAU
M-01082,PO1000004411,UNKNOWN,SEWANGI SEJATI LUHUR,SUKARAMAI,0.715125069,100.9291524,60,Operating,1999,"Mill known to exist in 1999 (source: Taib, Gunatif (2000), Kajian Pengembangan Industri Crude Palm Oil Skala Kecil (Studi Kasus Pengembangan Industri Crude Palm Oil di Sumatera Barat), http://repository.ipb.ac.id/handle/123456789/5044)",KAMPAR,ID-1406,RIAU
M-01083,PO1000004449,NAGAMAS,NAGAMAS AGRO MULIA,NAGAMAS AGRO MULIA,1.302271444,100.3969612,30,Operating,2012,Establishment year imputed based on Dinas Perkebunan Plantation Statistics reports (e.g. first year a mill appears in a Dinas Perkebunan Plantation Statistics report),ROKAN HULU,ID-1407,RIAU
M-01084,PO1000004454,KRISTON AGRO,BUKIT BARISAN INDAH PRIMA,BUKIT BARISAN INDAH PRIMA,-1.338165425,103.4537286,45,Operating,2001,Establishment year based on other government record of establishment (e.g. Permit database),MUARO JAMBI,ID-1505,JAMBI
M-01086,PO1000005202,ANDIKA,ANDIKA PERMATA SAWIT LESTARI,ANDIKA PERMATA SAWIT LESTARI,1.088926461,100.7757732,45,Operating,2012,Establishment year imputed based on Dinas Perkebunan Plantation Statistics reports (e.g. first year a mill appears in a Dinas Perkebunan Plantation Statistics report),ROKAN HULU,ID-1407,RIAU
M-01087,PO1000006505,MUSIM MAS,GUNTUNG IDAMAN NUSA,GUNTUNG IDAMAN NUSA 2,0.052491573,103.2078167,60,Operating,2017,"Establishment year based off secondary sources (e.g. website, corporate report, etc)",INDRAGIRI HILIR,ID-1403,RIAU
M-01088,PO1000000829,SD GUTHRIE,SAJANG HEULANG,MUSTIKA,-3.489808327,115.7367287,60,Operating,2009,Establishment year based on dinas perkebunan record of establishment (e.g. Dinas Perkebunan Plantation Statistics report of establishment dates),TANAH BUMBU,ID-6310,KALIMANTAN SELATAN
M-01089,PO1000007571,FIRST RESOURCES,LIMPAH SEJAHTERA,LIMPAH SEJAHTERA,-1.71665276,110.354629,45,Operating,2013,Establishment year imputed based on Dinas Perkebunan Plantation Statistics reports (e.g. first year a mill appears in a Dinas Perkebunan Plantation Statistics report),KETAPANG,ID-6106,KALIMANTAN BARAT
M-01090,PO1000007589,UNKNOWN,RIMBO PANJANG SUMBER MAKMUR,RIMBO PANJANG SUMBER MAKMUR,-0.026227301,100.0027512,30,Operating,2015,"Establishment year based off secondary sources (e.g. website, corporate report, etc)",PASAMAN BARAT,ID-1312,SUMATERA BARAT
M-01091,PO1000007595,UNKNOWN,SEBANGA MULTI SAWIT,SEBANGA MULTI SAWIT,1.25575405,101.2882413,10,Operating,2005,"Establishment year based off secondary sources (e.g. website, corporate report, etc)",BENGKALIS,ID-1408,RIAU
M-01093,PO1000007625,UNKNOWN,RUNDING PUTRA PERSADA,RUNDING PUTRA PERSADA,2.462381704,97.93914086,45,Operating,2016,"Establishment year based off secondary sources (e.g. website, corporate report, etc)",ACEH SINGKIL,ID-1102,ACEH
M-01094,PO1000007635,SUMBER TANI AGUNG (STA),TANTAHAN PENDUHUP ASI,TUMBANG SEPAN,-1.42146,113.401079,60,Operating,2016,Establishment year based on dinas perkebunan record of establishment (e.g. Dinas Perkebunan Plantation Statistics report of establishment dates),GUNUNG MAS,ID-6211,KALIMANTAN TENGAH
M-01095,PO1000007638,CHELLAM PLANTATIONS,KUTAI BALIAN NAULI,KUTAI BALIAN NAULI,0.746916,117.349759,45,Operating,2015,"Establishment year based off secondary sources (e.g. website, corporate report, etc)",KUTAI TIMUR,ID-6404,KALIMANTAN TIMUR
M-01096,PO1000007640,UNKNOWN,BANYUASIN NUSANTARA SEJAHTERA,BANYUASIN NUSANTARA SEJAHTERA,-2.58744302,104.74763,,Operating,2015,"Earliest year mill found to exist based on photo-interpretation of high-resolution satellite imagery, manufacturing census data, traceability reports and other secondary sources (or combination of these sources)",BANYUASIN,ID-1607,SUMATERA SELATAN
M-01097,PO1000007664,CITRA BORNEO INDAH (CBI),SAWIT MULTI UTAMA,NANGA KIU,-1.837888889,111.5328056,60,Operating,2015,Establishment year based on dinas perkebunan record of establishment (e.g. Dinas Perkebunan Plantation Statistics report of establishment dates),LAMANDAU,ID-6207,KALIMANTAN TENGAH
M-01098,PO1000007672,HPI-AGRO (DJARUM),SABAN SAWIT SUBUR,SEMPIDAN,-0.033916951,110.0670976,45,Operating,2015,"Establishment year based off secondary sources (e.g. website, corporate report, etc)",SANGGAU,ID-6105,KALIMANTAN BARAT
M-01099,PO1000008095,KUALA LUMPUR KEPONG (KLK),MULIA AGRO PERMAI,MULIA AGRO PERMAI,-2.431596715,112.7512671,60,Operating,2013,Establishment year based on dinas perkebunan record of establishment (e.g. Dinas Perkebunan Plantation Statistics report of establishment dates),KOTAWARINGIN TIMUR,ID-6202,KALIMANTAN TENGAH
M-01100,PO1000008127,INCASI RAYA (GUNAS),SUMATERA MAKMUR LESTARI,SUMATERA MAKMUR LESTARI,-0.12137618,110.7579863,120,Operating,2016,"Establishment year based off secondary sources (e.g. website, corporate report, etc)",SEKADAU,ID-6109,KALIMANTAN BARAT
M-01101,PO1000008202,MEWAH,ANGSO DUO SAWIT,ANGSO DUO SAWIT,-1.784119686,103.4939648,45,Operating,2003,Establishment year imputed based on Dinas Perkebunan Plantation Statistics reports (e.g. first year a mill appears in a Dinas Perkebunan Plantation Statistics report),MUARO JAMBI,ID-1505,JAMBI
M-01103,PO1000008207,HUTANINDO,HUTAN SAWIT LESTARI,HUTAN SAWIT LESTARI,-1.700539027,112.877437,90,Operating,2011,Establishment year based on dinas perkebunan record of establishment (e.g. Dinas Perkebunan Plantation Statistics report of establishment dates),KOTAWARINGIN TIMUR,ID-6202,KALIMANTAN TENGAH
M-01104,PO1000008270,SALIM GROUP,WIRA INOVA NUSANTARA,WIRA INOVA NUSANTARA,0.966398,118.195087,60,Operating,2015,"Establishment year based off secondary sources (e.g. website, corporate report, etc)",KUTAI TIMUR,ID-6404,KALIMANTAN TIMUR
M-01105,PO1000008271,FAIRCO,FAIRCO AGRO MANDIRI,KAUBUN,0.966727778,117.7919167,45,Operating,2014,"Establishment year based off secondary sources (e.g. website, corporate report, etc)",KUTAI TIMUR,ID-6404,KALIMANTAN TIMUR
M-01106,PO1000008381,SUPERVENTURE,CAHAYA BINTANG SAWIT SEJATI,CAHAYA BINTANG SAWIT SEJATI 2,-2.091031551,116.1226542,60,Operating,2015,Establishment year imputed based on Dinas Perkebunan Plantation Statistics reports (e.g. first year a mill appears in a Dinas Perkebunan Plantation Statistics report),PASER,ID-6401,KALIMANTAN TIMUR
M-01107,PO1000008383,UNKNOWN,ERASAKTI WIRAFORESTAMA,ERASAKTI WIRA FORESTAMA 2,-1.529378844,103.6369698,75,Operating,2015,"Establishment year based off secondary sources (e.g. website, corporate report, etc)",MUARO JAMBI,ID-1505,JAMBI
M-01108,PO1000008393,UNKNOWN,JALUR PUSAKA SAKTI KUMALA,JALUR PUSAKA SAKTI KUMALA,0.400201265,101.7961,10,Operating,2013,"Establishment year based off secondary sources (e.g. website, corporate report, etc)",PELALAWAN,ID-1404,RIAU
M-01109,PO1000008396,TELADAN PRIMA,MULTI JAYANTARA ABADI,TANJUNG HARAPAN,-2.3812832,116.5283011,45,Operating,2017,"Establishment year based off secondary sources (e.g. website, corporate report, etc)",PASER,ID-6401,KALIMANTAN TIMUR
M-01110,PO1000008397,MAKIN,PERSADA HARAPAN KAHURIPAN,RENGAS,-1.596334687,102.7211107,30,Operating,2015,"Establishment year based off secondary sources (e.g. website, corporate report, etc)",TEBO,ID-1508,JAMBI
M-01111,PO1000008403,ASTRA AGRO LESTARI,SARI ADITYA LOKA,SARI ADITYA LOKA 2,-1.651529955,102.3074061,60,Operating,1997,"Establishment year based off secondary sources (e.g. website, corporate report, etc)",BUNGO,ID-1509,JAMBI
M-01112,PO1000008405,UNION SAMPOERNA TRIPUTRA PERSADA (USTP),SAWIT MAS PARENGGEAN,SAWIT MAS PARENGGEAN,-2.029952096,112.7708346,45,Operating,2016,Establishment year based on dinas perkebunan record of establishment (e.g. Dinas Perkebunan Plantation Statistics report of establishment dates),KOTAWARINGIN TIMUR,ID-6202,KALIMANTAN TENGAH
M-01113,PO1000008411,ORIENTAL HOLDINGS BERHAD,BUMI SAWIT SUKSES PRATAMA,BUMI SAWIT SUKSES PRATAMA,-2.54389,106.02932,60,Operating,2016,"Establishment year based off secondary sources (e.g. website, corporate report, etc)",BANGKA SELATAN,ID-1905,KEP. BANGKA BELITUNG
M-01114,PO1000008412,UNKNOWN,CAKRA ALAM SEJATI,CAKRA ALAM SEJATI,0.175090433,102.0513353,45,Operating,2016,"Establishment year based off secondary sources (e.g. website, corporate report, etc)",PELALAWAN,ID-1404,RIAU
M-01115,PO1000008422,ASTRA AGRO LESTARI,PERKEBUNAN LEMBAH BHAKTI,PERKEBUNAN LEMBAH BHAKTI 2,2.561287971,97.94819138,45,Operating,2016,"Establishment year based off secondary sources (e.g. website, corporate report, etc)",ACEH SINGKIL,ID-1102,ACEH
M-01116,PO1000008423,DAMAI PLANTATION,CITRA SAWIT LESTARI,CITRA SAWIT LESTARI,2.92199,117.26464,30,Operating,2018,Establishment year imputed based on Dinas Perkebunan Plantation Statistics reports (e.g. first year a mill appears in a Dinas Perkebunan Plantation Statistics report),BULUNGAN,ID-6502,KALIMANTAN UTARA
M-01120,PO1000008440,SINAR JAYA AGRO INVESTAMA (SJAI),WAYKANAN SAWITINDO MAS,WAYKANAN SAWITINDO MAS,-4.446496832,104.4219295,60,Operating,2014,Establishment year imputed based on Dinas Perkebunan Plantation Statistics reports (e.g. first year a mill appears in a Dinas Perkebunan Plantation Statistics report),WAY KANAN,ID-1807,LAMPUNG
M-01121,PO1000008582,DARMEX AGRO,DUTA PALMA NUSANTARA,KUKO,-0.556730123,101.6723418,45,Operating,1992,"Establishment year based off secondary sources (e.g. website, corporate report, etc)",KUANTAN SINGINGI,ID-1401,RIAU
M-01122,PO1000008583,UNKNOWN,BUMI DAYA AGROTAMAS,BUMI DAYA AGROTAMAS,2.583978687,97.85393859,30,Operating,2018,"Establishment year based off secondary sources (e.g. website, corporate report, etc)",SUBULUSSALAM (KOTA),ID-1175,ACEH
M-01123,PO1000008584,UNKNOWN,SYAUKATH AGRO,SYAUKATH AGRO,4.57368,95.704008,30,Operating,2018,"Establishment year based off secondary sources (e.g. website, corporate report, etc)",ACEH JAYA,ID-1116,ACEH
M-01124,PO1000008585,UNKNOWN,ANUGERAH AGRO SAWIT PERKASA,ANUGERAH AGRO SAWIT PERKASA,1.844607435,100.4444265,75,Operating,2003,"Establishment year based off secondary sources (e.g. website, corporate report, etc)",ROKAN HILIR,ID-1409,RIAU
M-01125,PO1000008586,PANCA PUTRA GANDA,TOR GANDA,BATANG KUMU,1.3796913,100.1923601,30,Operating,2013,Establishment year imputed based on Dinas Perkebunan Plantation Statistics reports (e.g. first year a mill appears in a Dinas Perkebunan Plantation Statistics report),ROKAN HULU,ID-1407,RIAU
M-01126,PO1000008596,UNKNOWN,WAIMUSI AGRO INDAH,WAIMUSI AGRO INDAH,-3.671662334,105.0679171,60,Operating,2016,Establishment year imputed based on Dinas Perkebunan Plantation Statistics reports (e.g. first year a mill appears in a Dinas Perkebunan Plantation Statistics report),OGAN KOMERING ILIR,ID-1602,SUMATERA SELATAN
M-01128,PO1000008602,RAJAWALI NUSANTARA INDONESIA (RNI),LARAS ASTRA KARTIKA,LARAS ASTRA KARTIKA,-4.081368864,104.5408711,10,Operating,2006,Establishment year imputed based on Dinas Perkebunan Plantation Statistics reports (e.g. first year a mill appears in a Dinas Perkebunan Plantation Statistics report),OGAN KOMERING ULU TIMUR,ID-1609,SUMATERA SELATAN
M-01129,PO1000008604,SRIWIJAYA PALM OIL,CIPTA LESTARI SAWIT,CLS,-2.650019281,104.5299154,30,Operating,2017,"Establishment year based off secondary sources (e.g. website, corporate report, etc)",BANYUASIN,ID-1607,SUMATERA SELATAN
M-01130,PO1000008607,SRIWIJAYA PALM OIL,SELATAN AGRO MAKMUR LESTARI,SAML,-2.690647047,105.2198222,60,Operating,2016,"Establishment year based off secondary sources (e.g. website, corporate report, etc)",OGAN KOMERING ILIR,ID-1602,SUMATERA SELATAN
M-01131,PO1000008609,BUMITAMA GUNAJAYA AGRO (BGA),BUMITAMA GUNAJAYA ABADI,LAMANDAU,-2.505465512,111.3601351,90,Operating,2015,Establishment year based on dinas perkebunan record of establishment (e.g. Dinas Perkebunan Plantation Statistics report of establishment dates),KOTAWARINGIN BARAT,ID-6201,KALIMANTAN TENGAH
M-01132,PO1000008610,KARYA TEKNIK,SATRIA HUPASARANA,SATRIA HUPASARANA,-2.034995795,111.5689748,60,Operating,2016,Establishment year based on dinas perkebunan record of establishment (e.g. Dinas Perkebunan Plantation Statistics report of establishment dates),LAMANDAU,ID-6207,KALIMANTAN TENGAH
M-01133,PO1000008612,SGA KALTIM PTE LTD,BUKIT BORNEO SEJAHTERA,BUKIT BORNEO SEJAHTERA,3.464302543,116.6105669,20,Operating,2014,Establishment year based on other government record of establishment (e.g. Permit database),MALINAU,ID-6501,KALIMANTAN UTARA
M-01134,PO1000008613,DWI MITRA ADHIUSAHA (DMA),CANDI ARTHA,CANDI ARTHA,-3.941739731,114.8160676,20,Operating,2016,"Earliest year mill found to exist based on photo-interpretation of high-resolution satellite imagery, manufacturing census data, traceability reports and other secondary sources (or combination of these sources)",TANAH LAUT,ID-6301,KALIMANTAN SELATAN
M-01135,PO1000008619,PANCA PUTRA GANDA,TOR GANDA,KARYA PERDANA,1.235071259,100.5888098,30,Operating,2012,Establishment year imputed based on Dinas Perkebunan Plantation Statistics reports (e.g. first year a mill appears in a Dinas Perkebunan Plantation Statistics report),ROKAN HULU,ID-1407,RIAU
M-01136,PO1000008620,JHONLIN,PRADIKSI GUNATAMA,PRADIKSI GUNATAMA,-2.180505623,116.2092752,90,Operating,2019,"Establishment year based off secondary sources (e.g. website, corporate report, etc)",PASER,ID-6401,KALIMANTAN TIMUR
M-01137,PO1000008622,DARMEX AGRO,MEKAR SARI ALAM LESTARI,MEKAR SARI ALAM LESTARI,0.121459246,102.3377081,60,Operating,2013,Establishment year imputed based on Dinas Perkebunan Plantation Statistics reports (e.g. first year a mill appears in a Dinas Perkebunan Plantation Statistics report),PELALAWAN,ID-1404,RIAU
M-01138,PO1000008636,UNKNOWN,BUKIT SAWIT SEMESTA,BUKIT SAWIT SEMESTA,-0.344184047,99.96154726,60,Operating,2018,Establishment year imputed based on Dinas Perkebunan Plantation Statistics reports (e.g. first year a mill appears in a Dinas Perkebunan Plantation Statistics report),AGAM,ID-1307,SUMATERA BARAT
M-01139,PO1000008643,BEST INDUSTRY,SURYA MAS CIPTA PERKASA,SURYA MAS CIPTA PERKASA 1,-3.033619254,113.8584048,60,Operating,2013,Establishment year based on dinas perkebunan record of establishment (e.g. Dinas Perkebunan Plantation Statistics report of establishment dates),PULANG PISAU,ID-6210,KALIMANTAN TENGAH
M-01140,PO1000008644,PTPN III,PERKEBUNAN NUSANTARA XIII,SAMUNTAI,-1.6736419,116.1262015,50,Operating,1988,"Establishment year based off secondary sources (e.g. website, corporate report, etc)",PASER,ID-6401,KALIMANTAN TIMUR
M-01143,PO1000008654,DHARMA SATYA NUSANTARA (DSN),DEWATA SAWIT NUSANTARA,POM 6,1.282663886,116.782315,60,Operating,2016,"Establishment year based off secondary sources (e.g. website, corporate report, etc)",KUTAI TIMUR,ID-6404,KALIMANTAN TIMUR
M-01144,PO1000008656,UNKNOWN,SENTOSA KALIMANTAN JAYA,SENTOSA KALIMANTAN JAYA,2.340187886,118.0618917,45,Operating,2017,"Establishment year based off secondary sources (e.g. website, corporate report, etc)",BERAU,ID-6405,KALIMANTAN TIMUR
M-01146,PO1000008658,SAMPOERNA AGRO,LANANG AGRO BERSATU,LANANG AGRO BERSATU,-1.213537997,110.523382,60,Operating,2018,"Establishment year based off secondary sources (e.g. website, corporate report, etc)",KETAPANG,ID-6106,KALIMANTAN BARAT
M-01147,PO1000008659,ASTRA AGRO LESTARI,KARYANUSA EKADAYA,KARYANUSA EKA DAYA 2,0.912337181,116.7342736,45,Operating,2015,Establishment year imputed based on Dinas Perkebunan Plantation Statistics reports (e.g. first year a mill appears in a Dinas Perkebunan Plantation Statistics report),KUTAI TIMUR,ID-6404,KALIMANTAN TIMUR
M-01148,PO1000008660,UNION SAMPOERNA TRIPUTRA PERSADA (USTP),SUMBER MAHARDHIKA GRAHA,SUMBER MAHARDHIKA GRAHA,-2.129974418,111.3319889,60,Operating,2016,Establishment year based on dinas perkebunan record of establishment (e.g. Dinas Perkebunan Plantation Statistics report of establishment dates),LAMANDAU,ID-6207,KALIMANTAN TENGAH
M-01149,PO1000008661,SALIM GROUP,KEBUN GANDA PRIMA,KEMBAYAN,0.401068685,110.2647522,45,Operating,2017,Establishment year based on other government record of establishment (e.g. Permit database),SANGGAU,ID-6105,KALIMANTAN BARAT
M-01150,PO1000008663,DARMEX AGRO,BANYU BENING UTAMA,BANYU BENING UTAMA,-0.480164102,102.680862,30,Operating,2012,Establishment year imputed based on Dinas Perkebunan Plantation Statistics reports (e.g. first year a mill appears in a Dinas Perkebunan Plantation Statistics report),INDRAGIRI HULU,ID-1402,RIAU
M-01151,PO1000008664,DARMEX AGRO,WANA JINGGA TIMUR,BASERAH,-0.454766973,101.8799379,30,Operating,2003,"Establishment year based off secondary sources (e.g. website, corporate report, etc)",KUANTAN SINGINGI,ID-1401,RIAU
M-01152,PO1000008665,DARMEX AGRO,CERENTI SUBUR,CERENTI,-0.555441413,101.7577878,45,Operating,1996,"Establishment year based off secondary sources (e.g. website, corporate report, etc)",KUANTAN SINGINGI,ID-1401,RIAU
M-01153,PO1000008666,INDOGUNTA,LONG BAGUN PRIMA SAWIT,BATU LEPOQ,1.42097728,117.8563718,45,Operating,2017,"Establishment year based off secondary sources (e.g. website, corporate report, etc)",BERAU,ID-6405,KALIMANTAN TIMUR
M-01154,PO1000004863,PTPN III,PERKEBUNAN NUSANTARA VI,OPHIR,0.014735242,99.83564551,40,Operating,1986,Establishment year based on other government record of establishment (e.g. Permit database),PASAMAN BARAT,ID-1312,SUMATERA BARAT
M-01155,PO1000010250,UNKNOWN,AGRA BUMI NIAGA,AGRA BUMI NIAGA,4.575718168,97.61906854,30,Operating,2020,"Establishment year based off secondary sources (e.g. website, corporate report, etc)",ACEH TIMUR,ID-1105,ACEH
M-01156,PO1000009561,SUBARNI,TEUPIN LADA,TEUPIN LADA,5.051797654,97.56962942,20,Operating,2018,"Establishment year based off secondary sources (e.g. website, corporate report, etc)",ACEH TIMUR,ID-1105,ACEH
M-01157,PO1000010064,ENSEM,PARASAWITA,PARASAWITA,4.355037659,98.1523761,20,Operating,1987,"Establishment year based off secondary sources (e.g. website, corporate report, etc)",ACEH TAMIANG,ID-1114,ACEH
M-01158,PO1000010063,UNKNOWN,BIMA DESA SAWITA,BIMA DESA SAWITA,4.287826299,97.99708023,20,Operating,2017,"Establishment year based off secondary sources (e.g. website, corporate report, etc)",ACEH TAMIANG,ID-1114,ACEH
M-01159,PO1000010061,UNKNOWN,KHARISMA ISKANDAR MUDA,KHARISMA ISKANDAR MUDA,4.092202682,96.44066953,30,Operating,2016,"Establishment year based off secondary sources (e.g. website, corporate report, etc)",NAGAN RAYA,ID-1115,ACEH
M-01160,PO1000010262,ENSEM,ENSEM LESTARI,ENSEM LESTARI,4.034084616,96.47502254,30,Operating,2017,"Earliest year mill found to exist based on photo-interpretation of high-resolution satellite imagery, manufacturing census data, traceability reports and other secondary sources (or combination of these sources)",NAGAN RAYA,ID-1115,ACEH
M-01161,PO1000010059,UNKNOWN,SINGKIL SEJAHTERA MAKMUR,SINGKIL SEJAHTERA MAKMUR,2.462276544,98.02821196,30,Operating,2020,"Earliest year mill found to exist based on photo-interpretation of high-resolution satellite imagery, manufacturing census data, traceability reports and other secondary sources (or combination of these sources)",ACEH SINGKIL,ID-1102,ACEH
M-01162,PO1000009027,UNKNOWN,AGRI MITRA KARYA,AGRI MITRA KARYA,-2.645646121,101.2899888,30,Operating,2009,Establishment year imputed based on Dinas Perkebunan Plantation Statistics reports (e.g. first year a mill appears in a Dinas Perkebunan Plantation Statistics report),MUKO-MUKO,ID-1706,BENGKULU
M-01163,PO1000010251,UNKNOWN,MUKO PANEN RAYA ABADI,MUKO PANEN RAYA ABADI,-2.75669812,101.3919494,30,Operating,2018,Establishment year based on other government record of establishment (e.g. Permit database),MUKO-MUKO,ID-1706,BENGKULU
M-01164,PO1000010045,DARMEX AGRO,DELIMUDA PERKASA,DELIMUDA PERKASA,-1.628199955,102.9480774,80,Operating,2000,"Establishment year based off secondary sources (e.g. website, corporate report, etc)",BATANG HARI,ID-1504,JAMBI
M-01165,NA,NAN RIANG,HUMUSINDO MAKMUR SEJATI,HUMUSINDO MAKMUR SEJATI,-1.792822,103.11206,15,Operating,2010,Establishment year based on other government record of establishment (e.g. Permit database),BATANG HARI,ID-1504,JAMBI
M-01166,PO1000010018,PTPN III,BUKIT KAUSAR,PENGABUAN,-1.251701521,102.9543243,30,Operating,2016,"Establishment year based off secondary sources (e.g. website, corporate report, etc)",TANJUNG JABUNG BARAT,ID-1507,JAMBI
M-01167,PO1000010281,DARMEX AGRO,CERIA PRIMA,CP 1,1.368872384,109.6841334,30,Operating,2014,Establishment year imputed based on Dinas Perkebunan Plantation Statistics reports (e.g. first year a mill appears in a Dinas Perkebunan Plantation Statistics report),BENGKAYANG,ID-6102,KALIMANTAN BARAT
M-01168,PO1000010055,DARMEX AGRO,CERIA PRIMA,CP 2,1.300767801,109.6669172,30,Operating,2014,Establishment year imputed based on Dinas Perkebunan Plantation Statistics reports (e.g. first year a mill appears in a Dinas Perkebunan Plantation Statistics report),BENGKAYANG,ID-6102,KALIMANTAN BARAT
M-01169,PO1000008599,CARGILL,ANDES AGRO INVESTAMA,SEI KERANDI,-2.312315667,110.4274826,120,Operating,2016,"Establishment year based off secondary sources (e.g. website, corporate report, etc)",KETAPANG,ID-6106,KALIMANTAN BARAT
M-01170,PO1000010053,DARMEX AGRO,DARMEX AGRO,DARMEX AGRO,0.93633786,109.1686954,45,Operating,2014,"Establishment year based off secondary sources (e.g. website, corporate report, etc)",BENGKAYANG,ID-6102,KALIMANTAN BARAT
M-01171,PO1000010024,INDOGUNTA,PERDANA SAWIT PLANTATION,ARGO MULYO,0.5035807,111.4889496,60,Operating,2017,Establishment year based on other government record of establishment (e.g. Permit database),SINTANG,ID-6107,KALIMANTAN BARAT
M-01172,PO1000010050,HPI-AGRO (DJARUM),KAPUAS RIMBA SEJAHTERA,RUAI,0.613359603,109.9314355,30,Operating,2016,"Establishment year based off secondary sources (e.g. website, corporate report, etc)",LANDAK,ID-6103,KALIMANTAN BARAT
M-01173,PO1000009356,SINAR MAS,KRESNA DUTA AGROINDO,RANTAU PANJANG,0.970765775,116.8282375,30,Operating,2015,Establishment year imputed based on Dinas Perkebunan Plantation Statistics reports (e.g. first year a mill appears in a Dinas Perkebunan Plantation Statistics report),KUTAI TIMUR,ID-6404,KALIMANTAN TIMUR
M-01176,PO1000010046,KPN CORP,SAWIT UNGGUL AGRO NIAGA,SAWIT UNGGUL AGRO NIAGA,-0.351136932,117.3936215,30,Operating,2017,Establishment year imputed based on Dinas Perkebunan Plantation Statistics reports (e.g. first year a mill appears in a Dinas Perkebunan Plantation Statistics report),KUTAI KARTANEGARA,ID-6403,KALIMANTAN TIMUR
M-01179,PO1000007436,JHONLIN,ADISURYA CIPTA LESTARI,BUKIT TALIUD,-3.452211508,115.6421614,30,Operating,2017,"Establishment year based off secondary sources (e.g. website, corporate report, etc)",TANAH BUMBU,ID-6310,KALIMANTAN SELATAN
M-01181,PO1000009021,AGRINA,KHARISMA ALAM PERSADA,KHARISMA ALAM PERSADA 2,-2.928788435,114.9514431,45,Operating,2018,"Establishment year based off secondary sources (e.g. website, corporate report, etc)",TAPIN,ID-6305,KALIMANTAN SELATAN
M-01182,PO1000005203,ASTRA AGRO LESTARI,SURYAINDAH NUSANTARA PAGI,SURYAINDAH NUSANTARA PAGI,-2.255,111.976,45,Operating,2008,Establishment year based on dinas perkebunan record of establishment (e.g. Dinas Perkebunan Plantation Statistics report of establishment dates),KOTAWARINGIN BARAT,ID-6201,KALIMANTAN TENGAH
M-01183,PO1000006370,ASAM JAWA,SAWIT MAS NUGRAHA PERDANA,SAWIT MAS NUGRAHA PERDANA,-2.653977272,112.2459108,30,Operating,2013,Establishment year based on dinas perkebunan record of establishment (e.g. Dinas Perkebunan Plantation Statistics report of establishment dates),SERUYAN,ID-6208,KALIMANTAN TENGAH
M-01184,PO1000010029,BEST INDUSTRY,WANA SAWIT SUBUR LESTARI,WANA SAWIT SUBUR LESTARI 2,-2.621535392,112.0981454,90,Operating,2012,Establishment year based on dinas perkebunan record of establishment (e.g. Dinas Perkebunan Plantation Statistics report of establishment dates),SERUYAN,ID-6208,KALIMANTAN TENGAH
M-01185,PO1000008431,BEST INDUSTRY,TUNAS AGRO SUBUR KENCANA,TUNAS AGRO SUBUR KENCANA,-1.828558806,112.9131301,120,Operating,2008,Establishment year based on dinas perkebunan record of establishment (e.g. Dinas Perkebunan Plantation Statistics report of establishment dates),KOTAWARINGIN TIMUR,ID-6202,KALIMANTAN TENGAH
M-01186,PO1000006227,BEST INDUSTRY,BANGUN JAYA ALAM PERMAI,BANGUN JAYA ALAM PERMAI PKS 1,-2.299484688,111.9734252,120,Operating,2004,Establishment year based on dinas perkebunan record of establishment (e.g. Dinas Perkebunan Plantation Statistics report of establishment dates),KOTAWARINGIN BARAT,ID-6201,KALIMANTAN TENGAH
M-01187,PO1000007396,MUSIM MAS,MULTI PERSADA GATRA MEGAH,MULTI PERSADA GATRA MEGAH,-0.770692145,114.7406644,45,Operating,2017,Establishment year based on dinas perkebunan record of establishment (e.g. Dinas Perkebunan Plantation Statistics report of establishment dates),BARITO UTARA,ID-6205,KALIMANTAN TENGAH
M-01188,PO1000010078,GENTING PLANTATIONS,GLOBALINDO AGUNG LESTARI,GLOBALINDO,-2.584944444,114.5944167,90,Operating,2016,Establishment year based on dinas perkebunan record of establishment (e.g. Dinas Perkebunan Plantation Statistics report of establishment dates),KAPUAS,ID-6203,KALIMANTAN TENGAH
M-01189,PO1000010043,BEST INDUSTRY,BANGUN JAYA ALAM PERMAI,BANGUN JAYA ALAM PERMAI PKS 2,-2.091890201,112.0405683,90,Operating,2015,Establishment year based on dinas perkebunan record of establishment (e.g. Dinas Perkebunan Plantation Statistics report of establishment dates),KOTAWARINGIN BARAT,ID-6201,KALIMANTAN TENGAH
M-01190,PO1000006984,SINAR MAS,AGROLESTARI SENTOSA,JALEMO,-1.349926721,113.5014771,60,Operating,2016,Establishment year based on dinas perkebunan record of establishment (e.g. Dinas Perkebunan Plantation Statistics report of establishment dates),GUNUNG MAS,ID-6211,KALIMANTAN TENGAH
M-01191,PO1000010026,WILMAR,SARANA TITIAN PERMATA,SARANA TITIAN PERMATA PKS 2,-2.90454554,112.6127659,60,Operating,2017,Establishment year based on dinas perkebunan record of establishment (e.g. Dinas Perkebunan Plantation Statistics report of establishment dates),SERUYAN,ID-6208,KALIMANTAN TENGAH
M-01192,PO1000009211,BUMITAMA GUNAJAYA AGRO (BGA),WINDU NABATINDO ABADI,SUNGAI CEMPAGA,-1.797998848,112.9854058,60,Operating,2011,Establishment year based on dinas perkebunan record of establishment (e.g. Dinas Perkebunan Plantation Statistics report of establishment dates),KOTAWARINGIN TIMUR,ID-6202,KALIMANTAN TENGAH
M-01193,PO1000010252,UNKNOWN,SEMPURNA SEJAHTERA,BAMBANGAN,4.162147086,117.7013581,30,Operating,2018,"Establishment year based off secondary sources (e.g. website, corporate report, etc)",NUNUKAN,ID-6504,KALIMANTAN UTARA
M-01194,PO1000010040,KARYA CANGGIH MANDIRI UTAMA (KCMU)/GAJAH TUNGGAL,LAMPUNG INTER PERTIWI,LAMPUNG INTER PERTIWI,-3.864732276,105.2861616,45,Operating,2006,Establishment year imputed based on Dinas Perkebunan Plantation Statistics reports (e.g. first year a mill appears in a Dinas Perkebunan Plantation Statistics report),MESUJI,ID-1811,LAMPUNG
M-01195,PO1000009014,DARMEX AGRO,KENCANA AMAL TANI,KENCANA AMAL TANI,-0.639240868,102.4929351,45,Operating,2004,"Mill known to exist in 2004 (source: Golder Associates (2006). Appendix VIII: Summary of Renewable Potential in Indonesia POM, Retrieved October 10, 2018, http://www.adb.org/Documents/Reports/Consulta nt/46557-INO/36557-INO-TACR- AppendixVIII.pdf)",INDRAGIRI HULU,ID-1402,RIAU
M-01196,PO1000010048,KPN CORP,TH INDO PLANTATIONS,RAMIN,0.24544623,102.9783191,45,Operating,2008,Establishment year imputed based on Dinas Perkebunan Plantation Statistics reports (e.g. first year a mill appears in a Dinas Perkebunan Plantation Statistics report),PELALAWAN,ID-1404,RIAU
M-01197,PO1000010253,KPN CORP,TH INDO PLANTATIONS,TEMBUSU,0.196928929,103.0098144,20,Operating,2009,"Establishment year based off secondary sources (e.g. website, corporate report, etc)",INDRAGIRI HILIR,ID-1403,RIAU
M-01198,PO1000010254,KPN CORP,TH INDO PLANTATIONS,JATI,0.106017693,103.1704128,30,Operating,2008,Establishment year imputed based on Dinas Perkebunan Plantation Statistics reports (e.g. first year a mill appears in a Dinas Perkebunan Plantation Statistics report),INDRAGIRI HILIR,ID-1403,RIAU
M-01199,PO1000010255,KPN CORP,TH INDO PLANTATIONS,AGATHIS,0.10319451,103.0344454,30,Operating,2011,"Establishment year based off secondary sources (e.g. website, corporate report, etc)",INDRAGIRI HILIR,ID-1403,RIAU
M-01200,PO1000011184,PERMATA HIJAU,PELITA AGUNG AGRINDUSTRI,PELITA AGUNG AGRINDUSTRI,1.429364,101.1889,60,Operating,2006,"Establishment year based off secondary sources (e.g. website, corporate report, etc)",BENGKALIS,ID-1408,RIAU
M-01201,PO1000010057,PANCA PUTRA GANDA,TOR GANDA,CINDUR,1.444445573,100.3365055,15,Operating,2013,Establishment year imputed based on Dinas Perkebunan Plantation Statistics reports (e.g. first year a mill appears in a Dinas Perkebunan Plantation Statistics report),ROKAN HILIR,ID-1409,RIAU
M-01202,PO1000004080,META EPSI,ANDIRA AGRO,ANDIRA AGRO,-2.788187925,105.0960242,45,Operating,2010,Establishment year imputed based on Dinas Perkebunan Plantation Statistics reports (e.g. first year a mill appears in a Dinas Perkebunan Plantation Statistics report),BANYUASIN,ID-1607,SUMATERA SELATAN
M-01203,PO1000010041,CAHAYA PUTIH,SUMBER WANGI ALAM,SUMBER WANGI ALAM,-3.845637383,105.1897907,15,Operating,2005,Establishment year imputed based on Dinas Perkebunan Plantation Statistics reports (e.g. first year a mill appears in a Dinas Perkebunan Plantation Statistics report),OGAN KOMERING ILIR,ID-1602,SUMATERA SELATAN
M-01204,PO1000009588,MINANGA,MINANGA OGAN,SEI INAI,-4.06304004,104.1302465,60,Operating,2013,"Establishment year based off secondary sources (e.g. website, corporate report, etc)",OGAN KOMERING ULU,ID-1601,SUMATERA SELATAN
M-01205,PO1000010038,RAJAWALI NUSANTARA INDONESIA (RNI),MITRA OGAN,PKS II,-3.9123887,104.3281396,30,Operating,2005,"Establishment year based off secondary sources (e.g. website, corporate report, etc)",OGAN KOMERING ULU,ID-1601,SUMATERA SELATAN
M-01206,PO1000010074,UNKNOWN,SINAR UTAMA NABATI,SINAR UTAMA NABATI,-0.391060452,101.4175136,45,Operating,2017,"Establishment year based off secondary sources (e.g. website, corporate report, etc)",KUANTAN SINGINGI,ID-1401,RIAU
M-01208,PO1000010256,SINAR JAYA AGRO INVESTAMA (SJAI),GAJAH SAKTI SAWIT,GAJAH SAKTI SAWIT,-2.867818,101.43663,45,Operating,2018,"Establishment year based off secondary sources (e.g. website, corporate report, etc)",MUKO-MUKO,ID-1706,BENGKULU
M-01209,PO1000010042,UNKNOWN,SELATAN AGUNG SEJAHTERA,SELATAN AGUNG SEJAHTERA,-3.168996,103.10575,60,Operating,2018,"Earliest year mill found to exist based on photo-interpretation of high-resolution satellite imagery, manufacturing census data, traceability reports and other secondary sources (or combination of these sources)",MUSI RAWAS,ID-1605,SUMATERA SELATAN
M-01210,PO1000010257,ADIMULIA,ADIMULIA PALMO LESTARI,ADIMULIA PALMO LESTARI,-1.706087,102.782404,45,Operating,2018,"Earliest year mill found to exist based on photo-interpretation of high-resolution satellite imagery, manufacturing census data, traceability reports and other secondary sources (or combination of these sources)",BATANG HARI,ID-1504,JAMBI
M-01211,PO1000010016,UNKNOWN,PALMA GEMILANG KENCANA,PALMA GEMILANG KENCANA,-1.298552,103.48644,45,Operating,2018,"Establishment year based off secondary sources (e.g. website, corporate report, etc)",TANJUNG JABUNG TIMUR,ID-1506,JAMBI
M-01212,PO1000009025,UNKNOWN,CIPTA TUMBUH BERBUAH,CIPTA TUMBUH BERBUAH,-0.290032,109.587613,45,Operating,2018,"Establishment year based off secondary sources (e.g. website, corporate report, etc)",KUBU RAYA,ID-6112,KALIMANTAN BARAT
M-01213,PO1000009557,PTPN III,PERKEBUNAN NUSANTARA XIV,LUWU,-2.615758,120.654783,30,Operating,1992,"Establishment year based off secondary sources (e.g. website, corporate report, etc)",LUWU TIMUR,ID-7325,SULAWESI SELATAN
M-01214,PO1000010077,GAHARU CORP,PRATAMA UNGGUL SEJAHTERA,PRATAMA UNGGUL SEJAHTERA,-2.848872,107.617075,45,Operating,2017,"Establishment year based off secondary sources (e.g. website, corporate report, etc)",BELITUNG,ID-1902,KEP. BANGKA BELITUNG
M-01215,PO1000010258,BUANA SRIWIJAYA SEJAHTERA (BSS),SRI ANDAL LESTARI,SRI ANDAL LESTARI,-2.785727,104.362489,60,Operating,2017,"Establishment year based off secondary sources (e.g. website, corporate report, etc)",BANYUASIN,ID-1607,SUMATERA SELATAN
M-01216,PO1000010007,MENTHOBI KARYATAMA RAYA (MKTR),KHATULISTIWA SINERGI OMNIDAYA,KHATULISTIWA SINERGI OMNIDAYA,-2.220946,111.458937,30,Operating,2017,"Establishment year based off secondary sources (e.g. website, corporate report, etc)",LAMANDAU,ID-6207,KALIMANTAN TENGAH
M-01217,PO1000010047,UNKNOWN,AGRINDO SAWIT MANDIRI,AGRINDO SAWIT MANDIRI,-2.347605,112.304779,45,Operating,2018,"Establishment year based off secondary sources (e.g. website, corporate report, etc)",SERUYAN,ID-6208,KALIMANTAN TENGAH
M-01218,PO1000008155,ROYAL GOLDEN EAGLE,MITRA UNGGUL PUSAKA,PENARIKAN,0.193358,101.795075,45,Operating,2018,Establishment year imputed based on Dinas Perkebunan Plantation Statistics reports (e.g. first year a mill appears in a Dinas Perkebunan Plantation Statistics report),PELALAWAN,ID-1404,RIAU
M-01219,PO1000009020,UNKNOWN,MULIA TANI JAYA,MULIA TANI JAYA,3.8665,98.3549,30,Operating,2017,Establishment year based on other government record of establishment (e.g. Permit database),LANGKAT,ID-1213,SUMATERA UTARA
M-01220,PO1000009355,UNKNOWN,MUTIARA SAWIT LESTARI,MUTIARA SAWIT LESTARI,4.8285,97.839944,45,Operating,2017,"Establishment year based off secondary sources (e.g. website, corporate report, etc)",ACEH TIMUR,ID-1105,ACEH
M-01221,PO1000009409,TSH RESOURCES,ANDALAS WAHANA BERJAYA,ANDALAS WAHANA BERJAYA,-1.1193889,101.551222,60,Operating,2017,"Establishment year based off secondary sources (e.g. website, corporate report, etc)",DHARMASRAYA,ID-1311,SUMATERA BARAT
M-01222,PO1000009559,UNKNOWN,KURNIA BATANG HARI BERJAYA,KURNIA BATANG HARI BERJAYA,-1.788731,103.079706,60,Operating,2018,"Establishment year based off secondary sources (e.g. website, corporate report, etc)",BATANG HARI,ID-1504,JAMBI
M-01223,PO1000009567,UNKNOWN,SAWIT INTI PRIMA PERKASA,SAWIT INTI PRIMA PERKASA,1.254767,101.153567,30,Operating,2017,"Establishment year based off secondary sources (e.g. website, corporate report, etc)",BENGKALIS,ID-1408,RIAU
M-01224,PO1000010012,UNKNOWN,BERKAT SAWIT SUKAMAJU,BERKAT SAWIT SUKAMAJU,-2.674508,104.07935,30,Operating,2018,"Establishment year based off secondary sources (e.g. website, corporate report, etc)",MUSI BANYUASIN,ID-1606,SUMATERA SELATAN
M-01225,PO1000010014,UNKNOWN,ERASAKTI WIRAFORESTAMA,ERASAKTI WIRA FORESTAMA 3,-1.518977,103.636972,90,Operating,2016,"Earliest year mill found to exist based on photo-interpretation of high-resolution satellite imagery, manufacturing census data, traceability reports and other secondary sources (or combination of these sources)",MUARO JAMBI,ID-1505,JAMBI
M-01226,PO1000010030,UNKNOWN,SUMBER BUMI SAWIT JADI RAYA,SUMBER BUMI SAWIT JADI RAYA,2.8025,99.2025,30,Operating,2018,"Establishment year based off secondary sources (e.g. website, corporate report, etc)",SIMALUNGUN,ID-1209,SUMATERA UTARA
M-01227,PO1000010039,UNKNOWN,GIGA PUTRA PERKASA,GIGA ROKAN RIAU,0.421039,100.814372,60,Operating,2018,"Earliest year mill found to exist based on photo-interpretation of high-resolution satellite imagery, manufacturing census data, traceability reports and other secondary sources (or combination of these sources)",ROKAN HULU,ID-1407,RIAU
M-01228,PO1000010044,UNKNOWN,JAYA AGRO MANDIRI,JAYA AGRO MANDIRI,-4.860676,104.940247,30,Operating,2009,"Earliest year mill found to exist based on photo-interpretation of high-resolution satellite imagery, manufacturing census data, traceability reports and other secondary sources (or combination of these sources)",LAMPUNG UTARA,ID-1806,LAMPUNG
M-01230,PO1000010049,WIDYA,MANAKARRA UNGGUL LESTARI,LELING,-2.200428,119.431559,45,Operating,2013,"Establishment year based off secondary sources (e.g. website, corporate report, etc)",MAMUJU,ID-7604,SULAWESI BARAT
M-01231,PO1000010052,SK PLUS,PRIMA MAS LESTARI,PRIMA MAS LESTARI,-1.707144,102.160727,45,Operating,2018,"Establishment year based off secondary sources (e.g. website, corporate report, etc)",BUNGO,ID-1509,JAMBI
M-01232,PO1000010056,PANCADAYA PERKASA,ALAM PERMAI MAKMUR RAYA,ALAM PERMAI MAKMUR RAYA,-1.0989,116.6137,45,Operating,2018,"Establishment year based off secondary sources (e.g. website, corporate report, etc)",PENAJAM PASER UTARA,ID-6409,KALIMANTAN TIMUR
M-01233,PO1000010062,UNKNOWN,CAHAYA UNGGUL PRIMA,CAHAYA UNGGUL PRIMA,0.46372,111.34469,45,Operating,2019,"Establishment year based off secondary sources (e.g. website, corporate report, etc)",SINTANG,ID-6107,KALIMANTAN BARAT
M-01234,PO1000010065,SUMBER TANI AGUNG (STA),KARYA AGUNG SAWITA,PAPASO,0.8944848,100.1118054,60,Operating,2018,"Establishment year based off secondary sources (e.g. website, corporate report, etc)",PADANG LAWAS,ID-1221,SUMATERA UTARA
M-01235,PO1000010069,SK PLUS,PERMATA NUSA SEJATI,PERMATA NUSA SEJATI,4.173797,117.444342,45,Operating,2018,"Establishment year based off secondary sources (e.g. website, corporate report, etc)",NUNUKAN,ID-6504,KALIMANTAN UTARA
M-01236,PO1000010075,SIN TEK HUAT,GLOBALINDO AGRO LESTARI,BANYUASIH,-6.628,105.62525,30,Operating,2017,"Earliest year mill found to exist based on photo-interpretation of high-resolution satellite imagery, manufacturing census data, traceability reports and other secondary sources (or combination of these sources)",PANDEGLANG,ID-3601,BANTEN
M-01237,PO1000010076,UNKNOWN,DANG MERDU BERJAYA,DANG MERDU BERJAYA,-3.181898,104.58712,,Operating,2009,"Earliest year mill found to exist based on photo-interpretation of high-resolution satellite imagery, manufacturing census data, traceability reports and other secondary sources (or combination of these sources)",OGAN ILIR,ID-1610,SUMATERA SELATAN
M-01238,PO1000010010,SAWIT LESTARI,PRIMANUSA GLOBAL LESTARI,PRIMANUSA GLOBAL LESTARI,-1.9925023,119.3176086,60,Operating,2018,"Establishment year based off secondary sources (e.g. website, corporate report, etc)",MAMUJU TENGAH,ID-7606,SULAWESI BARAT
M-01239,PO1000010015,UNKNOWN,SURYA SUMBER SAWIT ABADI,SURYA SUMBER SAWIT ABADI,-1.471122,102.62099,60,Operating,2018,"Establishment year based off secondary sources (e.g. website, corporate report, etc)",TEBO,ID-1508,JAMBI
M-01240,PO1000010028,UNKNOWN,BALAM SAWIT SEJAHTERA,BALAM SAWIT SEJAHTERA,1.697444,100.684667,45,Operating,2017,"Establishment year based off secondary sources (e.g. website, corporate report, etc)",ROKAN HILIR,ID-1409,RIAU
M-01241,PO1000006362,KARYAMAS PLANTATION,KAPUASINDO PALM INDUSTRY,SUNGAI TAWANG,0.784071,111.777027,120,Operating,2017,"Earliest year mill found to exist based on photo-interpretation of high-resolution satellite imagery, manufacturing census data, traceability reports and other secondary sources (or combination of these sources)",KAPUAS HULU,ID-6108,KALIMANTAN BARAT
M-01242,PO1000013512,MENTHOBI KARYATAMA RAYA (MKTR),MENTHOBI MAKMUR LESTARI,MENTHOBI MAKMUR LESTARI,-2.247774,111.431036,30,Operating,2018,"Establishment year based off secondary sources (e.g. website, corporate report, etc)",LAMANDAU,ID-6207,KALIMANTAN TENGAH
M-01243,PO1000011159,PTPN III,AGRO SINERGI NUSANTARA,BATEE PUTEH,4.453511,95.927442,30,Operating,2017,"Establishment year based off secondary sources (e.g. website, corporate report, etc)",ACEH JAYA,ID-1116,ACEH
M-01244,NA,UNKNOWN,CIPTA SAWITA JAYA CEMERLANG,CIPTA SAWITA JAYA CEMERLANG,3.20228,99.061712,30,Operating,2017,"Establishment year based off secondary sources (e.g. website, corporate report, etc)",SERDANG BEDAGAI,ID-1218,SUMATERA UTARA
M-01245,PO1000011174,DHANISTHA SURYA NUSANTARA,MULIA BHAKTI KAHURIPAN,KENAYA,-0.956916,110.4042,30,Operating,2019,"Establishment year based off secondary sources (e.g. website, corporate report, etc)",KETAPANG,ID-6106,KALIMANTAN BARAT
M-01246,PO1000010815,WILMAR,AGRONUSA INVESTAMA,AGRONUSA INVESTAMA 3,1.421448,109.537279,30,Operating,2018,"Establishment year based off secondary sources (e.g. website, corporate report, etc)",SAMBAS,ID-6101,KALIMANTAN BARAT
M-01247,NA,GENTING PLANTATIONS,VARITA MAJUTAMA,VARITA MAJUTAMA,-2.583533,133.221722,90,Operating,2010,"Earliest year mill found to exist based on photo-interpretation of high-resolution satellite imagery, manufacturing census data, traceability reports and other secondary sources (or combination of these sources)",TELUK BINTUNI,ID-9104,PAPUA BARAT
M-01248,PO1000011477,EAGLE HIGH PLANTATIONS,TANDAN SAWITA PAPUA,TULIP,-2.866472,140.880551,60,Operating,2018,"Establishment year based off secondary sources (e.g. website, corporate report, etc)",KEEROM,ID-9420,PAPUA
M-01249,PO1000010882,BUKIT BERLIAN,AGRO ARTHA SURYA,AGRO ARTHA SURYA,0.748525,122.431052,45,Operating,2018,"Establishment year based off secondary sources (e.g. website, corporate report, etc)",BOALEMO,ID-7501,GORONTALO
M-01250,NA,UNKNOWN,JAS MULIA,SUKAMAJU,-2.571929,120.431743,30,Operating,2017,"Establishment year based off secondary sources (e.g. website, corporate report, etc)",LUWU UTARA,ID-7322,SULAWESI SELATAN
M-01251,PO1000010793,UNKNOWN,IKA BINA AGRO WISESA,IKA BINA AGRO WISESA,5.132995,97.090792,30,Operating,2019,"Establishment year based off secondary sources (e.g. website, corporate report, etc)",ACEH UTARA,ID-1111,ACEH
M-01252,PO1000011263,UNKNOWN,BERSAMA OESAHA SARAGIH SEJAHTERA,BERSAMA OESAHA SARAGIH SEJAHTERA,3.209839,98.884306,30,Operating,2018,"Establishment year based off secondary sources (e.g. website, corporate report, etc)",SIMALUNGUN,ID-1209,SUMATERA UTARA
M-01253,PO1000014641,KORINDO,DONGIN PRABHAWA,POP-M,-7.38683,139.732337,75,Operating,2016,"Establishment year based off secondary sources (e.g. website, corporate report, etc)",MERAUKE,ID-9401,PAPUA
M-01254,PO1000014163,KORINDO,BERKAT CIPTA ABADI,POP-C,-6.857339,140.513259,100,Operating,2017,"Earliest year mill found to exist based on photo-interpretation of high-resolution satellite imagery, manufacturing census data, traceability reports and other secondary sources (or combination of these sources)",MERAUKE,ID-9401,PAPUA
M-01255,PO1000011406,GOODHOPE,NABIRE BARU,NABIRE BARU,-3.461406,135.255822,45,Operating,2019,"Establishment year based off secondary sources (e.g. website, corporate report, etc)",NABIRE,ID-9404,PAPUA
M-01256,PO1000010944,KPN CORP,GRAHA AGRO NUSANTARA,GRAHA AGRO NUSANTARA,-0.083792,109.700685,60,Operating,2018,"Establishment year based off secondary sources (e.g. website, corporate report, etc)",KUBU RAYA,ID-6112,KALIMANTAN BARAT
M-01257,PO1000011913,UNKNOWN,GUNUNG RINJUAN SEJAHTERA,GUNUNG RINJUAN SEJAHTERA,0.360378,109.365598,30,Operating,2019,"Establishment year based off secondary sources (e.g. website, corporate report, etc)",LANDAK,ID-6103,KALIMANTAN BARAT
M-01258,PO1000011194,UNKNOWN,KENCANA AGRO PERSADA,KENCANA AGRO PERSADA,0.607024,101.240552,45,Operating,2019,"Establishment year based off secondary sources (e.g. website, corporate report, etc)",KAMPAR,ID-1406,RIAU
M-01259,PO1000010795,CB INDUSTRIAL PRODUCT HOLDING BHD (CBIP),BERKALA MAJU BERSAMA,MANUHING,-1.459937,113.397689,45,Operating,2019,"Establishment year based off secondary sources (e.g. website, corporate report, etc)",GUNUNG MAS,ID-6211,KALIMANTAN TENGAH
M-01260,PO1000011166,KPN CORP,WAHANA KARYA SEJAHTERA MANDIRI,WAHANA KARYA SEJAHTERA MANDIRI,-2.1104556,119.3349683,45,Operating,2018,"Establishment year based off secondary sources (e.g. website, corporate report, etc)",MAMUJU TENGAH,ID-7606,SULAWESI BARAT
M-01261,PO1000011319,PTPN III,SINERGI PERKEBUNAN NUSANTARA,TOMATA,-1.9895853,121.011422,30,Operating,2017,"Establishment year based off secondary sources (e.g. website, corporate report, etc)",MOROWALI UTARA,ID-7212,SULAWESI TENGAH
M-01262,NA,KALIMANTAN PLANTATION UNIT (KPU),RIMBA MATOA LESTARI,RIMBA MATOA LESTARI,-2.457118,139.90691,45,Operating,2017,"Establishment year based off secondary sources (e.g. website, corporate report, etc)",JAYAPURA,ID-9403,PAPUA
M-01263,PO1000010802,DHARMA SATYA NUSANTARA (DSN),AGRO ANDALAN,POM 8,-0.102946,111.029222,30,Operating,2019,"Establishment year based off secondary sources (e.g. website, corporate report, etc)",SEKADAU,ID-6109,KALIMANTAN BARAT
M-01264,PO1000010735,POSCO INTERNATIONAL,BIO INTI AGRINDO,PKS 1,-6.961821,140.514451,60,Operating,2017,"Establishment year based off secondary sources (e.g. website, corporate report, etc)",MERAUKE,ID-9401,PAPUA
M-01265,PO1000012465,UNKNOWN,BUMI MAJU SAWIT,BUMI MAJU SAWIT,-2.4557815,120.9455698,30,Operating,2008,"Establishment year based off secondary sources (e.g. website, corporate report, etc)",LUWU TIMUR,ID-7325,SULAWESI SELATAN
M-01266,PO1000016374,WIDYA,UNGGUL WIDYA TEKNOLOGI LESTARI,AGRIBARAS,-1.521051,119.433931,45,Operating,2013,"Earliest year mill found to exist based on photo-interpretation of high-resolution satellite imagery, manufacturing census data, traceability reports and other secondary sources (or combination of these sources)",MAMUJU UTARA,ID-7605,SULAWESI BARAT
M-01267,PO1000010794,KEMINDO,KHARISMA WIRAJAYA PALMA,KHARISMA WIRAJAYA PALMA,0.825361,100.91525,45,Operating,2017,"Establishment year based off secondary sources (e.g. website, corporate report, etc)",KAMPAR,ID-1406,RIAU
M-01268,PO1000011193,BUMI GADING PRIMA (BGP),GADING SAWIT KENCANA,GADING SAWIT KENCANA,-2.510437,112.554112,45,Operating,2019,"Establishment year based off secondary sources (e.g. website, corporate report, etc)",KOTAWARINGIN TIMUR,ID-6202,KALIMANTAN TENGAH
M-01269,PO1000011195,UNITED MALACCA BHD (UMB),LIFERE AGRO KAPUAS,ARWANA,-2.739941,114.456954,45,Operating,2019,"Establishment year based off secondary sources (e.g. website, corporate report, etc)",KAPUAS,ID-6203,KALIMANTAN TENGAH
M-01270,PO1000010883,ROYAL GOLDEN EAGLE,SAWIT JAMBI LESTARI,RANTAU GEDANG,-1.531916,102.905037,60,Operating,2018,"Establishment year based off secondary sources (e.g. website, corporate report, etc)",BATANG HARI,ID-1504,JAMBI
M-01271,PO1000010805,UNKNOWN,KARYA HEVEA INDONESIA,KARYA HEVEA INDONESIA,3.374415,99.018957,20,Operating,2018,"Establishment year based off secondary sources (e.g. website, corporate report, etc)",SERDANG BEDAGAI,ID-1218,SUMATERA UTARA
M-01272,PO1000011557,UNKNOWN,SURYA SAWIT SEJAHTERA,SURYA SAWIT SEJAHTERA,-2.598634,120.565274,45,Operating,2019,"Establishment year based off secondary sources (e.g. website, corporate report, etc)",LUWU UTARA,ID-7322,SULAWESI SELATAN
M-01273,PO1000015586,MAHITALA INGKENG GEMAH (MIG),MERBAUJAYA INDAHRAYA,KENDARI,-4.336712,122.439752,60,Operating,2019,"Establishment year based off secondary sources (e.g. website, corporate report, etc)",KONAWE SELATAN,ID-7405,SULAWESI TENGGARA
M-01274,PO1000011182,UNKNOWN,MUSTIKA AGUNG SAWIT GEMILANG,MUSTIKA AGUNG SAWIT GEMILANG,-0.52523,101.992889,45,Operating,2019,"Establishment year based off secondary sources (e.g. website, corporate report, etc)",INDRAGIRI HULU,ID-1402,RIAU
M-01277,PO1000010791,SAWIT LESTARI,AWANA SAWIT LESTARI,AWANA SAWIT LESTARI,-1.705362,119.30939,45,Operating,2019,"Establishment year based off secondary sources (e.g. website, corporate report, etc)",MAMUJU UTARA,ID-7605,SULAWESI BARAT
M-01278,PO1000011179,SUMBER TANI AGUNG (STA),MADINA AGROLESTARI,SIKAPAS,1.217038,98.895173,60,Operating,2019,"Establishment year based off secondary sources (e.g. website, corporate report, etc)",MANDAILING NATAL,ID-1202,SUMATERA UTARA
M-01279,PO1000010806,KENCANA AGRI,DELTA SUBUR PERMAI,DELTA SUBUR PERMAI,-1.216084,122.518494,30,Operating,2019,"Establishment year based off secondary sources (e.g. website, corporate report, etc)",BANGGAI,ID-7202,SULAWESI TENGAH
M-01281,PO1000013777,UNKNOWN,PD PERKEBUNAN SUMATERA UTARA,SIMPANG GAMBIR,0.596173,99.299786,30,Operating,2011,"Establishment year based off secondary sources (e.g. website, corporate report, etc)",MANDAILING NATAL,ID-1202,SUMATERA UTARA
M-01282,NA,UNKNOWN,RAJA MARGA,SINABANG,2.587551,96.081865,30,Operating,2018,"Establishment year based off secondary sources (e.g. website, corporate report, etc)",SIMEULUE,ID-1101,ACEH
M-01283,NA,NUSAINA,NUSA INA,NUSA INA,-2.903052,129.799361,30,Operating,2018,"Establishment year based off secondary sources (e.g. website, corporate report, etc)",MALUKU TENGAH,ID-8103,MALUKU
M-01284,NA,PANCA PUTRA GANDA,TOR GANDA,BUKIT HARAPAN I,1.472882,100.12722,60,Operating,2013,"Earliest year mill found to exist based on photo-interpretation of high-resolution satellite imagery, manufacturing census data, traceability reports and other secondary sources (or combination of these sources)",PADANG LAWAS UTARA,ID-1220,SUMATERA UTARA
M-01285,PO1000010811,SAGO NAULI,TRI BAHTERA SRIKANDI,ANGGOLI,1.538178,98.985872,45,Operating,2019,"Establishment year based off secondary sources (e.g. website, corporate report, etc)",TAPANULI TENGAH,ID-1204,SUMATERA UTARA
M-01286,PO1000011556,UNKNOWN,MERLUNG INTI LESTARI,MERLUNG INTI LESTARI,-1.328548,103.273748,30,Operating,2019,"Establishment year based off secondary sources (e.g. website, corporate report, etc)",MUARO JAMBI,ID-1505,JAMBI
M-01287,PO1000011180,UNKNOWN,TIAN TUJUHPULUH UTAMA,TIAN TUJUHPULUH UTAMA,1.684059,100.533512,30,Operating,2019,"Establishment year based off secondary sources (e.g. website, corporate report, etc)",ROKAN HILIR,ID-1409,RIAU
M-01288,PO1000010796,SK PLUS,PALMA AGROINDO MANDIRI,PALMA AGROINDO MANDIRI,-2.382507,111.308306,60,Operating,2019,"Establishment year based off secondary sources (e.g. website, corporate report, etc)",KOTAWARINGIN BARAT,ID-6201,KALIMANTAN TENGAH
M-01289,PO1000011188,DHANISTHA SURYA NUSANTARA,PERTIWI LENGGARA AGROMAS,PERDANA,-2.199698,110.813842,60,Operating,2019,"Establishment year based off secondary sources (e.g. website, corporate report, etc)",KETAPANG,ID-6106,KALIMANTAN BARAT
M-01290,PO1000010240,DHARMA SATYA NUSANTARA (DSN),KARYA PRIMA AGRO SEJAHTERA,POM 7,1.283797,116.914374,60,Operating,2017,"Establishment year based off secondary sources (e.g. website, corporate report, etc)",KUTAI TIMUR,ID-6404,KALIMANTAN TIMUR
M-01291,PO1000011311,ASTRA AGRO LESTARI,SAWIT JAYA ABADI,SAWIT JAYA ABADI 2,-1.959153,120.829501,30,Operating,2016,"Establishment year based off secondary sources (e.g. website, corporate report, etc)",POSO,ID-7204,SULAWESI TENGAH
M-01292,NA,UNKNOWN,INDUK KOPERASI UNIT DESA,INDUK KOPERASI UNIT DESA,-1.691947,103.592431,5,Operating,2019,"Establishment year based off secondary sources (e.g. website, corporate report, etc)",MUARO JAMBI,ID-1505,JAMBI
M-01293,PO1000006247,UNKNOWN,MULTIAGRO SUMATERA JAYA,PULO DOGOM,2.567391,99.57839,30,Operating,2014,"Earliest year mill found to exist based on photo-interpretation of high-resolution satellite imagery, manufacturing census data, traceability reports and other secondary sources (or combination of these sources)",LABUHAN BATU UTARA,ID-1223,SUMATERA UTARA
M-01294,NA,UNKNOWN,LAURA SEGAR JAYA,LAURA SEGAR JAYA,4.137736,117.721172,15,Operating,2012,"Earliest year mill found to exist based on photo-interpretation of high-resolution satellite imagery, manufacturing census data, traceability reports and other secondary sources (or combination of these sources)",NUNUKAN,ID-6504,KALIMANTAN UTARA
M-01295,PO1000014236,PIPIT,NUNUKAN BARA SUKSES,SEBUKU,3.998315,116.822615,90,Operating,2019,"Establishment year based off secondary sources (e.g. website, corporate report, etc)",NUNUKAN,ID-6504,KALIMANTAN UTARA
M-01296,PO1000011591,PUPUK KALTIM,KALIMANTAN AGRO NUSANTARA,KALIMANTAN AGRO NUSANTARA,0.675594,117.22658,30,Operating,2020,"Establishment year based off secondary sources (e.g. website, corporate report, etc)",KUTAI TIMUR,ID-6404,KALIMANTAN TIMUR
M-01297,PO1000013517,UNKNOWN,BIYU IYAS MALELA,BIYU IYAS MALELA,3.28099,99.28925,20,Operating,2019,"Establishment year based off secondary sources (e.g. website, corporate report, etc)",BATU BARA,ID-1219,SUMATERA UTARA
M-01298,PO1000011558,UNKNOWN,KASMAR MATANO PERSADA,KASMAR MATANO PERSADA,-2.541617,120.30346,30,Operating,2020,"Establishment year based off secondary sources (e.g. website, corporate report, etc)",LUWU UTARA,ID-7322,SULAWESI SELATAN
M-01299,PO1000010807,HPI-AGRO (DJARUM),KIARA SAWIT ABADI,GELATIK,0.81729,111.01222,45,Operating,2019,"Establishment year based off secondary sources (e.g. website, corporate report, etc)",SINTANG,ID-6107,KALIMANTAN BARAT
M-01300,PO1000008641,KUALA LUMPUR KEPONG (KLK),LANGKAT NUSANTARA KEPONG,TANJUNG KELILING,3.511326,98.306438,80,Operating,2019,"Establishment year based off secondary sources (e.g. website, corporate report, etc)",LANGKAT,ID-1213,SUMATERA UTARA
M-01301,PO1000017929,INDOGUNTA,BERAU SAWIT SEJAHTERA,BERAU SAWIT SEJAHTERA,1.36092,117.07806,60,Operating,2019,Establishment year based on other government record of establishment (e.g. Permit database),KUTAI TIMUR,ID-6404,KALIMANTAN TIMUR
M-01302,PO1000011307,FANGIONO AGRO PLANTATION (FAP AGRI),BORNEO BHAKTI SEJAHTERA,BORNEO BHAKTI SEJAHTERA,0.493567,115.367221,60,Operating,2019,Establishment year based on other government record of establishment (e.g. Permit database),MAHAKAM ULU,ID-6411,KALIMANTAN TIMUR
M-01304,PO1000011305,TRIPUTRA AGRO PERSADA,NATURA PASIFIC NUSANTARA,NATURA PASIFIC NUSANTARA,2.248392,116.985773,30,Operating,2019,"Establishment year based off secondary sources (e.g. website, corporate report, etc)",BERAU,ID-6405,KALIMANTAN TIMUR
M-01305,PO1000011552,UNKNOWN,LANGKAT MAKMUR JAYA SAWITA,LANGKAT MAKMUR JAYA SAWITA,3.877333,98.34033,20,Operating,2020,"Establishment year based off secondary sources (e.g. website, corporate report, etc)",LANGKAT,ID-1213,SUMATERA UTARA
M-01306,PO1000012848,UNKNOWN,ARSI GRIYA PLANTATIONS,ARSI GRIYA PLANTATIONS,-2.861348,104.940869,15,Operating,2019,"Establishment year based off secondary sources (e.g. website, corporate report, etc)",BANYUASIN,ID-1607,SUMATERA SELATAN
M-01307,PO1000011554,KPN CORP,CITRA MAHKOTA,CITRA MAHKOTA,-0.356909,112.12835,60,Operating,2017,"Establishment year based off secondary sources (e.g. website, corporate report, etc)",SINTANG,ID-6107,KALIMANTAN BARAT
M-01308,PO1000011196,TRIPUTRA AGRO PERSADA,SUKSES KARYA MANDIRI,SUKSES KARYA MANDIRI,-2.188519,111.341834,45,Operating,2019,"Establishment year based off secondary sources (e.g. website, corporate report, etc)",SUKAMARA,ID-6206,KALIMANTAN TENGAH
M-01309,PO1000010808,PARNA RAYA,MITRA ANDALAN SEJAHTERA,MITRA ANDALAN SEJAHTERA,0.080256,109.277861,30,Operating,2019,"Establishment year based off secondary sources (e.g. website, corporate report, etc)",MEMPAWAH,ID-6104,KALIMANTAN BARAT
M-01310,PO1000011197,KPN CORP,AGRIPRIMA CIPTA PERSADA,AGRIPRIMA CIPTA PERSADA,-7.445166,140.504651,45,Operating,2019,"Establishment year based off secondary sources (e.g. website, corporate report, etc)",MERAUKE,ID-9401,PAPUA
M-01311,PO1000011917,FIRST RESOURCES,MITRA KARYA SENTOSA,MITRA KARYA SENTOSA,0.764622,110.668431,60,Operating,2020,Establishment year based on other government record of establishment (e.g. Permit database),SANGGAU,ID-6105,KALIMANTAN BARAT
M-01312,PO1000012846,FIRST RESOURCES,CITRA AGRO KENCANA,CITRA AGRO KENCANA,-0.472249,115.593392,60,Operating,2020,"Establishment year based off secondary sources (e.g. website, corporate report, etc)",KUTAI BARAT,ID-6402,KALIMANTAN TIMUR
M-01314,NA,MULIA SAWIT AGRO LESTARI (MSAL),PERSADA SEJAHTERA AGRO MAKMUR,PERSADA SEJAHTERA AGRO MAKMUR,-1.380493,113.060142,60,Operating,2020,"Establishment year based off secondary sources (e.g. website, corporate report, etc)",KATINGAN,ID-6209,KALIMANTAN TENGAH
M-01315,PO1000011992,SK PLUS,SELARAS MITRA SARIMBA,SELARAS MITRA SARIMBA,-1.412903,102.265927,30,Operating,2020,"Establishment year based off secondary sources (e.g. website, corporate report, etc)",TEBO,ID-1508,JAMBI
M-01316,PO1000011911,UNKNOWN,SAWIT JAYA MANDIRI LESTARI,SAWIT JAYA MANDIRI LESTARI,-0.442897,102.257218,45,Operating,2020,"Establishment year based off secondary sources (e.g. website, corporate report, etc)",INDRAGIRI HULU,ID-1402,RIAU
M-01317,PO1000015293,SINAR JAYA AGRO INVESTAMA (SJAI),UTAMA AGRINDO MAS,UTAMA AGRINDO MAS,-3.97481,122.272838,45,Operating,2019,"Establishment year based off secondary sources (e.g. website, corporate report, etc)",KONAWE,ID-7403,SULAWESI TENGGARA
M-01318,PO1000010945,DAMAI PLANTATION,SAMBOJA INTI PERKASA,SAMBOJA INTI PERKASA,-0.297022,111.64135,30,Operating,2018,"Establishment year based off secondary sources (e.g. website, corporate report, etc)",MELAWI,ID-6110,KALIMANTAN BARAT
M-01319,PO1000011306,DHARMA AGUNG WIJAYA (DAW),HANUSENTRA AGRO LESTARI,HANUSENTRA AGRO LESTARI,1.178108,117.901007,45,Operating,2019,"Establishment year based off secondary sources (e.g. website, corporate report, etc)",KUTAI TIMUR,ID-6404,KALIMANTAN TIMUR
M-01320,PO1000011553,UNKNOWN,GASING SAWIT ABADI,GASING SAWIT ABADI,-2.555336,104.768052,60,Operating,2020,"Establishment year based off secondary sources (e.g. website, corporate report, etc)",BANYUASIN,ID-1607,SUMATERA SELATAN
M-01321,PO1000012842,IJM PLANTATIONS BERHAD,PRIMA BAHAGIA PERMAI,PRIMA BAHAGIA PERMAI,2.672174,117.745799,60,Operating,2019,"Establishment year based off secondary sources (e.g. website, corporate report, etc)",BULUNGAN,ID-6502,KALIMANTAN UTARA
M-01322,NA,SALIM GROUP,HIJAUPERTIWI INDAH PLANTATIONS,LUPAK DALAM,-3.290455,114.266477,45,Operating,2020,"Establishment year based off secondary sources (e.g. website, corporate report, etc)",KAPUAS,ID-6203,KALIMANTAN TENGAH
M-01323,PO1000016378,UNKNOWN,MAKIN MAJU,MAKIN MAJU,3.806438,98.369344,,Operating,2014,"Earliest year mill found to exist based on photo-interpretation of high-resolution satellite imagery, manufacturing census data, traceability reports and other secondary sources (or combination of these sources)",LANGKAT,ID-1213,SUMATERA UTARA
M-01324,PO1000011301,WINGS AGRO,INTI SELARAS PERKASA,INTI SELARAS PERKASA,2.738416,117.208548,30,Operating,2019,"Establishment year based off secondary sources (e.g. website, corporate report, etc)",BULUNGAN,ID-6502,KALIMANTAN UTARA
M-01325,PO1000012424,UNKNOWN,WIJAYA BORNEO TIGANNA,BATANG KELUR,-2.842906,116.051245,20,Operating,2020,"Establishment year based off secondary sources (e.g. website, corporate report, etc)",KOTABARU,ID-6302,KALIMANTAN SELATAN
M-01326,PO1000015839,CITRA BORNEO INDAH (CBI),MENTENG KENCANA MAS,KANAMIT,-2.947801,114.182294,60,Operating,2019,"Establishment year based off secondary sources (e.g. website, corporate report, etc)",PULANG PISAU,ID-6210,KALIMANTAN TENGAH
M-01327,NA,BEST INDUSTRY,SURYA MAS CIPTA PERKASA,SURYA MAS CIPTA PERKASA 2,-3.151297,113.645131,60,Operating,2019,"Earliest year mill found to exist based on photo-interpretation of high-resolution satellite imagery, manufacturing census data, traceability reports and other secondary sources (or combination of these sources)",PULANG PISAU,ID-6210,KALIMANTAN TENGAH
M-01328,NA,BEST INDUSTRY,TUNAS AGRO SUBUR KENCANA,TUNAS AGRO SUBUR KENCANA 3,-2.250799,112.825632,75,Operating,2019,"Establishment year based off secondary sources (e.g. website, corporate report, etc)",KOTAWARINGIN TIMUR,ID-6202,KALIMANTAN TENGAH
M-01329,NA,CITRA BORNEO INDAH (CBI),MIRZA PRATAMA PUTRA,SUMBER CAHAYA,-1.957885,111.498094,60,Operating,2019,"Establishment year based off secondary sources (e.g. website, corporate report, etc)",LAMANDAU,ID-6207,KALIMANTAN TENGAH
M-01330,PO1000011318,SUNGAI BUDI,BUMI PERKASA GEMILANG,PKS 10,-0.3471673,109.6925559,45,Operating,2019,"Establishment year based off secondary sources (e.g. website, corporate report, etc)",KUBU RAYA,ID-6112,KALIMANTAN BARAT
M-01331,NA,DARMEX AGRO,WANA HIJAU SEMESTA,WANA HIJAU SEMESTA,1.514572,109.597111,60,Operating,2016,"Establishment year based off secondary sources (e.g. website, corporate report, etc)",SAMBAS,ID-6101,KALIMANTAN BARAT
M-01332,PO1000011198,UNKNOWN,BUMI KHATULISTIWA MANDIRI,BUMI KHATULISTIWA MANDIRI,-3.274456,105.814332,30,Operating,2019,"Establishment year based off secondary sources (e.g. website, corporate report, etc)",OGAN KOMERING ILIR,ID-1602,SUMATERA SELATAN
M-01333,NA,INCASI RAYA (GUNAS),TRANSCO ENERGI UTAMA,TRANSCO ENERGI UTAMA,-2.063254,101.00628,60,Operating,2018,"Establishment year based off secondary sources (e.g. website, corporate report, etc)",PESISIR SELATAN,ID-1302,SUMATERA BARAT
M-01334,NA,JATINOM INDAH,SAWIT ARUM MADANI,SAWIT ARUM MADANI,-8.15099,112.224573,15,Operating,2016,"Establishment year based off secondary sources (e.g. website, corporate report, etc)",BLITAR,ID-3505,JAWA TIMUR
M-01335,NA,UNKNOWN,SEJAHTERA MAKMUR SEJATI,SEJAHTERA MAKMUR SEJATI,4.033168,98.23619,,Operating,2016,"Establishment year based off secondary sources (e.g. website, corporate report, etc)",LANGKAT,ID-1213,SUMATERA UTARA
M-01336,PO1000011309,IKHASAS,RAFI KAMAJAYA ABADI,RAFI KAMAJAYA ABADI,-0.241347,111.620812,45,Operating,2020,"Establishment year based off secondary sources (e.g. website, corporate report, etc)",MELAWI,ID-6110,KALIMANTAN BARAT
M-01337,PO1000011312,ASTRA AGRO LESTARI,TRI BUANA MAS,TRI BUANA MAS,-2.727976,114.843076,45,Operating,2020,"Establishment year based off secondary sources (e.g. website, corporate report, etc)",TAPIN,ID-6305,KALIMANTAN SELATAN
M-01338,PO1000011167,KPN CORP,ALAM JAYA PERSADA,ALAM JAYA PERSADA,-0.931401,117.150349,45,Operating,2016,Establishment year imputed based on Dinas Perkebunan Plantation Statistics reports (e.g. first year a mill appears in a Dinas Perkebunan Plantation Statistics report),KUTAI KARTANEGARA,ID-6403,KALIMANTAN TIMUR
M-01339,PO1000010713,MUSIM MAS,GLOBALINDO ALAM PERKASA,GLOBALINDO ALAM PERKASA,-2.668315,112.772772,45,Operating,2019,"Establishment year based off secondary sources (e.g. website, corporate report, etc)",KOTAWARINGIN TIMUR,ID-6202,KALIMANTAN TENGAH
M-01340,PO1000011300,FANGIONO AGRO PLANTATION (FAP AGRI),BULUNGAN HIJAU PERKASA,BULUNGAN HIJAU PERKASA,3.926914,116.816416,60,Operating,2020,"Establishment year based off secondary sources (e.g. website, corporate report, etc)",NUNUKAN,ID-6504,KALIMANTAN UTARA
M-01341,PO1000011478,PANCA EKA,SINDORA SERAYA,SINDORA SERAYA,1.891157,100.952188,45,Operating,2020,"Establishment year based off secondary sources (e.g. website, corporate report, etc)",ROKAN HILIR,ID-1409,RIAU
M-01342,NA,SUNGAI BUDI,TUNAS BARU LAMPUNG,PKS 6,-5.10253,105.557228,45,Operating,2018,"Establishment year based off secondary sources (e.g. website, corporate report, etc)",LAMPUNG TIMUR,ID-1804,LAMPUNG
M-01343,PO1000014229,TRIPUTRA AGRO PERSADA,ANUGERAH AGUNG PRIMA ABADI,ANUGERAH AGUNG PRIMA ABADI,1.539045,117.188634,45,Operating,2020,"Establishment year based off secondary sources (e.g. website, corporate report, etc)",BERAU,ID-6405,KALIMANTAN TIMUR
M-01344,NA,PANCA PUTRA GANDA,TOR GANDA,PATOGU JANJI,1.318362,100.010552,60,Operating,2016,"Earliest year mill found to exist based on photo-interpretation of high-resolution satellite imagery, manufacturing census data, traceability reports and other secondary sources (or combination of these sources)",PADANG LAWAS,ID-1221,SUMATERA UTARA
M-01345,PO1000010731,POSCO INTERNATIONAL,BIO INTI AGRINDO,PKS 2,-7.094861,140.808389,60,Operating,2019,"Establishment year based off secondary sources (e.g. website, corporate report, etc)",MERAUKE,ID-9401,PAPUA
M-01346,PO1000013829,SINAR MAS,HARAPAN RIMBA RAYA,SEI KEDANG,-0.65853,115.49657,80,Operating,2020,"Establishment year based off secondary sources (e.g. website, corporate report, etc)",KUTAI BARAT,ID-6402,KALIMANTAN TIMUR
M-01347,PO1000016959,INCASI RAYA (GUNAS),BINTARA TANI NUSANTARA,SINTANG,-0.136031,111.946838,45,Operating,2019,"Earliest year mill found to exist based on photo-interpretation of high-resolution satellite imagery, manufacturing census data, traceability reports and other secondary sources (or combination of these sources)",SINTANG,ID-6107,KALIMANTAN BARAT
M-01348,PO1000011910,UNKNOWN,MAHATO INTI SAWIT,MAHATO INTI SAWIT,1.373556,100.298667,30,Operating,2020,"Establishment year based off secondary sources (e.g. website, corporate report, etc)",ROKAN HULU,ID-1407,RIAU
M-01349,PO1000013497,GENTING PLANTATIONS,AGRO ABADI CEMERLANG,CEMERLANG,-0.33919,110.18917,60,Operating,2020,Establishment year based on other government record of establishment (e.g. Permit database),SANGGAU,ID-6105,KALIMANTAN BARAT
M-01350,PO1000014639,UNION SAMPOERNA TRIPUTRA PERSADA (USTP),HARAPAN HIBRIDA KALBAR,SUNGAI JELAI ESTATE,-2.52731,111.11258,60,Operating,2020,"Establishment year based off secondary sources (e.g. website, corporate report, etc)",KETAPANG,ID-6106,KALIMANTAN BARAT
M-01351,PO1000011993,UNKNOWN,KELANTAN SAKTI,KELANTAN SAKTI,-3.503269,104.94076,60,Operating,2020,"Establishment year based off secondary sources (e.g. website, corporate report, etc)",OGAN KOMERING ILIR,ID-1602,SUMATERA SELATAN
M-01352,PO1000014162,UNKNOWN,PARMA DARMA GLOBAL SAWIT,PARMA DARMA GLOBAL SAWIT,-2.541765,120.411736,30,Operating,2020,"Establishment year based off secondary sources (e.g. website, corporate report, etc)",LUWU UTARA,ID-7322,SULAWESI SELATAN
M-01353,PO1000014169,UNKNOWN,ICHIKO AGRO LESTARI,ICHIKO AGRO LESTARI,-0.503975,109.485049,30,Operating,2020,"Establishment year based off secondary sources (e.g. website, corporate report, etc)",KUBU RAYA,ID-6112,KALIMANTAN BARAT
M-01354,NA,JHONLIN,KODECO AGROJAYA MANDIRI,DANAU BIRU,-3.507185,115.915981,60,Operating,2020,"Establishment year based off secondary sources (e.g. website, corporate report, etc)",TANAH BUMBU,ID-6310,KALIMANTAN SELATAN
M-01355,PO1000013486,ADR,KASIH AGRO MANDIRI,KASIH JAYA MANDIRI,-2.84421,104.33168,45,Operating,2020,"Establishment year based off secondary sources (e.g. website, corporate report, etc)",BANYUASIN,ID-1607,SUMATERA SELATAN
M-01356,PO1000013891,TIANJIN JULONG,WAHANA PLANTATION AND PRODUCTS,WAHANA PLANTATION AND PRODUCTS,0.01125,111.55934,45,Operating,2018,"Establishment year based off secondary sources (e.g. website, corporate report, etc)",SINTANG,ID-6107,KALIMANTAN BARAT
M-01357,PO1000014176,PALMA SERASIH,NUSARAYA AGRO SAWIT,MEJANG INDAH,1.306305,116.907782,90,Operating,2020,"Establishment year based off secondary sources (e.g. website, corporate report, etc)",KUTAI TIMUR,ID-6404,KALIMANTAN TIMUR
M-01358,PO1000011912,UNKNOWN,SAWIT RUPAT SEJAHTERA,SAWIT RUPAT SEJAHTERA,1.93512,101.73336,20,Operating,2020,"Establishment year based off secondary sources (e.g. website, corporate report, etc)",BENGKALIS,ID-1408,RIAU
M-01359,PO1000014952,UNKNOWN,SIRATA-RATA ALAS TONGA,SIMONIS,2.26647,99.62415,30,Operating,2017,"Establishment year based off secondary sources (e.g. website, corporate report, etc)",LABUHAN BATU UTARA,ID-1223,SUMATERA UTARA
M-01360,PO1000012847,MP EVANS,TEGUH JAYAPRIMA ABADI,RAHAYU,-0.20301,116.77165,40,Operating,2020,"Establishment year based off secondary sources (e.g. website, corporate report, etc)",KUTAI KARTANEGARA,ID-6403,KALIMANTAN TIMUR
M-01361,PO1000012623,ORIENTAL HOLDINGS BERHAD,PRATAMA PALM ABADI,PRATAMA PALM ABADI,-2.764979,103.253577,60,Operating,2020,"Establishment year based off secondary sources (e.g. website, corporate report, etc)",MUSI RAWAS,ID-1605,SUMATERA SELATAN
M-01362,PO1000013408,SINAR MAS,BANGUN NUSA MANDIRI,KENARI,-2.16562,110.9207,80,Operating,2020,"Establishment year based off secondary sources (e.g. website, corporate report, etc)",KETAPANG,ID-6106,KALIMANTAN BARAT
M-01363,PO1000012845,UNKNOWN,SANLING SAWIT SEJAHTERA,SANLING SAWIT SEJAHTERA,-0.38001,102.16418,45,Operating,2020,"Establishment year based off secondary sources (e.g. website, corporate report, etc)",INDRAGIRI HULU,ID-1402,RIAU
M-01364,PO1000012852,UNKNOWN,YUNI BERSAUDARA SEJAHTERA,YUNI BERSAUDARA SEJAHTERA,-0.02655,101.18982,45,Operating,2020,"Establishment year based off secondary sources (e.g. website, corporate report, etc)",KAMPAR,ID-1406,RIAU
M-01365,PO1000012622,UNKNOWN,PALMARIS RAYA,AIRAPA,0.444782,99.259285,60,Operating,2020,"Establishment year based off secondary sources (e.g. website, corporate report, etc)",MANDAILING NATAL,ID-1202,SUMATERA UTARA
M-01366,PO1000015876,UNKNOWN,SAWIT SUMATERA PERKASA,SAWIT SUMATERA PERKASA,2.59105,99.67852,,Operating,2020,"Establishment year based off secondary sources (e.g. website, corporate report, etc)",LABUHAN BATU UTARA,ID-1223,SUMATERA UTARA
M-01367,NA,UNKNOWN,KOPERASI JASA MANDIRI JAYA LESTARI,KOPERASI JASA MANDIRI JAYA LESTARI,1.8196581,101.31355,5,Operating,2018,"Establishment year based off secondary sources (e.g. website, corporate report, etc)",DUMAI (KOTA),ID-1473,RIAU
M-01368,PO1000017401,UNKNOWN,SEJAHTERA MANDIRI SAWITA,SMS 2,3.793,98.48785,,Operating,2021,"Establishment year based off secondary sources (e.g. website, corporate report, etc)",LANGKAT,ID-1213,SUMATERA UTARA
M-01369,PO1000013778,GENK AGRO MAS,BALAM BERLIAN SAWIT,BALAM BERLIAN SAWIT,1.67968,100.80811,60,Operating,2020,"Establishment year based off secondary sources (e.g. website, corporate report, etc)",ROKAN HILIR,ID-1409,RIAU
M-01370,PO1000012844,UNKNOWN,SAWIT INTI RAYA,SAWIT INTI RAYA,-0.45685,102.17033,45,Operating,2020,"Establishment year based off secondary sources (e.g. website, corporate report, etc)",INDRAGIRI HULU,ID-1402,RIAU
M-01371,PO1000014226,UNKNOWN,MITRA AGRO SEMBADA,MITRA AGRO SEMBADA,-2.0376066,105.897452,60,Operating,2021,"Establishment year based off secondary sources (e.g. website, corporate report, etc)",BANGKA,ID-1901,KEP. BANGKA BELITUNG
M-01372,PO1000012843,FIRST RESOURCES,SETIA AGRINDO MANDIRI,SETIA AGRINDO MANDIRI,-0.43384,102.96595,90,Operating,2020,"Establishment year based off secondary sources (e.g. website, corporate report, etc)",INDRAGIRI HILIR,ID-1403,RIAU
M-01373,PO1000013838,UNKNOWN,MUTIARA HIJAU LESTARI,MUTIARA HIJAU LESTARI,-2.58083,106.24459,60,Operating,2020,"Establishment year based off secondary sources (e.g. website, corporate report, etc)",BANGKA TENGAH,ID-1904,KEP. BANGKA BELITUNG
M-01374,PO1000013887,UNKNOWN,PUTRA BANGKA TANI,PUTRA BANGKA TANI,-2.35723,106.209271,45,Operating,2020,"Establishment year based off secondary sources (e.g. website, corporate report, etc)",BANGKA TENGAH,ID-1904,KEP. BANGKA BELITUNG
M-01375,PO1000013779,UNKNOWN,PERAWANG AGRO SEJAHTERA,PERAWANG AGRO SEJAHTERA,0.59674,101.620679,45,Operating,2020,"Establishment year based off secondary sources (e.g. website, corporate report, etc)",SIAK,ID-1405,RIAU
M-01376,PO1000014231,GOODHOPE,SUMBER HASIL PRIMA,SUMBER HASIL PRIMA,-0.29827,112.43737,30,Operating,2020,"Establishment year based off secondary sources (e.g. website, corporate report, etc)",SINTANG,ID-6107,KALIMANTAN BARAT
M-01377,PO1000013498,GOODHOPE,BATU MAS SEJAHTERA,BATU MAS SEJAHTERA,-1.014113,110.52982,60,Operating,2021,"Establishment year based off secondary sources (e.g. website, corporate report, etc)",KETAPANG,ID-6106,KALIMANTAN BARAT
M-01378,PO1000016678,UNKNOWN,SAWITTA JAYA SEJAHTERA,SAWITTA JAYA SEJAHTERA,2.7946111,99.217111,,Operating,2018,"Establishment year based off secondary sources (e.g. website, corporate report, etc)",SIMALUNGUN,ID-1209,SUMATERA UTARA
M-01379,NA,SAWIT LESTARI,BENGKULU SAWIT LESTARI,AIR TERAS,-4.131564,102.641244,30,Operating,2020,"Establishment year based off secondary sources (e.g. website, corporate report, etc)",SELUMA,ID-1705,BENGKULU
M-01381,PO1000011991,ROYAL GOLDEN EAGLE,RIGUNAS AGRI UTAMA,AGRO SEJAHTERA,-0.516005,102.016656,60,Operating,2020,"Establishment year based off secondary sources (e.g. website, corporate report, etc)",INDRAGIRI HULU,ID-1402,RIAU
M-01382,NA,SHANGHAI XINJIU CHEMICAL CO.,SEBAUNG SAWIT PLANTATIONS,SEBAUNG SAWIT PLANTATIONS,3.8356611,117.33919,45,Operating,2020,"Establishment year based off secondary sources (e.g. website, corporate report, etc)",NUNUKAN,ID-6504,KALIMANTAN UTARA
M-01383,PO1000014159,KALIMANTAN SAWIT KUSUMA (KSK),MITRA SAUDARA LESTARI,MITRA SAUDARA LESTARI,-2.5809907,111.025134,60,Operating,2020,"Establishment year based off secondary sources (e.g. website, corporate report, etc)",KETAPANG,ID-6106,KALIMANTAN BARAT
M-01384,PO1000012448,MUSIM MAS,LESTARI ABADI PERKASA,LESTARI ABADI PERKASA,-1.72495,110.67433,60,Operating,2021,"Establishment year based off secondary sources (e.g. website, corporate report, etc)",KETAPANG,ID-6106,KALIMANTAN BARAT
M-01385,PO1000014294,UNKNOWN,INTI MITRA SAWIT LESTARI,INTI MITRA SAWIT LESTARI,4.0568041,98.130659,20,Operating,2021,"Establishment year based off secondary sources (e.g. website, corporate report, etc)",LANGKAT,ID-1213,SUMATERA UTARA
M-01386,PO1000014589,UNKNOWN,CAHAYA AGRO SAWITA SEJAHTERA,CAHAYA AGRO SAWITA SEJAHTERA,4.0518919,98.134425,,Operating,2021,"Establishment year based off secondary sources (e.g. website, corporate report, etc)",LANGKAT,ID-1213,SUMATERA UTARA
M-01387,PO1000014290,UNKNOWN,SEURAMOE AGRO PERSADA,SEURAMOE AGRO PERSADA,4.9401785,97.409309,30,Operating,2021,"Establishment year based off secondary sources (e.g. website, corporate report, etc)",ACEH UTARA,ID-1111,ACEH
M-01388,PO1000014230,SUBARNI,MON JAMBEE,MON JAMBEE,3.9302306,96.66116,30,Operating,2021,"Establishment year based off secondary sources (e.g. website, corporate report, etc)",ACEH BARAT DAYA,ID-1112,ACEH
M-01389,PO1000014173,BAHRUNY,SATYA AGUNG,SATYA AGUNG,5.0123595,97.1046742,30,Operating,2021,"Establishment year based off secondary sources (e.g. website, corporate report, etc)",ACEH UTARA,ID-1111,ACEH
M-01390,PO1000014174,UNKNOWN,SAWIT MANDIRI LESTARI,TAPIN BINI,-1.9128478,111.213004,60,Operating,2021,"Establishment year based off secondary sources (e.g. website, corporate report, etc)",LAMANDAU,ID-6207,KALIMANTAN TENGAH
M-01391,PO1000012851,SK PLUS,BUKIT JEJER SUKSES,BUKIT JEJER SUKSES,-2.292059,121.791854,60,Operating,2021,"Establishment year based off secondary sources (e.g. website, corporate report, etc)",MOROWALI,ID-7203,SULAWESI TENGAH
M-01392,NA,KALIMANTAN AGRO SEJAHTERA (KAS),AGRO MANUNGGAL SELARAS,AGRO MANUNGGAL SELARAS,-0.89136,115.79645,60,Operating,2021,"Establishment year based off secondary sources (e.g. website, corporate report, etc)",KUTAI BARAT,ID-6402,KALIMANTAN TIMUR
M-01393,PO1000016537,UNKNOWN,MANDIRI PALMERA AGRINDO,MANDIRI PALMERA AGRINDO,-2.5173,120.76147,30,Operating,2021,"Establishment year based off secondary sources (e.g. website, corporate report, etc)",LUWU TIMUR,ID-7325,SULAWESI SELATAN
M-01394,PO1000014289,UNKNOWN,BUGAK PALMA SEJAHTERA,BUGAK PALMA SEJAHTERA,4.8937483,97.56507,20,Operating,2021,"Establishment year based off secondary sources (e.g. website, corporate report, etc)",ACEH TIMUR,ID-1105,ACEH
M-01395,PO1000014234,AGRINA,BUMI TATA LESTARI,BUMI TATA LESTARI,0.798433,110.70758,45,Operating,2020,Establishment year based on other government record of establishment (e.g. Permit database),SANGGAU,ID-6105,KALIMANTAN BARAT
M-01396,PO1000014171,WIDYA,MULIA INTI PERKASA,MULIA INTI PERKASA,2.292887,116.908401,45,Operating,2021,"Establishment year based off secondary sources (e.g. website, corporate report, etc)",BERAU,ID-6405,KALIMANTAN TIMUR
M-01397,PO1000015300,UNKNOWN,BATU GUNUNG MULIA PUTRA AGRO,KOPERASI MAKMUR SAWIT,-3.90294,114.84096,45,Operating,2021,"Establishment year based off secondary sources (e.g. website, corporate report, etc)",TANAH LAUT,ID-6301,KALIMANTAN SELATAN
M-01398,PO1000013886,UNKNOWN,DUA SEMERU PUTRA MANDIRI,DUA SEMERU PUTRA MANDIRI,-2.287339,102.6761,45,Operating,2021,"Establishment year based off secondary sources (e.g. website, corporate report, etc)",SAROLANGUN,ID-1503,JAMBI
M-01399,PO1000014955,UNKNOWN,ACEH TRUMON ANUGERAH KITA,ACEH TRUMON ANUGERAH KITA,2.85946,97.78918,45,Operating,2021,"Establishment year based off secondary sources (e.g. website, corporate report, etc)",ACEH SELATAN,ID-1103,ACEH
M-01400,PO1000013890,MINANGA,DINAMIKA PRIMA ARTHA,DINAMIKA PRIMA ARTHA,0.66557,117.3917,30,Operating,2021,"Establishment year based off secondary sources (e.g. website, corporate report, etc)",KUTAI TIMUR,ID-6404,KALIMANTAN TIMUR
M-01401,PO1000015294,UNKNOWN,TANI PRIMA MAKMUR,TANI PRIMA MAKMUR,-3.76475,122.07073,45,Operating,2020,"Establishment year based off secondary sources (e.g. website, corporate report, etc)",KONAWE,ID-7403,SULAWESI TENGGARA
M-01402,PO1000014591,UNKNOWN,GELUMBANG AGRO SENTOSA,GELUMBANG AGRO SENTOSA,-3.2285431,104.46733,45,Operating,2022,"Establishment year based off secondary sources (e.g. website, corporate report, etc)",MUARA ENIM,ID-1603,SUMATERA SELATAN
M-01403,PO1000013499,KAYAN PATRIA PRATAMA,KAYAN PATRIA PRATAMA,KAYAN PLANTATION,2.68365,117.60644,30,Operating,2021,"Establishment year based off secondary sources (e.g. website, corporate report, etc)",BULUNGAN,ID-6502,KALIMANTAN UTARA
M-01404,PO1000012849,UNKNOWN,PALMA BUMI LESTARI,NGKADU MILL,0.47717,110.06243,30,Operating,2021,"Establishment year based off secondary sources (e.g. website, corporate report, etc)",LANDAK,ID-6103,KALIMANTAN BARAT
M-01405,PO1000013888,KURNIA,KURNIA PALMA AGUNG LESTARI,KURNIA PALMA AGUNG LESTARI,-1.790549,102.25963,75,Operating,2021,"Establishment year based off secondary sources (e.g. website, corporate report, etc)",MERANGIN,ID-1502,JAMBI
M-01406,NA,UNKNOWN,ARUS PUTRA MAJU,ARUS PUTRA MAJU,-3.97281057,105.3871727,10,Operating,2015,"Earliest year mill found to exist based on photo-interpretation of high-resolution satellite imagery, manufacturing census data, traceability reports and other secondary sources (or combination of these sources)",MESUJI,ID-1811,LAMPUNG
M-01407,PO1000013495,UNKNOWN,MUARA SAWIT LESTARI,MUARA SAWIT LESTARI,-2.279434,101.16456,60,Operating,2021,"Establishment year based off secondary sources (e.g. website, corporate report, etc)",PESISIR SELATAN,ID-1302,SUMATERA BARAT
M-01408,PO1000014224,UNKNOWN,BUMI ANUGERAH SAWIT,BUMI ANUGERAH SAWIT,-3.3672504,101.899741,45,Operating,2021,"Establishment year based off secondary sources (e.g. website, corporate report, etc)",BENGKULU UTARA,ID-1703,BENGKULU
M-01409,PO1000014227,UNKNOWN,PAYUNG MITRAJAYA MANDIRI,PAYUNG MITRAJAYA MANDIRI,-1.92091,105.70905,45,Operating,2021,"Establishment year based off secondary sources (e.g. website, corporate report, etc)",BANGKA,ID-1901,KEP. BANGKA BELITUNG
M-01410,PO1000016373,UNKNOWN,AGRI SINAR KENCANA,AGRI SINAR KENCANA,3.659656,98.57782,60,Operating,2021,"Establishment year based off secondary sources (e.g. website, corporate report, etc)",DELI SERDANG,ID-1212,SUMATERA UTARA
M-01411,PO1000013889,UNKNOWN,PANCA MITRA KATINGAN,PANCA MITRA KATINGAN,-1.69768,113.13929,90,Operating,2021,"Establishment year based off secondary sources (e.g. website, corporate report, etc)",KATINGAN,ID-6209,KALIMANTAN TENGAH
M-01412,PO1000014225,UNKNOWN,HANAU PANEN RAYA SEJAHTERA,HANAU PANEN RAYA SEJAHTERA,-2.36434,112.14477,60,Operating,2021,"Establishment year based off secondary sources (e.g. website, corporate report, etc)",SERUYAN,ID-6208,KALIMANTAN TENGAH
M-01413,NA,MUKTI,ADAU AGRO KALBAR,ADAU AGRO KALBAR,-0.82672,111.44816,30,Operating,2021,"Establishment year based off secondary sources (e.g. website, corporate report, etc)",MELAWI,ID-6110,KALIMANTAN BARAT
M-01414,PO1000014292,MUKTI,MUSTIKA AGUNG SENTOSA,MUSTIKA AGUNG SENTOSA,-0.5015554,110.358695,80,Operating,2021,"Establishment year based off secondary sources (e.g. website, corporate report, etc)",KETAPANG,ID-6106,KALIMANTAN BARAT
M-01415,PO1000014620,UNKNOWN,MITRA UTAMA BINTANG,MITRA UTAMA BINTANG,1.2900338,109.38543,30,Operating,2022,"Establishment year based off secondary sources (e.g. website, corporate report, etc)",SAMBAS,ID-6101,KALIMANTAN BARAT
M-01416,PO1000014165,PTPN III,PERKEBUNAN NUSANTARA XIII,PAMUKAN,-2.686566,116.20324,30,Operating,2017,"Establishment year based off secondary sources (e.g. website, corporate report, etc)",KOTABARU,ID-6302,KALIMANTAN SELATAN
M-01417,PO1000014168,KORINDO,GELORA MANDIRI MEMBANGUN,GELORA MANDIRI MEMBANGUN,-0.78713,128.27785,30,Operating,2022,"Establishment year based off secondary sources (e.g. website, corporate report, etc)",HALMAHERA SELATAN,ID-8204,MALUKU UTARA
M-01418,PO1000014293,ROYAL GOLDEN EAGLE,INTI INDOSAWIT SUBUR,PANGKALAN LESUNG,0.0269,102.12168,30,Operating,2021,"Establishment year based off secondary sources (e.g. website, corporate report, etc)",PELALAWAN,ID-1404,RIAU
M-01419,PO1000017993,UNKNOWN,KAMPAR TUNGGAL AGRINDO,KAMPAR TUNGGAL AGRINDO,0.7514,101.18929,15,Operating,2020,"Establishment year based off secondary sources (e.g. website, corporate report, etc)",KAMPAR,ID-1406,RIAU
M-01420,PO1000014235,SUMBER TANI AGUNG (STA),KARYA SUKSES UTAMA PRIMA,SERET AYON,1.038951,109.30835,30,Operating,2020,"Establishment year based off secondary sources (e.g. website, corporate report, etc)",SAMBAS,ID-6101,KALIMANTAN BARAT
M-01421,NA,GLENEALY PLANTATIONS,ABDI BORNEO PLANTATIONS,ABDI,2.77555,117.55465,45,Operating,2021,"Establishment year based off secondary sources (e.g. website, corporate report, etc)",BULUNGAN,ID-6502,KALIMANTAN UTARA
M-01422,PO1000014170,MP EVANS,BUMI MAS AGRO,BENUANG,0.886877,118.40169,60,Operating,2021,"Establishment year based off secondary sources (e.g. website, corporate report, etc)",KUTAI TIMUR,ID-6404,KALIMANTAN TIMUR
M-01423,PO1000014590,UNKNOWN,ANDERSON UNEDO,ANDERSON UNEDO,0.66475,101.08255,45,Operating,2021,"Establishment year based off secondary sources (e.g. website, corporate report, etc)",KAMPAR,ID-1406,RIAU
M-01424,PO1000014622,UNKNOWN,PERSADA KARYA SAWIT,PERSADA KARYA SAWIT,-0.32023,116.6833,60,Operating,2022,"Establishment year based off secondary sources (e.g. website, corporate report, etc)",KUTAI KARTANEGARA,ID-6403,KALIMANTAN TIMUR
M-01425,PO1000016380,UNKNOWN,PELANTARAN SAWIT PERKASA,PELANTARAN SAWIT PERKASA,-2.01701,113.03037,45,Operating,2022,"Establishment year based off secondary sources (e.g. website, corporate report, etc)",KOTAWARINGIN TIMUR,ID-6202,KALIMANTAN TENGAH
M-01426,NA,BUMITAMA GUNAJAYA AGRO (BGA),BUMITAMA GUNAJAYA ABADI,TONAM RAYA,-2.428722,111.2992813,60,Operating,2021,"Establishment year based off secondary sources (e.g. website, corporate report, etc)",KOTAWARINGIN BARAT,ID-6201,KALIMANTAN TENGAH
M-01427,PO1000014164,TRIPUTRA AGRO PERSADA,GAWI BAHANDEP SAWIT MEKAR,GAWI BAHANDEP SAWIT MEKAR 2,-2.8859072,112.4073904,45,Operating,2022,"Establishment year based off secondary sources (e.g. website, corporate report, etc)",SERUYAN,ID-6208,KALIMANTAN TENGAH
M-01428,PO1000014232,UNKNOWN,SALAPIAN INDO SAWIT,SALAPIAN INDO SAWIT,3.459416,98.31305648,30,Operating,2021,"Establishment year based off secondary sources (e.g. website, corporate report, etc)",LANGKAT,ID-1213,SUMATERA UTARA
M-01429,PO1000014237,UNKNOWN,FENYEN AGRO LESTARI,FENYEN AGRO LESTARI,-1.808549,105.976557,30,Operating,2019,"Establishment year based off secondary sources (e.g. website, corporate report, etc)",BANGKA,ID-1901,KEP. BANGKA BELITUNG
M-01430,PO1000014222,UNKNOWN,AIR KAMPAR,AIR KAMPAR,0.4232102,101.184213,45,Operating,2021,"Establishment year based off secondary sources (e.g. website, corporate report, etc)",KAMPAR,ID-1406,RIAU
M-01431,PO1000013868,KUALA LUMPUR KEPONG (KLK),PUTRA BONGAN JAYA,PUTRA BONGAN JAYA,-0.6695,116.33145,60,Operating,2021,"Establishment year based off secondary sources (e.g. website, corporate report, etc)",KUTAI BARAT,ID-6402,KALIMANTAN TIMUR
M-01432,NA,BUKIT BERLIAN,CITRA MULIA PERKASA,CITRA MULIA PERKASA,0.8682074,120.80292,,Operating,2021,"Establishment year based off secondary sources (e.g. website, corporate report, etc)",TOLI-TOLI,ID-7206,SULAWESI TENGAH
M-01433,PO1000014223,UNKNOWN,TEGUH WIRA PRATAMA,TEGUH WIRA PRATAMA,-2.5867,120.93088,60,Operating,2021,"Establishment year based off secondary sources (e.g. website, corporate report, etc)",LUWU TIMUR,ID-7325,SULAWESI SELATAN
M-01434,NA,HENAN JIUJIU CHEMICAL CO.,PALEM SEGAR LESTARI,PALEM SEGAR LESTARI,3.8215156,117.61337,45,Operating,2020,"Earliest year mill found to exist based on photo-interpretation of high-resolution satellite imagery, manufacturing census data, traceability reports and other secondary sources (or combination of these sources)",NUNUKAN,ID-6504,KALIMANTAN UTARA
M-01435,PO1000016962,UNKNOWN,MUTIARA AGRO SEJAHTERA,MUTIARA AGRO SEJAHTERA,-1.92411,105.74793,30,Operating,2021,"Establishment year based off secondary sources (e.g. website, corporate report, etc)",BANGKA,ID-1901,KEP. BANGKA BELITUNG
M-01436,PO1000015298,UNKNOWN,BUMI TAMIANG SENTOSA,BUMI TAMIANG SENTOSA,4.152849,97.973095,45,Operating,2022,"Establishment year based off secondary sources (e.g. website, corporate report, etc)",ACEH TAMIANG,ID-1114,ACEH
M-01437,NA,UNKNOWN,ANUGERAH SAWIT SEJAHTERA,ANUGERAH SAWIT SEJAHTERA,0.27605354,101.39015,,Operating,2021,"Earliest year mill found to exist based on photo-interpretation of high-resolution satellite imagery, manufacturing census data, traceability reports and other secondary sources (or combination of these sources)",KAMPAR,ID-1406,RIAU
M-01438,PO1000014233,UNKNOWN,BANGKA AGRO MANDIRI,BANGKA AGRO MANDIRI,-2.3474013,106.107789,60,Operating,2021,"Establishment year based off secondary sources (e.g. website, corporate report, etc)",BANGKA TENGAH,ID-1904,KEP. BANGKA BELITUNG
M-01439,PO1000014623,ANUGERAH TANI MAKMUR,KARYA SAMO MAS,KARYA SAMO MAS,0.792813,100.472435,60,Operating,2022,"Establishment year based off secondary sources (e.g. website, corporate report, etc)",ROKAN HULU,ID-1407,RIAU
M-01440,PO1000014624,UNKNOWN,SIANIPAR INTEGRITAS AGRINDO,SIANIPAR INTEGRITAS AGRINDO,1.5385632,100.43375,60,Operating,2022,"Establishment year based off secondary sources (e.g. website, corporate report, etc)",ROKAN HILIR,ID-1409,RIAU
M-01441,PO1000014625,UNKNOWN,RIAU ANUGERAH SENTOSA,RIAU ANUGERAH SENTOSA,1.08292563,100.81723,60,Operating,2022,"Establishment year based off secondary sources (e.g. website, corporate report, etc)",ROKAN HULU,ID-1407,RIAU
M-01442,PO1000016382,UNKNOWN,SENTOSA AGRI PRIMA,SENTOSA AGRI PRIMA,-3.55879,105.2655,30,Operating,2021,"Establishment year based off secondary sources (e.g. website, corporate report, etc)",OGAN KOMERING ILIR,ID-1602,SUMATERA SELATAN
M-01443,PO1000015292,ROYAL GOLDEN EAGLE,PUSAKA MEGAH BUMI NUSANTARA,RANTAU BARU (PRB),0.40835,101.76724,45,Operating,2022,"Establishment year based off secondary sources (e.g. website, corporate report, etc)",PELALAWAN,ID-1404,RIAU
M-01444,PO1000014959,UNKNOWN,SUKSES INTI PALMA,SUKSES INTI PALMA,-1.88803,103.51227,45,Operating,2022,"Establishment year based off secondary sources (e.g. website, corporate report, etc)",MUARO JAMBI,ID-1505,JAMBI
M-01445,PO1000014957,UNKNOWN,BRAU AGRO ASIA,BRAU AGRO ASIA,2.11853,117.09135,30,Operating,2022,"Establishment year based off secondary sources (e.g. website, corporate report, etc)",BERAU,ID-6405,KALIMANTAN TIMUR
M-01446,PO1000014956,UNKNOWN,PALMA SUMBER LESTARI,PALMA SUMBER LESTARI,-1.58259,119.36002,60,Operating,2022,"Establishment year based off secondary sources (e.g. website, corporate report, etc)",MAMUJU UTARA,ID-7605,SULAWESI BARAT
M-01447,PO1000014958,UNKNOWN,SAWIT NUSANTARA INDONESIA,SAWIT NUSANTARA INDONESIA,-3.4639926,103.052789,45,Operating,2022,"Establishment year based off secondary sources (e.g. website, corporate report, etc)",EMPAT LAWANG,ID-1611,SUMATERA SELATAN
M-01449,PO1000014618,DHARMA SATYA NUSANTARA (DSN),DHARMA INTISAWIT NUGRAHA,POM 11,1.25574,116.8816,45,Operating,2022,"Establishment year based off secondary sources (e.g. website, corporate report, etc)",KUTAI TIMUR,ID-6404,KALIMANTAN TIMUR
M-01450,PO1000014640,DHARMA SATYA NUSANTARA (DSN),PILAR WANAPERSADA,POM 12,-2.012454,111.374011,45,Operating,2022,"Establishment year based off secondary sources (e.g. website, corporate report, etc)",LAMANDAU,ID-6207,KALIMANTAN TENGAH
M-01451,PO1000015297,UNKNOWN,BANYUASIN SAWIT LESTARI,BANYUASIN SAWIT LESTARI,-2.59757173,104.365357,45,Operating,2022,"Establishment year based off secondary sources (e.g. website, corporate report, etc)",BANYUASIN,ID-1607,SUMATERA SELATAN
M-01452,PO1000017403,SUPERVENTURE,ASIA SAWIT MAKMUR JAYA,SUNGAI PAKU,-0.16558,101.28976,45,Operating,2022,"Establishment year based off secondary sources (e.g. website, corporate report, etc)",KUANTAN SINGINGI,ID-1401,RIAU
M-01453,NA,CILIANDRY ANKY ABADI,ANUGERAH ABADI MULTI USAHA,ANUGERAH ABADI MULTI USAHA,-1.97915,115.97991,45,Operating,2022,"Establishment year based off secondary sources (e.g. website, corporate report, etc)",PASER,ID-6401,KALIMANTAN TIMUR
M-01454,PO1000016535,TRIPUTRA AGRO PERSADA,KEDAP SAYAAQ DUA,KEDAP SAYAAQ DUA,-0.253326,115.976669,30,Operating,2022,"Establishment year based off secondary sources (e.g. website, corporate report, etc)",KUTAI BARAT,ID-6402,KALIMANTAN TIMUR
M-01455,NA,SALIM GROUP,PERUSAHAAN PERKEBUNAN LONDON SUMATRA INDONESIA,ISUY MAKMUR,-0.5425444,116.0442339,45,Operating,2021,"Establishment year based off secondary sources (e.g. website, corporate report, etc)",KUTAI BARAT,ID-6402,KALIMANTAN TIMUR
M-01456,PO1000014636,UNKNOWN,SAWIT SUKSES SEJATI,SAWIT SUKSES SEJATI,1.00666,99.01859,45,Operating,2022,"Establishment year based off secondary sources (e.g. website, corporate report, etc)",MANDAILING NATAL,ID-1202,SUMATERA UTARA
M-01457,PO1000014637,KALIMANTAN AGRO SEJAHTERA (KAS),KALIMANTAN AGRO MAKMUR,KALIMANTAN AGRO MAKMUR,-0.20627,115.98541,60,Operating,2023,"Establishment year based off secondary sources (e.g. website, corporate report, etc)",KUTAI BARAT,ID-6402,KALIMANTAN TIMUR
M-01458,PO1000014950,UNKNOWN,BETAMI,BETAMI,4.28604,98.0991,30,Operating,2022,"Establishment year based off secondary sources (e.g. website, corporate report, etc)",ACEH TAMIANG,ID-1114,ACEH
M-01459,PO1000014951,UNKNOWN,HATONDUHAN DEARMA SAWITA,HATONDUHAN DEARMA SAWITA,2.8064295,99.1939546,40,Operating,2022,"Establishment year based off secondary sources (e.g. website, corporate report, etc)",SIMALUNGUN,ID-1209,SUMATERA UTARA
M-01460,PO1000014953,UNKNOWN,KARYA PANEN TERUS,KARYA PANEN TERUS,-0.0144351,102.3610113,45,Operating,2022,"Establishment year based off secondary sources (e.g. website, corporate report, etc)",PELALAWAN,ID-1404,RIAU
M-01461,PO1000015291,GENK AGRO MAS,KENCANA AGRO SEJAHTERA,KENCANA AGRO SEJAHTERA,1.37664899,100.3270833,30,Operating,2022,"Establishment year based off secondary sources (e.g. website, corporate report, etc)",ROKAN HULU,ID-1407,RIAU
M-01462,PO1000015296,UNKNOWN,MENARA SENTRAREJEKI,MENARA SENTRAREJEKI,-2.0022763,103.68245,60,Operating,2022,"Establishment year based off secondary sources (e.g. website, corporate report, etc)",MUSI BANYUASIN,ID-1606,SUMATERA SELATAN
M-01463,PO1000015299,UNKNOWN,MENTARI SAWIT MAKMUR,MENTARI SAWIT MAKMUR,-2.61378,106.33447,,Operating,2022,"Establishment year based off secondary sources (e.g. website, corporate report, etc)",BANGKA SELATAN,ID-1905,KEP. BANGKA BELITUNG
M-01464,NA,UNKNOWN,ASIA PALEM LESTARI,RASAU JAYA,-0.29243,109.38337,30,Operating,2019,"Establishment year based off secondary sources (e.g. website, corporate report, etc)",KUBU RAYA,ID-6112,KALIMANTAN BARAT
M-01465,PO1000016534,PASIFIK AGRO SENTOSA (PAS),JALIN VANEO,SEI PINANG,-0.9918344,110.181235,30,Operating,2021,"Establishment year based off secondary sources (e.g. website, corporate report, etc)",KAYONG UTARA,ID-6111,KALIMANTAN BARAT
M-01466,PO1000016376,UNKNOWN,CITRA SAWIT INDAH LESTARI,CITRA SAWIT INDAH LESTARI,2.854844,99.908828,60,Operating,2019,"Establishment year based off secondary sources (e.g. website, corporate report, etc)",ASAHAN,ID-1208,SUMATERA UTARA
M-01467,PO1000016539,UNKNOWN,SAMIRA MAKMUR SEJAHTERA,SAMIRA MAKMUR SEJAHTERA,3.76856,96.73292,30,Operating,2022,"Establishment year based off secondary sources (e.g. website, corporate report, etc)",ACEH BARAT DAYA,ID-1112,ACEH
M-01468,PO1000016967,BUANA SRIWIJAYA SEJAHTERA (BSS),BUANA SRIWIJAYA SEJAHTERA,BUANA SRIWIJAYA SEJAHTERA,-2.5386986,103.033073,90,Operating,2022,"Establishment year based off secondary sources (e.g. website, corporate report, etc)",MUSI RAWAS UTARA,ID-1613,SUMATERA SELATAN
M-01469,PO1000017400,FIRST RESOURCES,SURYA DUMAI AGRINDO,SURYA DUMAI AGRINDO,1.3507342,102.0661248,45,Operating,2022,"Establishment year based off secondary sources (e.g. website, corporate report, etc)",BENGKALIS,ID-1408,RIAU
M-01470,NA,UNKNOWN,MARITA MAKMUR JAYA,MARITA MAKMUR JAYA,1.97384,101.41143,45,Operating,2021,"Establishment year based off secondary sources (e.g. website, corporate report, etc)",BENGKALIS,ID-1408,RIAU
M-01471,PO1000015870,UNKNOWN,PULO PADANG SAWIT PERMAI,PULO PADANG,2.13320409,99.8558761,30,Operating,2022,"Establishment year based off secondary sources (e.g. website, corporate report, etc)",LABUHAN BATU,ID-1207,SUMATERA UTARA
M-01472,PO1000017680,ANGLO-EASTERN PLANTATION (AEP),HIJAU PRYAN PERDANA,HIJAU PRYAN PERDANA,2.46215,100.27162,80,Operating,2023,"Establishment year based off secondary sources (e.g. website, corporate report, etc)",LABUHAN BATU,ID-1207,SUMATERA UTARA
M-01473,PO1000015587,UNKNOWN,KAMPAR ALAM MAS INTI,KAMPAR ALAM MAS INTI,0.56645589,101.1731847,45,Operating,2022,"Establishment year based off secondary sources (e.g. website, corporate report, etc)",KAMPAR,ID-1406,RIAU
M-01474,PO1000017964,UNKNOWN,ANUGERAH PUTRA LANGKAT,ANUGERAH PUTRA LANGKAT,3.72093523,98.1988092,8,Operating,2010,"Establishment year based off secondary sources (e.g. website, corporate report, etc)",LANGKAT,ID-1213,SUMATERA UTARA
M-01475,PO1000017996,CITRA BORNEO INDAH (CBI),CITRA BORNEO INDAH,SUNGAI KUNING,-2.3083,111.4994,60,Operating,2021,"Establishment year based off secondary sources (e.g. website, corporate report, etc)",LAMANDAU,ID-6207,KALIMANTAN TENGAH
M-01476,PO1000016677,KEMINDO,KAMPARINDO AGRO INDUSTRI,KAMPARINDO AGRO INDUSTRI 2,-0.7521,101.72671,45,Operating,2022,"Establishment year based off secondary sources (e.g. website, corporate report, etc)",KUANTAN SINGINGI,ID-1401,RIAU
M-01477,NA,UNKNOWN,ANUGERAH MAKMUR JAYA,ANUGERAH MAKMUR JAYA,3.320727,99.127989,,Operating,2021,"Earliest year mill found to exist based on photo-interpretation of high-resolution satellite imagery, manufacturing census data, traceability reports and other secondary sources (or combination of these sources)",TEBING TINGGI (KOTA),ID-1274,SUMATERA UTARA
M-01478,PO1000015871,GENK AGRO MAS,SAWIT MAKMUR PERKASA,SAWIT MAKMUR PERKASA,-0.71137391,101.32506,45,Operating,2023,"Establishment year based off secondary sources (e.g. website, corporate report, etc)",SIJUNJUNG,ID-1304,SUMATERA BARAT
M-01479,PO1000015874,UNKNOWN,SRI ULINA ERSADA KARINA,SRI ULINA ERSADA KARINA,1.32153,101.06748,45,Operating,2023,"Establishment year based off secondary sources (e.g. website, corporate report, etc)",BENGKALIS,ID-1408,RIAU
M-01480,PO1000015878,UNKNOWN,SURYA INTI PALMOIL,SURYA INTI PALMOIL,-2.46701,112.03604,,Operating,2022,"Establishment year based off secondary sources (e.g. website, corporate report, etc)",SERUYAN,ID-6208,KALIMANTAN TENGAH
M-01481,NA,MP EVANS,EVANS LESTARI,KENANGA,-3.21623,103.05537,60,Operating,2023,"Establishment year based off secondary sources (e.g. website, corporate report, etc)",MUSI RAWAS,ID-1605,SUMATERA SELATAN
M-01482,NA,GENTING PLANTATIONS,KAPUAS MAJU JAYA,GEMILANG,-1.01089,114.27274,40,Operating,2023,"Establishment year based off secondary sources (e.g. website, corporate report, etc)",KAPUAS,ID-6203,KALIMANTAN TENGAH
M-01483,NA,UNKNOWN,HAMPARAN SAWIT MAKMUR,HAMPARAN SAWIT MAKMUR,3.63676,98.56815,15,Operating,2019,"Establishment year based off secondary sources (e.g. website, corporate report, etc)",DELI SERDANG,ID-1212,SUMATERA UTARA
M-01484,PO1000016379,UNKNOWN,PALMA LESTARI JAYA,PALMA LESTARI JAYA,1.09032,121.34894,60,Operating,2023,"Establishment year based off secondary sources (e.g. website, corporate report, etc)",BUOL,ID-7207,SULAWESI TENGAH
M-01485,PO1000016381,UNKNOWN,MAKMUR PALMA LESTARI,MAKMUR PALMA LESTARI,0.67476,100.85806,45,Operating,2023,"Establishment year based off secondary sources (e.g. website, corporate report, etc)",KAMPAR,ID-1406,RIAU
M-01486,PO1000016536,KENCANA AGRI,LOKA INDAH LESTARI,LOKA INDAH LESTARI,0.74308,121.28562,30,Operating,2023,"Establishment year based off secondary sources (e.g. website, corporate report, etc)",POHUWATO,ID-7503,GORONTALO
M-01487,PO1000015872,UNKNOWN,TARI AGRO NABATI,TARI AGRO NABATI,2.3966,99.69526,10,Operating,2022,"Establishment year based off secondary sources (e.g. website, corporate report, etc)",LABUHAN BATU UTARA,ID-1223,SUMATERA UTARA
M-01488,PO1000015875,UNKNOWN,ERASAKTI WIRAFORESTAMA,ERASAKTI WIRA FORESTAMA 4,-1.52952316,103.63946,50,Operating,2022,"Establishment year based off secondary sources (e.g. website, corporate report, etc)",MUARO JAMBI,ID-1505,JAMBI
M-01489,PO1000017066,SINAR JAYA AGRO INVESTAMA (SJAI),AGRISENTRA LESTARI,AGRISENTRA LESTARI,0.02315,110.10649,30,Operating,2021,Establishment year based on other government record of establishment (e.g. Permit database),SANGGAU,ID-6105,KALIMANTAN BARAT
M-01490,PO1000017156,UNKNOWN,SAWIT MAS MAKMUR,SAWIT MAS MAKMUR,3.35356,99.23658,,Operating,2022,"Establishment year based off secondary sources (e.g. website, corporate report, etc)",SERDANG BEDAGAI,ID-1218,SUMATERA UTARA
M-01491,PO1000017995,INDONUSA,INTERNUSA JAYA SEJAHTERA,INTERNUSA JAYA SEJAHTERA,-7.28099,140.77914,60,Operating,2023,"Establishment year based off secondary sources (e.g. website, corporate report, etc)",MERAUKE,ID-9401,PAPUA
M-01492,PO1000017399,FANGIONO AGRO PLANTATION (FAP AGRI),MARSAM CITRA ADIPERKASA,MARSAM CITRA ADIPERKASA,0.27135,115.34439,60,Operating,2023,"Establishment year based off secondary sources (e.g. website, corporate report, etc)",MAHAKAM ULU,ID-6411,KALIMANTAN TIMUR
M-01493,PO1000015868,UNKNOWN,GUNUNG ANDALAN SUKSES,GUNUNG ANDALAN SUKSES,-4.59246,121.50319,60,Operating,2023,"Establishment year based off secondary sources (e.g. website, corporate report, etc)",BOMBANA,ID-7406,SULAWESI TENGGARA
M-01494,PO1000015869,UNKNOWN,INDAH SUBUR SAWIT,INDAH SUBUR SAWIT,0.52758,109.37094,60,Operating,2023,"Establishment year based off secondary sources (e.g. website, corporate report, etc)",LANDAK,ID-6103,KALIMANTAN BARAT
M-01495,PO1000016183,UNKNOWN,KELANTAN SAKTI,KELANTAN SAKTI 2,-4.01695,105.07719,60,Operating,2023,"Establishment year based off secondary sources (e.g. website, corporate report, etc)",OGAN KOMERING ILIR,ID-1602,SUMATERA SELATAN
M-01496,PO1000016184,UNKNOWN,SUMATERA PALMA ANDALAN,SUMATERA PALMA ANDALAN,-2.900015,103.30538,45,Operating,2023,"Establishment year based off secondary sources (e.g. website, corporate report, etc)",MUSI RAWAS,ID-1605,SUMATERA SELATAN
M-01497,NA,UNKNOWN,GORA MANDAU SAWIT,GORA MANDAU SAWIT,1.2761961,101.30557,15,Operating,2021,"Establishment year based off secondary sources (e.g. website, corporate report, etc)",BENGKALIS,ID-1408,RIAU
M-01498,PO1000016676,CISADANE RAYA,SAMUKTI KARYA LESTARI,SAMUKTI KARYA LESTARI,1.3725492,98.92845,45,Operating,2023,"Establishment year based off secondary sources (e.g. website, corporate report, etc)",TAPANULI SELATAN,ID-1203,SUMATERA UTARA
M-01499,NA,UNKNOWN,SAHABAT SEJATI SETIA SELALU,SAHABAT SEJATI SETIA SELALU,2.83147,99.46649,15,Operating,2023,"Establishment year based off secondary sources (e.g. website, corporate report, etc)",ASAHAN,ID-1208,SUMATERA UTARA
M-01500,PO1000016972,WILIAN PERKASA,SEMUNAI SAWIT PERKASA,PKS 2,1.05899,101.27661,30,Operating,2022,"Establishment year based off secondary sources (e.g. website, corporate report, etc)",BENGKALIS,ID-1408,RIAU
M-01501,PO1000016960,INCASI RAYA (GUNAS),SUMATERA JAYA AGRO LESTARI,TAYAN,-0.0879,109.96568,60,Operating,2021,Establishment year based on other government record of establishment (e.g. Permit database),SANGGAU,ID-6105,KALIMANTAN BARAT
M-01502,PO1000016958,ENSEM,ENSEM SAWITA,MUSI RAWAS,-2.872558,103.29648,30,Operating,2024,"Establishment year based off secondary sources (e.g. website, corporate report, etc)",MUSI RAWAS,ID-1605,SUMATERA SELATAN
M-01503,PO1000016961,KPN CORP,KARYA AGUNG MEGAH UTAMA,KARYA AGUNG MEGAH UTAMA,-0.258286,99.97749,30,Operating,2024,"Establishment year based off secondary sources (e.g. website, corporate report, etc)",AGAM,ID-1307,SUMATERA BARAT
M-01504,PO1000016963,UNKNOWN,RIZTIA KARYA MANDIRI,RIZTIA KARYA MANDIRI,2.44361,98.06206,15,Operating,2023,"Establishment year based off secondary sources (e.g. website, corporate report, etc)",ACEH SINGKIL,ID-1102,ACEH
M-01505,PO1000016964,UNKNOWN,SAHABAT SAWIT ROKAN SEJAHTERA,SAHABAT SAWIT ROKAN SEJAHTERA,1.368619,100.51954,45,Operating,2023,"Establishment year based off secondary sources (e.g. website, corporate report, etc)",ROKAN HILIR,ID-1409,RIAU
M-01506,PO1000016966,SIN TEK HUAT,AGRINDO PANCA TUNGGAL PERKASA,AGRINDO PANCA TUNGGAL PERKASA,-2.36778,102.78979,30,Operating,2024,"Establishment year based off secondary sources (e.g. website, corporate report, etc)",SAROLANGUN,ID-1503,JAMBI
M-01507,PO1000016968,LAMBANG AGRO PLANTATION,BINTANG PERMATA KHATULISTIWA,BINTANG PERMATA KHATULISTIWA,-0.3882702,112.1533,45,Operating,2024,"Establishment year based off secondary sources (e.g. website, corporate report, etc)",SINTANG,ID-6107,KALIMANTAN BARAT
M-01508,PO1000016969,UNKNOWN,KURNIA MERANGIN BERJAYA,KURNIA MERANGIN BERJAYA,-2.18252,102.4709,90,Operating,2024,"Establishment year based off secondary sources (e.g. website, corporate report, etc)",MERANGIN,ID-1502,JAMBI
M-01509,PO1000016970,UNKNOWN,DALANTA MARSADA SUKSES,DALANTA MARSADA SUKSES,2.124846,98.29241,,Operating,2024,"Establishment year based off secondary sources (e.g. website, corporate report, etc)",TAPANULI TENGAH,ID-1204,SUMATERA UTARA
M-01510,PO1000016971,UNKNOWN,REJEKI ABADI SAMBOSAR,REJEKI ABADI SAMBOSAR,3.1331,98.97124,20,Operating,2024,"Establishment year based off secondary sources (e.g. website, corporate report, etc)",SIMALUNGUN,ID-1209,SUMATERA UTARA
M-01511,PO1000017030,POSCO INTERNATIONAL,BIO INTI AGRINDO,PKS 3,-7.04748,140.88334,90,Operating,2024,"Establishment year based off secondary sources (e.g. website, corporate report, etc)",MERAUKE,ID-9401,PAPUA
M-01512,PO1000017060,UNKNOWN,JULIPRIMA KENTJANA,JULIPRIMA KENTJANA,4.43314,95.917573,10,Operating,2024,"Establishment year based off secondary sources (e.g. website, corporate report, etc)",ACEH JAYA,ID-1116,ACEH
M-01513,PO1000017062,UNKNOWN,AGRO BORNEO MAS,AGRO BORNEO MAS,-2.37131,112.43637,,Operating,2024,"Establishment year based off secondary sources (e.g. website, corporate report, etc)",SERUYAN,ID-6208,KALIMANTAN TENGAH
M-01514,PO1000017063,UNKNOWN,MITRA MURATARA SEJAHTERA,MITRA MURATARA SEJAHTERA,-2.92282,102.77128,45,Operating,2024,"Establishment year based off secondary sources (e.g. website, corporate report, etc)",MUSI RAWAS UTARA,ID-1613,SUMATERA SELATAN
M-01515,PO1000017064,UNKNOWN,KASPARI AGRO SENTOSA,KASPARI AGRO SENTOSA,-1.783705,103.48869,45,Operating,2024,"Establishment year based off secondary sources (e.g. website, corporate report, etc)",MUARO JAMBI,ID-1505,JAMBI
M-01516,PO1000017065,UNKNOWN,SURYA LESTARI USAHA MANDIRI,SURYA LESTARI USAHA MANDIRI,-2.17854,102.82248,30,Operating,2024,"Establishment year based off secondary sources (e.g. website, corporate report, etc)",SAROLANGUN,ID-1503,JAMBI
M-01517,PO1000017067,BUMITAMA GUNAJAYA AGRO (BGA),BUMI AGRO PRIMA,BUMI AGRO PRIMA,-1.47594,113.94334,60,Operating,2024,"Establishment year based off secondary sources (e.g. website, corporate report, etc)",GUNUNG MAS,ID-6211,KALIMANTAN TENGAH
M-01518,PO1000017404,UNKNOWN,SURYA SAWIT MANDIRI,SURYA SAWIT MANDIRI,0.6337463,100.60071,10,Operating,2024,"Establishment year based off secondary sources (e.g. website, corporate report, etc)",ROKAN HULU,ID-1407,RIAU
M-01519,PO1000017402,UNKNOWN,SUMATERA KARYA AGRO,SUMATERA KARYA AGRO,0.76413,100.49836,45,Operating,2024,"Establishment year based off secondary sources (e.g. website, corporate report, etc)",ROKAN HULU,ID-1407,RIAU
M-01520,PO1000017406,UNKNOWN,HAMPARAN KEMILAU INDAH,HAMPARAN KEMILAU INDAH,0.59589,99.20057,60,Operating,2024,"Establishment year based off secondary sources (e.g. website, corporate report, etc)",MANDAILING NATAL,ID-1202,SUMATERA UTARA
M-01521,PO1000017398,DILLAH,MADINRA INTI SAWIT,MADINRA INTI SAWIT,-4.284464,121.61544,45,Operating,2023,"Establishment year based off secondary sources (e.g. website, corporate report, etc)",KOLAKA,ID-7404,SULAWESI TENGGARA
M-01522,PO1000017930,UNKNOWN,SAWIT PERMAI PRATAMA,SAWIT PERMAI PRATAMA,-1.67584,121.91041,,Operating,2023,"Establishment year based off secondary sources (e.g. website, corporate report, etc)",MOROWALI UTARA,ID-7212,SULAWESI TENGAH
M-01523,PO1000016538,SK PLUS,PERMATA TIMUR LESTARI,PUNDU,-1.95784,113.10061,60,Operating,2023,"Establishment year based off secondary sources (e.g. website, corporate report, etc)",KOTAWARINGIN TIMUR,ID-6202,KALIMANTAN TENGAH
M-01524,PO1000017731,ANDALAN ENERGI AGRO,PERMATA LESTARI JAYA,PERMATA LESTARI JAYA,0.94409,111.21663,40,Operating,2024,"Establishment year based off secondary sources (e.g. website, corporate report, etc)",SINTANG,ID-6107,KALIMANTAN BARAT
M-01525,PO1000017931,UNKNOWN,MITRA ANDALAN SAWIT,MITRA ANDALAN SAWIT,-2.20267,119.21682,45,Operating,2024,"Establishment year based off secondary sources (e.g. website, corporate report, etc)",MAMUJU TENGAH,ID-7606,SULAWESI BARAT
M-01526,PO1000017396,UNKNOWN,KARYA ALAM PERDANA,KARYA ALAM PERDANA,-4.29589,122.11729,45,Operating,2024,"Establishment year based off secondary sources (e.g. website, corporate report, etc)",KONAWE SELATAN,ID-7405,SULAWESI TENGGARA
M-01527,PO1000017988,MAC SHIP HOLDING PTE LTD,RANTAU AGRONUSA SEJAHTERA,RANTAU AGRONUSA SEJAHTERA,0.45201,101.18079,30,Operating,2024,"Establishment year based off secondary sources (e.g. website, corporate report, etc)",KAMPAR,ID-1406,RIAU
M-01528,NA,ROYAL GOLDEN EAGLE,TUNGGAL YUNUS ESTATE,KAMPAR,0.40782,101.22607,45,Operating,2024,"Establishment year based off secondary sources (e.g. website, corporate report, etc)",KAMPAR,ID-1406,RIAU
M-01529,NA,BEST INDUSTRY,KARYA LUHUR SEJATI,KARYA LUHUR SEJATI,-3.31215,113.86923,120,Operating,2024,"Establishment year based off secondary sources (e.g. website, corporate report, etc)",PULANG PISAU,ID-6210,KALIMANTAN TENGAH
M-01530,PO1000018007,UNKNOWN,BANKA AGRO PLANTARI,BANKA AGRO PLANTARI,-2.72367,106.20891,45,Operating,2024,"Establishment year based off secondary sources (e.g. website, corporate report, etc)",BANGKA SELATAN,ID-1905,KEP. BANGKA BELITUNG
M-01531,PO1000017932,ERAKARYA,ERAKARYA MUKTI JAYA,ERAKARYA MUKTI JAYA,1.84665,100.96378,45,Operating,2024,"Establishment year based off secondary sources (e.g. website, corporate report, etc)",ROKAN HILIR,ID-1409,RIAU
M-01532,NA,UNKNOWN,JAYA PRATAMA SAWIT,JAYA PRATAMA SAWIT,3.089775,99.59913,15,Operating,2021,"Establishment year based off secondary sources (e.g. website, corporate report, etc)",BATU BARA,ID-1219,SUMATERA UTARA
M-01533,NA,GENTING PLANTATIONS,UNITED AGRO INDONESIA,UNITED AGRO INDONESIA,-2.548423,114.69563,80,Operating,2024,"Establishment year based off secondary sources (e.g. website, corporate report, etc)",KAPUAS,ID-6203,KALIMANTAN TENGAH
M-01534,NA,UNKNOWN,BUKIT KUANSING PERMAI,CENGAR,-0.7262942,101.511514,,Operating,2024,"Establishment year based off secondary sources (e.g. website, corporate report, etc)",KUANTAN SINGINGI,ID-1401,RIAU
M-01535,NA,INDOGUNTA,RIMBUN SAWIT PAPUA,RIMBUN SAWIT PAPUA,-2.915441,133.04879,60,Operating,2024,"Establishment year based off secondary sources (e.g. website, corporate report, etc)",FAKFAK,ID-9101,PAPUA BARAT
M-01536,PO1000018005,ADR,SRIGUNUNG INTI AGRO PERSADA,SRIGUNUNG INTI AGRO PERSADA,-2.47066,103.98856,45,Operating,2023,"Establishment year based off secondary sources (e.g. website, corporate report, etc)",MUSI BANYUASIN,ID-1606,SUMATERA SELATAN
M-01537,NA,UNKNOWN,INTI SAWIT GEMILANG,INTI SAWIT GEMILANG,1.238714,109.39038,5,Operating,2024,"Establishment year based off secondary sources (e.g. website, corporate report, etc)",SAMBAS,ID-6101,KALIMANTAN BARAT
M-01538,PO1000017678,UNKNOWN,HILTON DUTA LESTARI,HILTON DUTA LESTARI,0.57462,109.3325,30,Operating,2024,"Establishment year based off secondary sources (e.g. website, corporate report, etc)",LANDAK,ID-6103,KALIMANTAN BARAT
M-01539,NA,UNKNOWN,CAHAYA LESTARI SAWITA,CAHAYA LESTARI SAWITA,-0.441293,102.45175,20,Operating,2024,"Establishment year based off secondary sources (e.g. website, corporate report, etc)",INDRAGIRI HULU,ID-1402,RIAU
M-01540,NA,UNKNOWN,RAMBAH SAWIT MANDIRI,RAMBAH SAWIT MANDIRI,0.818173,100.43571,45,Operating,2024,"Establishment year based off secondary sources (e.g. website, corporate report, etc)",ROKAN HULU,ID-1407,RIAU
M-01541,PO1000017999,UNKNOWN,SUKSES INTI PALMA,SUKSES INTI PALMA 2,-1.713532,103.711845,60,Operating,2024,"Establishment year based off secondary sources (e.g. website, corporate report, etc)",MUARO JAMBI,ID-1505,JAMBI
M-01542,NA,UNKNOWN,PESONA SAWIT MAKMUR,PESONA SAWIT MAKMUR,-4.5319703,104.473769,45,Operating,2025,"Establishment year based off secondary sources (e.g. website, corporate report, etc)",WAY KANAN,ID-1807,LAMPUNG
M-01543,NA,UNKNOWN,SUBUR BERKAH LESTARI,SUBUR BERKAH LESTARI,-0.43841,101.61169,45,Operating,2025,"Establishment year based off secondary sources (e.g. website, corporate report, etc)",KUANTAN SINGINGI,ID-1401,RIAU
M-01544,NA,UNKNOWN,PALMA LESTARI PUTRA BORNEO,PALMA LESTARI PUTRA BORNEO,-1.8685253,110.651571,,Operating,2025,"Establishment year based off secondary sources (e.g. website, corporate report, etc)",KETAPANG,ID-6106,KALIMANTAN BARAT
M-01545,NA,SUMBER TANI AGUNG (STA),FLORA NUSA PERDANA,FLORA NUSA PERDANA,-1.4964884,113.664381,60,Operating,2024,"Establishment year based off secondary sources (e.g. website, corporate report, etc)",GUNUNG MAS,ID-6211,KALIMANTAN TENGAH
M-01546,PO1000017677,NUSANTARA SAWIT SEJAHTERA (NSS),BORNEO SAWIT PERDANA,JEMARAS,-2.212381,113.011429,60,Operating,2023,"Establishment year based off secondary sources (e.g. website, corporate report, etc)",KOTAWARINGIN TIMUR,ID-6202,KALIMANTAN TENGAH
M-01547,PO1000017934,SIPEF,AGRO MUARA RUPIT,AGRO MUARA RUPIT,-2.606119,102.86326,45,Operating,2024,"Establishment year based off secondary sources (e.g. website, corporate report, etc)",MUSI RAWAS UTARA,ID-1613,SUMATERA SELATAN
M-01548,PO1000017935,UNKNOWN,NAGA BULAN,NAGA BULAN,3.2724054,99.100924,,Operating,2021,"Establishment year based off secondary sources (e.g. website, corporate report, etc)",SERDANG BEDAGAI,ID-1218,SUMATERA UTARA
M-01549,PO1000017938,BUMITAMA GUNAJAYA AGRO (BGA),LESTARI GEMILANG INTISAWIT,BENGKIRAI JAYA,-1.5531336,110.604647,40,Operating,2024,"Establishment year based off secondary sources (e.g. website, corporate report, etc)",KETAPANG,ID-6106,KALIMANTAN BARAT
M-01550,PO1000018000,UNKNOWN,UJUNG TANJUNG SEJAHTERA,UJUNG TANJUNG SEJAHTERA,1.6231307,101.0498,30,Operating,2024,"Establishment year based off secondary sources (e.g. website, corporate report, etc)",ROKAN HILIR,ID-1409,RIAU
M-01551,PO1000018001,UNKNOWN,TAMA BUANA JAYA,TAMA BUANA JAYA,-2.8390212,106.46534,45,Operating,2024,"Establishment year based off secondary sources (e.g. website, corporate report, etc)",BANGKA SELATAN,ID-1905,KEP. BANGKA BELITUNG
M-01552,PO1000018003,UNKNOWN,TARO RAKAYA TASYRA,TARO RAKAYA TASYRA,0.4219229,101.68544,,Operating,2024,"Establishment year based off secondary sources (e.g. website, corporate report, etc)",PELALAWAN,ID-1404,RIAU
M-01553,PO1000018004,UNKNOWN,BERLIAN NUSANTARA PERKASA,PENAWAI,-0.6928851,116.214188,,Operating,2024,"Establishment year based off secondary sources (e.g. website, corporate report, etc)",KUTAI BARAT,ID-6402,KALIMANTAN TIMUR
M-01554,PO1000018006,UNKNOWN,TENERA SERGAI PERKASA,TENERA SERGAI PERKASA,3.1702382,99.016083,,Operating,2024,"Establishment year based off secondary sources (e.g. website, corporate report, etc)",SERDANG BEDAGAI,ID-1218,SUMATERA UTARA
M-01555,PO1000018008,UNKNOWN,PORMAN ANUGERAH SEJATI,PORMAN ANUGERAH SEJATI,-1.4208013,102.71939,30,Operating,2024,"Establishment year based off secondary sources (e.g. website, corporate report, etc)",TEBO,ID-1508,JAMBI
M-01556,NA,UNKNOWN,MITRA SAWIT PERKASA,MITRA SAWIT PERKASA,1.8807109,100.130774,30,Operating,2025,"Establishment year based off secondary sources (e.g. website, corporate report, etc)",LABUHAN BATU SELATAN,ID-1222,SUMATERA UTARA
M-01557,PO1000016533,UNKNOWN,BINA AGRO TANI,BINA AGRO TANI,-2.8089664,107.805266,60,Operating,2024,"Establishment year based off secondary sources (e.g. website, corporate report, etc)",BELITUNG,ID-1902,KEP. BANGKA BELITUNG
M-01558,NA,UNKNOWN,SINERGI INTEGRITAS AGROINDUSTRI,SINERGI INTEGRITAS AGROINDUSTRI,1.680715,100.442019,45,Operating,2024,"Establishment year based off secondary sources (e.g. website, corporate report, etc)",ROKAN HILIR,ID-1409,RIAU
M-01559,NA,UNKNOWN,MAKMUR PRIMA LESTARI,MAKMUR PRIMA LESTARI,0.02282,111.0162,60,Operating,2025,"Establishment year based off secondary sources (e.g. website, corporate report, etc)",SEKADAU,ID-6109,KALIMANTAN BARAT
M-01560,NA,UNKNOWN,ALAM SELATAN MANDIRI,ALAM SELATAN MANDIRI,-1.845462,110.41008,,Operating,2024,"Establishment year based off secondary sources (e.g. website, corporate report, etc)",KETAPANG,ID-6106,KALIMANTAN BARAT
M-01561,NA,UNKNOWN,TUJUH SERANGKAI SAWIT PERDANA,TUJUH SERANGKAI SAWIT PERDANA,1.8492832,100.15496,,Operating,2024,"Establishment year based off secondary sources (e.g. website, corporate report, etc)",LABUHAN BATU SELATAN,ID-1222,SUMATERA UTARA
M-01562,NA,UNKNOWN,KARYA INTI TANI,KARYA INTI TANI,-4.042939,104.150667,45,Operating,2024,"Establishment year based off secondary sources (e.g. website, corporate report, etc)",OGAN KOMERING ULU,ID-1601,SUMATERA SELATAN
M-01563,NA,UNKNOWN,SELUMA SAWIT LESTARI,SELUMA SAWIT LESTARI,-3.950869,102.44124,45,Operating,2024,"Establishment year based off secondary sources (e.g. website, corporate report, etc)",SELUMA,ID-1705,BENGKULU
M-01564,NA,SK PLUS,PERKASA SAWIT PERMAI,PERKASA SAWIT PERMAI,-1.06878,115.04356,,Operating,2024,"Establishment year based off secondary sources (e.g. website, corporate report, etc)",BARITO UTARA,ID-6205,KALIMANTAN TENGAH
M-01565,NA,CITRA BORNEO INDAH (CBI),BORNEO SAWIT GEMILANG,BORNEO SAWIT GEMILANG,-3.0258329,114.13263,60,Operating,2024,"Establishment year based off secondary sources (e.g. website, corporate report, etc)",PULANG PISAU,ID-6210,KALIMANTAN TENGAH
M-01566,NA,UNKNOWN,PETAPAHAN MAKMUR JAYA,PETAPAHAN MAKMUR JAYA,0.67446,101.05027,3,Operating,2024,"Establishment year based off secondary sources (e.g. website, corporate report, etc)",KAMPAR,ID-1406,RIAU
M-01567,NA,UNKNOWN,BENSULI ASAM SAWIT,BENSULI ASAM SAWIT,1.783941,100.179193,15,Operating,2023,"Establishment year based off secondary sources (e.g. website, corporate report, etc)",LABUHAN BATU SELATAN,ID-1222,SUMATERA UTARA
M-01568,NA,UNKNOWN,TRI CAHAYA SAWIT,TRI CAHAYA SAWIT,3.094408,99.30676,15,Operating,2023,"Establishment year based off secondary sources (e.g. website, corporate report, etc)",SIMALUNGUN,ID-1209,SUMATERA UTARA
M-01569,NA,UNKNOWN,SENTANA KARYA BERSAMA,SENTANA KARYA BERSAMA,0.44336,101.57035,10,Operating,2024,"Establishment year based off secondary sources (e.g. website, corporate report, etc)",KAMPAR,ID-1406,RIAU
M-01570,NA,UNKNOWN,LUBUK SAWTINDO SEJAHTERA,LUBUK SAWTINDO SEJAHTERA,0.46236,101.1725,20,Operating,2024,"Establishment year based off secondary sources (e.g. website, corporate report, etc)",KAMPAR,ID-1406,RIAU
M-01571,NA,UNKNOWN,AGUNG PERMAI SAWITA,AGUNG PERMAI SAWITA,1.37122,100.35416,8,Operating,2024,"Establishment year based off secondary sources (e.g. website, corporate report, etc)",ROKAN HULU,ID-1407,RIAU
M-01572,NA,GAGAH PUTERA SATRIA (GPS),KUMAI SENTOSA,KUMAI SENTOSA,-3.27331,111.82326,45,Operating,2024,"Establishment year based off secondary sources (e.g. website, corporate report, etc)",KOTAWARINGIN BARAT,ID-6201,KALIMANTAN TENGAH
M-01573,PO1000017927,KARYA PLANTATION,BERAU KARETINDO LESTARI,BERAU KARETINDO LESTARI,2.308032,117.01722,45,Operating,2024,"Establishment year based off secondary sources (e.g. website, corporate report, etc)",BERAU,ID-6405,KALIMANTAN TIMUR
M-01574,NA,WINGS AGRO,INDOPENTA SEJAHTERA ABADI,TAMIYANG LAYANG,-2.133749,114.99347,60,Operating,2024,"Establishment year based off secondary sources (e.g. website, corporate report, etc)",BARITO TIMUR,ID-6212,KALIMANTAN TENGAH
M-01575,NA,UNKNOWN,BAGAN CITRA LESTARI,BAGAN CITRA LESTARI,1.68046,100.48639,5,Operating,2023,"Establishment year based off secondary sources (e.g. website, corporate report, etc)",ROKAN HILIR,ID-1409,RIAU
M-01576,NA,UNKNOWN,BAGAN MULTI SAWIT,BAGAN MULTI SAWIT,1.69323,100.53559,,Operating,2024,"Establishment year based off secondary sources (e.g. website, corporate report, etc)",ROKAN HILIR,ID-1409,RIAU
M-01577,PO1000017395,SK PLUS,PERMATA TIMUR LESTARI,BANGKAL,-2.53469,112.47905,60,Operating,2024,"Establishment year based off secondary sources (e.g. website, corporate report, etc)",SERUYAN,ID-6208,KALIMANTAN TENGAH
M-01578,NA,UNKNOWN,CAHAYA GEMILANG SAWIT,CAHAYA GEMILANG SAWIT,0.0153286,117.370515,,Operating,2024,"Establishment year based off secondary sources (e.g. website, corporate report, etc)",KUTAI KARTANEGARA,ID-6403,KALIMANTAN TIMUR
M-01579,PO1000016184,UNKNOWN,SUMATERA PALMA ANDALAN,PKS 2,-3.29389,103.28137,60,Operating,2025,"Establishment year based off secondary sources (e.g. website, corporate report, etc)",MUSI RAWAS,ID-1605,SUMATERA SELATAN
M-01580,NA,UNKNOWN,SINERGI INTI MAKMUR,SINERGI INTI MAKMUR,-0.43676,101.38769,45,Operating,2025,"Establishment year based off secondary sources (e.g. website, corporate report, etc)",KUANTAN SINGINGI,ID-1401,RIAU
M-01581,NA,KRISTON AGRO,TUMPUAN,TUMPUAN,1.29039,101.05435,20,Operating,2024,"Establishment year based off secondary sources (e.g. website, corporate report, etc)",BENGKALIS,ID-1408,RIAU
M-01582,NA,UNKNOWN,GEMILANG BERSAMA UTAMA,GEMILANG BERSAMA UTAMA,-1.74959,103.88255,30,Operating,2025,"Establishment year based off secondary sources (e.g. website, corporate report, etc)",MUARO JAMBI,ID-1505,JAMBI
M-01583,NA,UNKNOWN,TETAP JAYA LESTARI,TETAP JAYA LESTARI,3.762148,98.48915,15,Operating,2020,"Establishment year based off secondary sources (e.g. website, corporate report, etc)",LANGKAT,ID-1213,SUMATERA UTARA
M-01584,NA,UNKNOWN,BENSULI SALAM MAKMUR,BENSULI SALAM MAKMUR,2.6330133,98.034869,15,Operating,2023,"Establishment year based off secondary sources (e.g. website, corporate report, etc)",SUBULUSSALAM (KOTA),ID-1175,ACEH
M-01585,NA,UNKNOWN,MUTIARA SAWIT SELUMA,SENDAWAR,-4.2459397,102.764669,30,Operating,2025,"Establishment year based off secondary sources (e.g. website, corporate report, etc)",SELUMA,ID-1705,BENGKULU
M-01586,NA,UNKNOWN,SELUMA SAWIT MANDIRI,SELUMA SAWIT MANDIRI,-4.2299742,102.755172,45,Operating,2025,"Establishment year based off secondary sources (e.g. website, corporate report, etc)",SELUMA,ID-1705,BENGKULU
M-01588,NA,UNKNOWN,BERKAT BUMI SAWIT,BERKAT BUMI SAWIT,-3.3444226,102.11437,45,Operating,2025,"Establishment year based off secondary sources (e.g. website, corporate report, etc)",BENGKULU UTARA,ID-1703,BENGKULU
M-01589,NA,UNKNOWN,HOLI PALMA,HOLI PALMA,4.0544,98.130222,30,Operating,2022,"Establishment year based off secondary sources (e.g. website, corporate report, etc)",LANGKAT,ID-1213,SUMATERA UTARA
M-01590,NA,SUPERVENTURE,MANDIRI SAWIT BERSAMA,MSB 2,2.7194088,97.975928,45,Operating,2025,"Establishment year based off secondary sources (e.g. website, corporate report, etc)",SUBULUSSALAM (KOTA),ID-1175,ACEH
M-01591,NA,UNKNOWN,HARI TANI SAWIT,HARI TANI SAWIT,1.95934,99.87522,,Operating,2024,"Establishment year based off secondary sources (e.g. website, corporate report, etc)",LABUHAN BATU,ID-1207,SUMATERA UTARA
M-01592,NA,UNKNOWN,FAJAR RIAU LESTARI,FAJAR RIAU LESTARI,-0.40403,101.64196,20,Operating,2023,"Establishment year based off secondary sources (e.g. website, corporate report, etc)",KUANTAN SINGINGI,ID-1401,RIAU
M-01593,NA,UNKNOWN,BANGUNAN RAHMAT,BANGUNAN RAHMAT,0.41889,99.38987,,Operating,2024,"Establishment year based off secondary sources (e.g. website, corporate report, etc)",PASAMAN BARAT,ID-1312,SUMATERA BARAT
M-01594,NA,UNKNOWN,DOTON PUTRA KANDIS,DOTON PUTRA KANDIS,1.01137,101.27404,,Operating,2024,"Establishment year based off secondary sources (e.g. website, corporate report, etc)",SIAK,ID-1405,RIAU
M-01595,NA,SUNGAI BUDI,RAJA PALMA,RAJA PALMA,-2.22071,104.5266,,Operating,2024,"Establishment year based off secondary sources (e.g. website, corporate report, etc)",MUSI BANYUASIN,ID-1606,SUMATERA SELATAN
M-01596,NA,UNKNOWN,ALAM SAWIT INDO,ALAM SAWIT INDO,4.78378,97.8037,25,Operating,2025,"Establishment year based off secondary sources (e.g. website, corporate report, etc)",ACEH TIMUR,ID-1105,ACEH
M-01597,PO1000017397,UNKNOWN,KUTAI SAWIT MANDIRI,KUTAI SAWIT MANDIRI,1.30145,117.06356,80,Operating,2024,"Establishment year based off secondary sources (e.g. website, corporate report, etc)",KUTAI TIMUR,ID-6404,KALIMANTAN TIMUR
M-01598,PO1000018002,SUBARNI,MON JAMBEE,MON JAMBEE 2,4.313285,96.178019,,Operating,2024,"Establishment year based off secondary sources (e.g. website, corporate report, etc)",ACEH BARAT,ID-1107,ACEH
M-01599,NA,UNKNOWN,BUKIT SUKSES MAKMUR,BUKIT SUKSES MAKMUR,1.77435,100.41882,,Operating,2024,"Establishment year based off secondary sources (e.g. website, corporate report, etc)",ROKAN HILIR,ID-1409,RIAU
M-01600,NA,UNKNOWN,TENERA INTI SAWIT,TENERA INTI SAWIT,0.9522392,100.9978,30,Operating,2025,"Establishment year based off secondary sources (e.g. website, corporate report, etc)",KAMPAR,ID-1406,RIAU
M-01601,NA,UNKNOWN,ZAITUN NUSANTARA OIL,ZAITUN NUSANTARA OIL,4.5561113,97.926012,,Operating,2025,"Establishment year based off secondary sources (e.g. website, corporate report, etc)",ACEH TIMUR,ID-1105,ACEH
M-01602,NA,KALIMANTAN AGRO SEJAHTERA (KAS),BORNEO CITRA PERSADA MANDIRI,BORNEO CITRA PERSADA MANDIRI,-0.68496212,115.78866,,Operating,2025,"Establishment year based off secondary sources (e.g. website, corporate report, etc)",KUTAI BARAT,ID-6402,KALIMANTAN TIMUR
M-01603,NA,UNKNOWN,PALMDALE AGROASIA LESTARI MAKMUR,PALMDALE AGROASIA LESTARI MAKMUR,-0.02568856,109.7695631,60,Operating,2023,"Establishment year based off secondary sources (e.g. website, corporate report, etc)",KUBU RAYA,ID-6112,KALIMANTAN BARAT
M-01604,NA,TIANJIN JULONG,AGRO GADING SEJAHTERA,AGRO GADING SEJAHTERA,-4.5480882,104.1461679,,Operating,2024,"Establishment year based off secondary sources (e.g. website, corporate report, etc)",OGAN KOMERING ULU SELATAN,ID-1608,SUMATERA SELATAN
M-01605,NA,UNKNOWN,KAKAK ADE PADANG PARIAMAN BERKAH,KAPABE MILL,-0.71991081,100.271551,10,Operating,2024,"Establishment year based off secondary sources (e.g. website, corporate report, etc)",PADANG PARIAMAN,ID-1306,SUMATERA BARAT
M-01606,NA,UNKNOWN,PERMAI ALAM RAYA,PERMAI ALAM RAYA,0.82848,110.5125,,Operating,2024,"Establishment year based off secondary sources (e.g. website, corporate report, etc)",SANGGAU,ID-6105,KALIMANTAN BARAT
M-01607,PO1000018009,UNKNOWN,PESONA SAWIT ABADI,PESONA SAWIT ABADI,1.7621929,117.967366,45,Operating,2025,"Establishment year based off secondary sources (e.g. website, corporate report, etc)",BERAU,ID-6405,KALIMANTAN TIMUR
